Node;Process;Thread;#max_time_on_cpu_s;#Stop Time US;Time (s);Math (%);#Elapsed Time;String (%);#Stop Time S;Others (%);System (%);#Start Time US;Memory (%);OMP (%);Binary (%);Nb Cycle Events;#max_context_switch_time_s;IO (%);#Start Time S;MPI (%);Pthread (%);
_ALL;_ALL;_ALL;0;381349;13.806607246399;0;13.806607246399;0;1742725373;0.10814707791041;0.036049024970724;574742;0;0;99.855799306825;2774.0001312438;0;0;1742725359;0;0;
MathieuMint;_ALL;_ALL;0;381349;13.806607246399;0;13.806607246399;0;1742725373;0.10814707791041;0.036049024970724;574742;0;0;99.855799306825;2774.0001312438;0;0;1742725359;0;0;
MathieuMint;5338;_ALL;0;381349;13.806607246399;0;13.806607246399;0;1742725373;0.10814707791041;0.036049024970724;574742;0;0;99.855799306825;2774.0001312438;0;0;1742725359;0;0;
MathieuMint;5338;5338;13.79780960083;381349;13.806607246399;0;13.806607246399;0;1742725373;0.10814707791041;0.036049024970724;574742;0;0;99.855799306825;2774.0001312438;13.79780960083;0;1742725359;0;0;
