Node;Process;Thread;#max_time_on_cpu_s;#Stop Time US;Time (s);Math (%);#Elapsed Time;String (%);#Stop Time S;Others (%);System (%);#Start Time US;Memory (%);OMP (%);Binary (%);Nb Cycle Events;#max_context_switch_time_s;IO (%);#Start Time S;MPI (%);Pthread (%);
_ALL;_ALL;_ALL;0;33092;13.806896209717;0;13.806896209717;0;1742726808;0.036075030353377;0.036075030353377;226196;0;0;99.927842632934;2772.0004396514;0;0;1742726794;0;0;
MathieuMint;_ALL;_ALL;0;33092;13.806896209717;0;13.806896209717;0;1742726808;0.036075030353377;0.036075030353377;226196;0;0;99.927842632934;2772.0004396514;0;0;1742726794;0;0;
MathieuMint;7089;_ALL;0;33092;13.806896209717;0;13.806896209717;0;1742726808;0.036075030353377;0.036075030353377;226196;0;0;99.927842632934;2772.0004396514;0;0;1742726794;0;0;
MathieuMint;7089;7089;8.3835477828979;33092;13.806896209717;0;13.806896209717;0;1742726808;0.036075030353377;0.036075030353377;226196;0;0;99.927842632934;2772.0004396514;8.3835477828979;0;1742726794;0;0;
