Node;Process;Thread;#max_time_on_cpu_s;#Stop Time US;Time (s);Math (%);#Elapsed Time;String (%);#Stop Time S;Others (%);System (%);#Start Time US;Memory (%);OMP (%);Binary (%);Nb Cycle Events;#max_context_switch_time_s;IO (%);#Start Time S;MPI (%);Pthread (%);
_ALL;_ALL;_ALL;0;623965;6.9330730438232;0;6.9330730438232;0;1742731354;0.071994240650173;0;690892;0;0;99.928007840153;1388.9999963457;0;0;1742731347;0;0;
MathieuMint;_ALL;_ALL;0;623965;6.9330730438232;0;6.9330730438232;0;1742731354;0.071994240650173;0;690892;0;0;99.928007840153;1388.9999963457;0;0;1742731347;0;0;
MathieuMint;13082;_ALL;0;623965;6.9330730438232;0;6.9330730438232;0;1742731354;0.071994240650173;0;690892;0;0;99.928007840153;1388.9999963457;0;0;1742731347;0;0;
MathieuMint;13082;13082;3.8625731468201;623965;6.9330730438232;0;6.9330730438232;0;1742731354;0.071994240650173;0;690892;0;0;99.928007840153;1388.9999963457;3.8625731468201;0;1742731347;0;0;
