Node;Process;Thread;#max_time_on_cpu_s;#Stop Time US;Time (s);Math (%);#Elapsed Time;String (%);#Stop Time S;Others (%);System (%);#Start Time US;Memory (%);OMP (%);Binary (%);Nb Cycle Events;#max_context_switch_time_s;IO (%);#Start Time S;MPI (%);Pthread (%);
_ALL;_ALL;_ALL;0;252825;13.807750701904;0;13.807750701904;0;1742726694;0.036023043847597;0;445074;0;0;99.963976062416;2776.0008405473;0;0;1742726680;0;0;
MathieuMint;_ALL;_ALL;0;252825;13.807750701904;0;13.807750701904;0;1742726694;0.036023043847597;0;445074;0;0;99.963976062416;2776.0008405473;0;0;1742726680;0;0;
MathieuMint;6943;_ALL;0;252825;13.807750701904;0;13.807750701904;0;1742726694;0.036023043847597;0;445074;0;0;99.963976062416;2776.0008405473;0;0;1742726680;0;0;
MathieuMint;6943;6943;12.312397956848;252825;13.807750701904;0;13.807750701904;0;1742726694;0.036023043847597;0;445074;0;0;99.963976062416;2776.0008405473;12.312397956848;0;1742726680;0;0;
