block_id;module;source_info;time_p;time_s;time_s_min;time_s_avg;time_s_max;cov_deviation;time_deviation;nb_threads;flops;
37;measure;kernel.c:52-53;97.583839416504;13.473368644714;13.47336769104;13.47336769104;13.47336769104;0;0;1;;
39;measure;kernel.c:52-53;2.3079695701599;0.31866058707237;0.31866058707237;0.31866058707237;0.31866058707237;0;0;1;;
33;measure;kernel.c:51-51;0.036062024533749;0.0049790716730058;0.0049790716730058;0.0049790716730058;0.0049790716730058;0;0;1;;
