Node;Process;Thread;#max_time_on_cpu_s;#Stop Time US;Time (s);Math (%);#Elapsed Time;String (%);#Stop Time S;Others (%);System (%);#Start Time US;Memory (%);OMP (%);Binary (%);Nb Cycle Events;#max_context_switch_time_s;IO (%);#Start Time S;MPI (%);Pthread (%);
_ALL;_ALL;_ALL;0;456129;13.806986808777;0;13.806986808777;0;1742724286;0.036062022176471;0;649142;0;0;99.963937875867;2773.0003467538;0;0;1742724272;0;0;
MathieuMint;_ALL;_ALL;0;456129;13.806986808777;0;13.806986808777;0;1742724286;0.036062022176471;0;649142;0;0;99.963937875867;2773.0003467538;0;0;1742724272;0;0;
MathieuMint;4141;_ALL;0;456129;13.806986808777;0;13.806986808777;0;1742724286;0.036062022176471;0;649142;0;0;99.963937875867;2773.0003467538;0;0;1742724272;0;0;
MathieuMint;4141;4141;13.412563323975;456129;13.806986808777;0;13.806986808777;0;1742724286;0.036062022176471;0;649142;0;0;99.963937875867;2773.0003467538;13.412563323975;0;1742724272;0;0;
