Node;Process;Thread;#max_time_on_cpu_s;#Stop Time US;Time (s);Math (%);#Elapsed Time;String (%);#Stop Time S;Others (%);System (%);#Start Time US;Memory (%);OMP (%);Binary (%);Nb Cycle Events;#max_context_switch_time_s;IO (%);#Start Time S;MPI (%);Pthread (%);
_ALL;_ALL;_ALL;0;316943;6.9365949630737;0;6.9365949630737;0;1742731465;0.21598273996356;0;380348;0;0;99.784017833578;1388.9998805025;0;0;1742731458;0;0;
MathieuMint;_ALL;_ALL;0;316943;6.9365949630737;0;6.9365949630737;0;1742731465;0.21598273996356;0;380348;0;0;99.784017833578;1388.9998805025;0;0;1742731458;0;0;
MathieuMint;14100;_ALL;0;316943;6.9365949630737;0;6.9365949630737;0;1742731465;0.21598273996356;0;380348;0;0;99.784017833578;1388.9998805025;0;0;1742731458;0;0;
MathieuMint;14100;14100;4.728796005249;316943;6.9365949630737;0;6.9365949630737;0;1742731465;0.21598273996356;0;380348;0;0;99.784017833578;1388.9998805025;4.728796005249;0;1742731458;0;0;
