loop_id;module;function_name;function_id;source_info;level;inc_time_p;inc_time_s;inc_time_s_min;inc_time_s_avg;inc_time_s_max;inc_cov_deviation;inc_time_deviation;exc_time_p;exc_time_s;exc_time_s_min;exc_time_s_avg;exc_time_s_max;exc_cov_deviation;exc_time_deviation;nb_threads;flops;
2;measure;kernel;6;kernel.c:52-53;Innermost;96.97624206543;6.7268490791321;6.7268490791321;6.7268490791321;6.7268490791321;0;0;96.97624206543;6.7268490791321;6.7268490791321;6.7268490791321;6.7268490791321;0;0;1;;
1;measure;kernel;6;kernel.c:52-53;Innermost;2.7357814311981;0.18977008759975;0.18977007269859;0.18977007269859;0.18977007269859;0;0;2.7357814311981;0.18977008759975;0.18977007269859;0.18977007269859;0.18977007269859;0;0;1;;
0;measure;kernel;6;kernel.c:51-52;Outermost;99.78401184082;6.921612739563;6.9216132164001;6.9216132164001;6.9216132164001;0;0;0.071994245052338;0.004993949085474;0.004993949085474;0.004993949085474;0.004993949085474;0;0;1;;
