block_id;module;source_info;time_p;time_s;time_s_min;time_s_avg;time_s_max;cov_deviation;time_deviation;nb_threads;flops;
37;measure;kernel.c:52-53;96.97624206543;6.7268490791321;6.7268490791321;6.7268490791321;6.7268490791321;0;0;1;;
39;measure;kernel.c:52-53;2.7357814311981;0.18977008759975;0.18977007269859;0.18977007269859;0.18977007269859;0;0;1;;
36;measure;kernel.c:51-51;0.071994245052338;0.004993949085474;0.004993949085474;0.004993949085474;0.004993949085474;0;0;1;;
