Node;Process;Thread;#max_time_on_cpu_s;#Stop Time US;Time (s);Math (%);#Elapsed Time;String (%);#Stop Time S;Others (%);System (%);#Start Time US;Memory (%);OMP (%);Binary (%);Nb Cycle Events;#max_context_switch_time_s;IO (%);#Start Time S;MPI (%);Pthread (%);
_ALL;_ALL;_ALL;0;204286;13.807883262634;0;13.807883262634;0;1742727171;0.108147083246;0;396403;0;0;99.891860161825;2773.9999174791;0;0;1742727157;0;0;
MathieuMint;_ALL;_ALL;0;204286;13.807883262634;0;13.807883262634;0;1742727171;0.108147083246;0;396403;0;0;99.891860161825;2773.9999174791;0;0;1742727157;0;0;
MathieuMint;7518;_ALL;0;204286;13.807883262634;0;13.807883262634;0;1742727171;0.108147083246;0;396403;0;0;99.891860161825;2773.9999174791;0;0;1742727157;0;0;
MathieuMint;7518;7518;9.009183883667;204286;13.807883262634;0;13.807883262634;0;1742727171;0.108147083246;0;396403;0;0;99.891860161825;2773.9999174791;9.009183883667;0;1742727157;0;0;
