Node;Process;Thread;#max_time_on_cpu_s;#Stop Time US;Time (s);Math (%);#Elapsed Time;String (%);#Stop Time S;Others (%);System (%);#Start Time US;Memory (%);OMP (%);Binary (%);Nb Cycle Events;#max_context_switch_time_s;IO (%);#Start Time S;MPI (%);Pthread (%);
_ALL;_ALL;_ALL;0;540293;6.9730348587036;0;6.9730348587036;0;1742731437;0.071684588116406;0;567258;0;0;99.928316726637;1394.9999941077;0;0;1742731430;0;0;
MathieuMint;_ALL;_ALL;0;540293;6.9730348587036;0;6.9730348587036;0;1742731437;0.071684588116406;0;567258;0;0;99.928316726637;1394.9999941077;0;0;1742731430;0;0;
MathieuMint;13289;_ALL;0;540293;6.9730348587036;0;6.9730348587036;0;1742731437;0.071684588116406;0;567258;0;0;99.928316726637;1394.9999941077;0;0;1742731430;0;0;
MathieuMint;13289;13289;5.8317461013794;540293;6.9730348587036;0;6.9730348587036;0;1742731437;0.071684588116406;0;567258;0;0;99.928316726637;1394.9999941077;5.8317461013794;0;1742731430;0;0;
