loop_id;module;function_name;function_id;source_info;level;inc_time_p;inc_time_s;inc_time_s_min;inc_time_s_avg;inc_time_s_max;inc_cov_deviation;inc_time_deviation;exc_time_p;exc_time_s;exc_time_s_min;exc_time_s_avg;exc_time_s_max;exc_cov_deviation;exc_time_deviation;nb_threads;flops;
2;measure;kernel;6;kernel.c:52-53;Innermost;97.491035461426;6.7980842590332;6.7980842590332;6.7980842590332;6.7980842590332;0;0;97.491035461426;6.7980842590332;6.7980842590332;6.7980842590332;6.7980842590332;0;0;1;;
1;measure;kernel;6;kernel.c:52-53;Innermost;2.3655915260315;0.16495352983475;0.16495352983475;0.16495352983475;0.16495352983475;0;0;2.3655915260315;0.16495352983475;0.16495352983475;0.16495352983475;0.16495352983475;0;0;1;;
0;measure;kernel;6;kernel.c:51-52;Outermost;99.928314208984;6.9680361747742;6.968035697937;6.968035697937;6.968035697937;0;0;0.071684591472149;0.0049985917285085;0.0049985912628472;0.0049985912628472;0.0049985912628472;0;0;1;;
