function_id;module;function_name;source_info;inc_time_p;inc_time_s;inc_time_s_min;inc_time_s_avg;inc_time_s_max;inc_cov_deviation;inc_time_deviation;exc_time_p;exc_time_s;exc_time_s_min;exc_time_s_avg;exc_time_s_max;exc_cov_deviation;exc_time_deviation;nb_threads;cats;label_name;flops;
6;measure;kernel;kernel.c:51-55;99.928321838379;6.9680366516113;6.9680361747742;6.9680361747742;6.9680361747742;0;0;3.8252787817328e-06;2.6673802722144e-07;2.6673802722144e-07;2.6673802722144e-07;2.6673802722144e-07;0;0;1;"100,0,0,0,0,0,0,0,0,0";kernel;;
217;libc.so.6;random;;0.071684591472149;0.0049985917285085;0.0049985912628472;0.0049985912628472;0.0049985912628472;0;0;0.071684591472149;0.0049985917285085;0.0049985912628472;0.0049985912628472;0.0049985912628472;0;0;1;"0,0,0,0,0,0,0,0,0,100";random;;
