Node;Process;Thread;#max_time_on_cpu_s;#Stop Time US;Time (s);Math (%);#Elapsed Time;String (%);#Stop Time S;Others (%);System (%);#Start Time US;Memory (%);OMP (%);Binary (%);Nb Cycle Events;#max_context_switch_time_s;IO (%);#Start Time S;MPI (%);Pthread (%);
_ALL;_ALL;_ALL;0;599026;13.810447692871;0;13.810447692871;0;1742727008;0.10806918596215;0;788578;0;0;99.891929213555;2775.9995966409;0;0;1742726994;0;0;
MathieuMint;_ALL;_ALL;0;599026;13.810447692871;0;13.810447692871;0;1742727008;0.10806918596215;0;788578;0;0;99.891929213555;2775.9995966409;0;0;1742726994;0;0;
MathieuMint;7309;_ALL;0;599026;13.810447692871;0;13.810447692871;0;1742727008;0.10806918596215;0;788578;0;0;99.891929213555;2775.9995966409;0;0;1742726994;0;0;
MathieuMint;7309;7309;13.803004264832;599026;13.810447692871;0;13.810447692871;0;1742727008;0.10806918596215;0;788578;0;0;99.891929213555;2775.9995966409;13.803004264832;0;1742726994;0;0;
