Node;Process;Thread;#max_time_on_cpu_s;#Stop Time US;Time (s);Math (%);#Elapsed Time;String (%);#Stop Time S;Others (%);System (%);#Start Time US;Memory (%);OMP (%);Binary (%);Nb Cycle Events;#max_context_switch_time_s;IO (%);#Start Time S;MPI (%);Pthread (%);
_ALL;_ALL;_ALL;0;801544;13.812218666077;0;13.812218666077;0;1742725833;0.036049036407574;0;989325;0;0;99.927907328505;2773.9992511697;0;0.036049036407574;1742725819;0;0;
MathieuMint;_ALL;_ALL;0;801544;13.812218666077;0;13.812218666077;0;1742725833;0.036049036407574;0;989325;0;0;99.927907328505;2773.9992511697;0;0.036049036407574;1742725819;0;0;
MathieuMint;5855;_ALL;0;801544;13.812218666077;0;13.812218666077;0;1742725833;0.036049036407574;0;989325;0;0;99.927907328505;2773.9992511697;0;0.036049036407574;1742725819;0;0;
MathieuMint;5855;5855;6.0724401473999;801544;13.812218666077;0;13.812218666077;0;1742725833;0.036049036407574;0;989325;0;0;99.927907328505;2773.9992511697;6.0724401473999;0.036049036407574;1742725819;0;0;
