loop_id;module;function_name;function_id;source_info;level;inc_time_p;inc_time_s;inc_time_s_min;inc_time_s_avg;inc_time_s_max;inc_cov_deviation;inc_time_deviation;exc_time_p;exc_time_s;exc_time_s_min;exc_time_s_avg;exc_time_s_max;exc_cov_deviation;exc_time_deviation;nb_threads;flops;
2;measure;kernel;6;kernel.c:52-53;Innermost;96.930305480957;13.385227203369;13.385227203369;13.385227203369;13.385227203369;0;0;96.930305480957;13.385227203369;13.385227203369;13.385227203369;13.385227203369;0;0;1;;
1;measure;kernel;6;kernel.c:52-53;Innermost;2.9613585472107;0.40893772244453;0.40893772244453;0.40893772244453;0.40893772244453;0;0;2.9613585472107;0.40893772244453;0.40893772244453;0.40893772244453;0.40893772244453;0;0;1;;
0;measure;kernel;6;kernel.c:51-52;Outermost;99.963897705078;13.804139137268;13.804138183594;13.804138183594;13.804138183594;0;0;0.072228260338306;0.0099740913137794;0.0099740903824568;0.0099740903824568;0.0099740903824568;0;0;1;;
