Node;Process;Thread;#max_time_on_cpu_s;#Stop Time US;Time (s);Math (%);#Elapsed Time;String (%);#Stop Time S;Others (%);System (%);#Start Time US;Memory (%);OMP (%);Binary (%);Nb Cycle Events;#max_context_switch_time_s;IO (%);#Start Time S;MPI (%);Pthread (%);
_ALL;_ALL;_ALL;0;575128;13.809124946594;0;13.809124946594;0;1742726191;0.036114129426302;0;766003;0;0;99.963885972538;2768.9993248783;0;0;1742726177;0;0;
MathieuMint;_ALL;_ALL;0;575128;13.809124946594;0;13.809124946594;0;1742726191;0.036114129426302;0;766003;0;0;99.963885972538;2768.9993248783;0;0;1742726177;0;0;
MathieuMint;6343;_ALL;0;575128;13.809124946594;0;13.809124946594;0;1742726191;0.036114129426302;0;766003;0;0;99.963885972538;2768.9993248783;0;0;1742726177;0;0;
MathieuMint;6343;6343;5.3721671104431;575128;13.809124946594;0;13.809124946594;0;1742726191;0.036114129426302;0;766003;0;0;99.963885972538;2768.9993248783;5.3721671104431;0;1742726177;0;0;
