function_id;module;function_name;source_info;inc_time_p;inc_time_s;inc_time_s_min;inc_time_s_avg;inc_time_s_max;inc_cov_deviation;inc_time_deviation;exc_time_p;exc_time_s;exc_time_s_min;exc_time_s_avg;exc_time_s_max;exc_cov_deviation;exc_time_deviation;nb_threads;cats;label_name;flops;
6;measure;kernel;kernel.c:51-55;99.963890075684;13.804139137268;13.804138183594;13.804138183594;13.804138183594;0;0;0;0;0;0;0;0;0;1;"100,0,0,0,0,0,0,0,0,0";kernel;;
217;libc.so.6;random;;0.036114130169153;0.0049870456568897;0.0049870451912284;0.0049870451912284;0.0049870451912284;0;0;0.036114130169153;0.0049870456568897;0.0049870451912284;0.0049870451912284;0.0049870451912284;0;0;1;"0,0,0,0,0,0,0,0,0,100";random;;
