Node;Process;Thread;#max_time_on_cpu_s;#Stop Time US;Time (s);Math (%);#Elapsed Time;String (%);#Stop Time S;Others (%);System (%);#Start Time US;Memory (%);OMP (%);Binary (%);Nb Cycle Events;#max_context_switch_time_s;IO (%);#Start Time S;MPI (%);Pthread (%);
_ALL;_ALL;_ALL;0;784759;13.807269096375;0;13.807269096375;0;1742727268;0.10818610926329;0;977490;0;0;99.891816577513;2772.9991745491;0;0;1742727254;0;0;
MathieuMint;_ALL;_ALL;0;784759;13.807269096375;0;13.807269096375;0;1742727268;0.10818610926329;0;977490;0;0;99.891816577513;2772.9991745491;0;0;1742727254;0;0;
MathieuMint;7653;_ALL;0;784759;13.807269096375;0;13.807269096375;0;1742727268;0.10818610926329;0;977490;0;0;99.891816577513;2772.9991745491;0;0;1742727254;0;0;
MathieuMint;7653;7653;13.313180923462;784759;13.807269096375;0;13.807269096375;0;1742727268;0.10818610926329;0;977490;0;0;99.891816577513;2772.9991745491;13.313180923462;0;1742727254;0;0;
