Node;Process;Thread;#max_time_on_cpu_s;#Stop Time US;Time (s);Math (%);#Elapsed Time;String (%);#Stop Time S;Others (%);System (%);#Start Time US;Memory (%);OMP (%);Binary (%);Nb Cycle Events;#max_context_switch_time_s;IO (%);#Start Time S;MPI (%);Pthread (%);
_ALL;_ALL;_ALL;0;17514;13.816963195801;0;13.816963195801;0;1742727220;0;0;200551;0;0;100;2773.9997944582;0;0;1742727206;0;0;
MathieuMint;_ALL;_ALL;0;17514;13.816963195801;0;13.816963195801;0;1742727220;0;0;200551;0;0;100;2773.9997944582;0;0;1742727206;0;0;
MathieuMint;7579;_ALL;0;17514;13.816963195801;0;13.816963195801;0;1742727220;0;0;200551;0;0;100;2773.9997944582;0;0;1742727206;0;0;
MathieuMint;7579;7579;9.4627504348755;17514;13.816963195801;0;13.816963195801;0;1742727220;0;0;200551;0;0;100;2773.9997944582;9.4627504348755;0;1742727206;0;0;
