Node;Process;Thread;#max_time_on_cpu_s;#Stop Time US;Time (s);Math (%);#Elapsed Time;String (%);#Stop Time S;Others (%);System (%);#Start Time US;Memory (%);OMP (%);Binary (%);Nb Cycle Events;#max_context_switch_time_s;IO (%);#Start Time S;MPI (%);Pthread (%);
_ALL;_ALL;_ALL;0;724670;13.809971809387;0;13.809971809387;0;1742726531;0.072098045679939;0;914698;0;0;99.927899574126;2774.000295207;0;0;1742726517;0;0;
MathieuMint;_ALL;_ALL;0;724670;13.809971809387;0;13.809971809387;0;1742726531;0.072098045679939;0;914698;0;0;99.927899574126;2774.000295207;0;0;1742726517;0;0;
MathieuMint;6732;_ALL;0;724670;13.809971809387;0;13.809971809387;0;1742726531;0.072098045679939;0;914698;0;0;99.927899574126;2774.000295207;0;0;1742726517;0;0;
MathieuMint;6732;6732;13.800344467163;724670;13.809971809387;0;13.809971809387;0;1742726531;0.072098045679939;0;914698;0;0;99.927899574126;2774.000295207;13.800344467163;0;1742726517;0;0;
