function_id;module;function_name;source_info;inc_time_p;inc_time_s;inc_time_s_min;inc_time_s_avg;inc_time_s_max;inc_cov_deviation;inc_time_deviation;exc_time_p;exc_time_s;exc_time_s_min;exc_time_s_avg;exc_time_s_max;exc_cov_deviation;exc_time_deviation;nb_threads;cats;label_name;flops;
6;measure;kernel;kernel.c:68-72;99.891677856445;18.420459747314;18.420459747314;18.420459747314;18.420459747314;0;0;0;0;0;0;0;0;0;1;"100,0,0,0,0,0,0,0,0,0";kernel;;
217;libc.so.6;random;;0.054156512022018;0.0099866958335042;0.0099866949021816;0.0099866949021816;0.0099866949021816;0;0;0.054156512022018;0.0099866958335042;0.0099866949021816;0.0099866949021816;0.0099866949021816;0;0;1;"0,0,0,0,0,0,0,0,0,100";random;;
812;libc.so.6;__default_morecore;;0.027078256011009;0.0049933479167521;0.0049933474510908;0.0049933474510908;0.0049933474510908;0;0;0.027078256011009;0.0049933479167521;0.0049933474510908;0.0049933474510908;0.0049933474510908;0;0;1;"0,0,0,0,100,0,0,0,0,0";__default_morecore;;
-1;kernel;unknown_kernel_region;;0.027078256011009;0.0049933479167521;0.0049933474510908;0.0049933474510908;0.0049933474510908;0;0;0;0;0;0;0;0;0;1;"0,0,0,0,100,0,0,0,0,0";unknown kernel region;;
