function_id;module;function_name;source_info;inc_time_p;inc_time_s;inc_time_s_min;inc_time_s_avg;inc_time_s_max;inc_cov_deviation;inc_time_deviation;exc_time_p;exc_time_s;exc_time_s_min;exc_time_s_avg;exc_time_s_max;exc_cov_deviation;exc_time_deviation;nb_threads;cats;label_name;flops;
6;measure;kernel;kernel.c:51-55;99.891822814941;13.794013977051;13.794013977051;13.794013977051;13.794013977051;0;0;4.22113453169e-06;5.8289441540182e-07;5.8289441540182e-07;5.8289441540182e-07;5.8289441540182e-07;0;0;1;"100,0,0,0,0,0,0,0,0,0";kernel;;
217;libc.so.6;random;;0.072124049067497;0.0099595757201314;0.0099595757201314;0.0099595757201314;0.0099595757201314;0;0;0.072124049067497;0.0099595757201314;0.0099595757201314;0.0099595757201314;0.0099595757201314;0;0;1;"0,0,0,0,0,0,0,0,0,100";random;;
221;libc.so.6;random_r;;0.036062024533749;0.0049797878600657;0.0049797878600657;0.0049797878600657;0.0049797878600657;0;0;0.036062024533749;0.0049797878600657;0.0049797878600657;0.0049797878600657;0.0049797878600657;0;0;1;"0,0,0,0,0,0,0,0,0,100";random_r;;
