block_id;module;source_info;time_p;time_s;time_s_min;time_s_avg;time_s_max;cov_deviation;time_deviation;nb_threads;flops;
37;measure;kernel.c:52-53;97.006851196289;13.393776893616;13.393776893616;13.393776893616;13.393776893616;0;0;1;;
39;measure;kernel.c:52-53;2.8489000797272;0.39334884285927;0.39334884285927;0.39334884285927;0.39334884285927;0;0;1;;
33;measure;kernel.c:51-51;0.072124056518078;0.0099581992253661;0.0099581992253661;0.0099581992253661;0.0099581992253661;0;0;1;;
