loop_id;module;function_name;function_id;source_info;level;inc_time_p;inc_time_s;inc_time_s_min;inc_time_s_avg;inc_time_s_max;inc_cov_deviation;inc_time_deviation;exc_time_p;exc_time_s;exc_time_s_min;exc_time_s_avg;exc_time_s_max;exc_cov_deviation;exc_time_deviation;nb_threads;flops;
2;measure;kernel;6;kernel.c:52-53;Innermost;97.224227905273;13.42920589447;13.42920589447;13.42920589447;13.42920589447;0;0;97.224227905273;13.42920589447;13.42920589447;13.42920589447;13.42920589447;0;0;1;;
1;measure;kernel;6;kernel.c:52-53;Innermost;2.667628288269;0.36846914887428;0.36846914887428;0.36846914887428;0.36846914887428;0;0;2.667628288269;0.36846914887428;0.36846914887428;0.36846914887428;0.36846914887428;0;0;1;;
0;measure;kernel;6;kernel.c:51-52;Outermost;99.927909851074;13.802655220032;13.802654266357;13.802654266357;13.802654266357;0;0;0.036049030721188;0.0049793128855526;0.0049793128855526;0.0049793128855526;0.0049793128855526;0;0;1;;
