Node;Process;Thread;#max_time_on_cpu_s;#Stop Time US;Time (s);Math (%);#Elapsed Time;String (%);#Stop Time S;Others (%);System (%);#Start Time US;Memory (%);OMP (%);Binary (%);Nb Cycle Events;#max_context_switch_time_s;IO (%);#Start Time S;MPI (%);Pthread (%);
_ALL;_ALL;_ALL;0;41468;13.812612533569;0;13.812612533569;0;1742726159;0.072098062585528;0;228855;0;0;99.927900450561;2773.9996447581;0;0;1742726145;0;0;
MathieuMint;_ALL;_ALL;0;41468;13.812612533569;0;13.812612533569;0;1742726159;0.072098062585528;0;228855;0;0;99.927900450561;2773.9996447581;0;0;1742726145;0;0;
MathieuMint;6298;_ALL;0;41468;13.812612533569;0;13.812612533569;0;1742726159;0.072098062585528;0;228855;0;0;99.927900450561;2773.9996447581;0;0;1742726145;0;0;
MathieuMint;6298;6298;9.9089603424072;41468;13.812612533569;0;13.812612533569;0;1742726159;0.072098062585528;0;228855;0;0;99.927900450561;2773.9996447581;9.9089603424072;0;1742726145;0;0;
