Node;Process;Thread;#max_time_on_cpu_s;#Stop Time US;Time (s);Math (%);#Elapsed Time;String (%);#Stop Time S;Others (%);System (%);#Start Time US;Memory (%);OMP (%);Binary (%);Nb Cycle Events;#max_context_switch_time_s;IO (%);#Start Time S;MPI (%);Pthread (%);
_ALL;_ALL;_ALL;0;288569;0.12999999523163;0;0.15039399266243;0;1742851778;3.8461538461538;0;138175;0;0;96.153846153846;26;0;0;1742851778;0;0;
PCMINT;_ALL;_ALL;0;288569;0.12999999523163;0;0.15039399266243;0;1742851778;3.8461538461538;0;138175;0;0;96.153846153846;26;0;0;1742851778;0;0;
PCMINT;96879;_ALL;0;288569;0.12999999523163;0;0.15039399266243;0;1742851778;3.8461538461538;0;138175;0;0;96.153846153846;26;0;0;1742851778;0;0;
PCMINT;96879;96879;0;288569;0.12999999523163;0;0.15039399266243;0;1742851778;3.8461538461538;0;138175;0;0;96.153846153846;26;0;0;1742851778;0;0;
