Node;Process;Thread;#max_time_on_cpu_s;#Stop Time US;Time (s);Math (%);#Elapsed Time;String (%);#Stop Time S;Others (%);System (%);#Start Time US;Memory (%);OMP (%);Binary (%);Nb Cycle Events;#max_context_switch_time_s;IO (%);#Start Time S;MPI (%);Pthread (%);
_ALL;_ALL;_ALL;0;519845;13.803318977356;0;13.803318977356;0;1742725194;0.036127167630058;0;716526;0;0;99.963870528978;2768;0;0;1742725180;0;0;
MathieuMint;_ALL;_ALL;0;519845;13.803318977356;0;13.803318977356;0;1742725194;0.036127167630058;0;716526;0;0;99.963870528978;2768;0;0;1742725180;0;0;
MathieuMint;5107;_ALL;0;519845;13.803318977356;0;13.803318977356;0;1742725194;0.036127167630058;0;716526;0;0;99.963870528978;2768;0;0;1742725180;0;0;
MathieuMint;5107;5107;13.793316841125;519845;13.803318977356;0;13.803318977356;0;1742725194;0.036127167630058;0;716526;0;0;99.963870528978;2768;13.793316841125;0;1742725180;0;0;
