Node;Process;Thread;#max_time_on_cpu_s;#Stop Time US;Time (s);Math (%);#Elapsed Time;String (%);#Stop Time S;Others (%);System (%);#Start Time US;Memory (%);OMP (%);Binary (%);Nb Cycle Events;#max_context_switch_time_s;IO (%);#Start Time S;MPI (%);Pthread (%);
_ALL;_ALL;_ALL;0;427112;13.804940223694;0;13.804940223694;0;1742725438;0.036062024673983;0;622172;0;0;99.963940890827;2773.0001547069;0;0;1742725424;0;0;
MathieuMint;_ALL;_ALL;0;427112;13.804940223694;0;13.804940223694;0;1742725438;0.036062024673983;0;622172;0;0;99.963940890827;2773.0001547069;0;0;1742725424;0;0;
MathieuMint;5423;_ALL;0;427112;13.804940223694;0;13.804940223694;0;1742725438;0.036062024673983;0;622172;0;0;99.963940890827;2773.0001547069;0;0;1742725424;0;0;
MathieuMint;5423;5423;6.6679191589355;427112;13.804940223694;0;13.804940223694;0;1742725438;0.036062024673983;0;622172;0;0;99.963940890827;2773.0001547069;6.6679191589355;0;1742725424;0;0;
