Node;Process;Thread;#max_time_on_cpu_s;#Stop Time US;Time (s);Math (%);#Elapsed Time;String (%);#Stop Time S;Others (%);System (%);#Start Time US;Memory (%);OMP (%);Binary (%);Nb Cycle Events;#max_context_switch_time_s;IO (%);#Start Time S;MPI (%);Pthread (%);
_ALL;_ALL;_ALL;0;1263;13.810636520386;0;13.810636520386;0;1742726613;0.10826416373062;0;190626;0;0;99.891728928877;2771.0000212671;0;0;1742726599;0;0;
MathieuMint;_ALL;_ALL;0;1263;13.810636520386;0;13.810636520386;0;1742726613;0.10826416373062;0;190626;0;0;99.891728928877;2771.0000212671;0;0;1742726599;0;0;
MathieuMint;6836;_ALL;0;1263;13.810636520386;0;13.810636520386;0;1742726613;0.10826416373062;0;190626;0;0;99.891728928877;2771.0000212671;0;0;1742726599;0;0;
MathieuMint;6836;6836;13.7991065979;1263;13.810636520386;0;13.810636520386;0;1742726613;0.10826416373062;0;190626;0;0;99.891728928877;2771.0000212671;13.7991065979;0;1742726599;0;0;
