Node;Process;Thread;#max_time_on_cpu_s;#Stop Time US;Time (s);Math (%);#Elapsed Time;String (%);#Stop Time S;Others (%);System (%);#Start Time US;Memory (%);OMP (%);Binary (%);Nb Cycle Events;#max_context_switch_time_s;IO (%);#Start Time S;MPI (%);Pthread (%);
_ALL;_ALL;_ALL;0;28957;6.9302110671997;0;6.9302110671997;0;1742731373;0.21629415390451;0;98746;0;0;99.783703192531;1387.0000394576;0;0;1742731366;0;0;
MathieuMint;_ALL;_ALL;0;28957;6.9302110671997;0;6.9302110671997;0;1742731373;0.21629415390451;0;98746;0;0;99.783703192531;1387.0000394576;0;0;1742731366;0;0;
MathieuMint;13123;_ALL;0;28957;6.9302110671997;0;6.9302110671997;0;1742731373;0.21629415390451;0;98746;0;0;99.783703192531;1387.0000394576;0;0;1742731366;0;0;
MathieuMint;13123;13123;6.9210767745972;28957;6.9302110671997;0;6.9302110671997;0;1742731373;0.21629415390451;0;98746;0;0;99.783703192531;1387.0000394576;6.9210767745972;0;1742731366;0;0;
