block_id;module;source_info;time_p;time_s;time_s_min;time_s_avg;time_s_max;cov_deviation;time_deviation;nb_threads;flops;
110;measure;kernel.c:52-53;95.862846374512;12.859998703003;12.859999656677;12.859999656677;12.859999656677;0;0;1;;
107;measure;kernel.c:53-53;3.764443397522;0.50499999523163;0.50499999523163;0.50499999523163;0.50499999523163;0;0;1;;
106;measure;kernel.c:47-47;0.037271715700626;0.0049999998882413;0.0049999998882413;0.0049999998882413;0.0049999998882413;0;0;1;;
109;measure;kernel.c:53-53;0.037271715700626;0.0049999998882413;0.0049999998882413;0.0049999998882413;0.0049999998882413;0;0;1;;
25;measure;driver.c:17-18;0.037271715700626;0.0049999998882413;0.0049999998882413;0.0049999998882413;0.0049999998882413;0;0;1;;
