Node;Process;Thread;#max_time_on_cpu_s;#Stop Time US;Time (s);Math (%);#Elapsed Time;String (%);#Stop Time S;Others (%);System (%);#Start Time US;Memory (%);OMP (%);Binary (%);Nb Cycle Events;#max_context_switch_time_s;IO (%);#Start Time S;MPI (%);Pthread (%);
_ALL;_ALL;_ALL;0;898129;13.809615135193;0;13.809615135193;0;1742725963;0.036062023690657;0;88514;0;0;99.963934492068;2773.0002303201;0;0;1742725950;0;0;
MathieuMint;_ALL;_ALL;0;898129;13.809615135193;0;13.809615135193;0;1742725963;0.036062023690657;0;88514;0;0;99.963934492068;2773.0002303201;0;0;1742725950;0;0;
MathieuMint;6041;_ALL;0;898129;13.809615135193;0;13.809615135193;0;1742725963;0.036062023690657;0;88514;0;0;99.963934492068;2773.0002303201;0;0;1742725950;0;0;
MathieuMint;6041;6041;5.9435210227966;898129;13.809615135193;0;13.809615135193;0;1742725963;0.036062023690657;0;88514;0;0;99.963934492068;2773.0002303201;5.9435210227966;0;1742725950;0;0;
