block_id;module;source_info;time_p;time_s;time_s_min;time_s_avg;time_s_max;cov_deviation;time_deviation;nb_threads;flops;
37;measure;kernel.c:52-53;96.704048156738;6.8949966430664;6.8949966430664;6.8949966430664;6.8949966430664;0;0;1;;
39;measure;kernel.c:52-53;3.0154285430908;0.21499998867512;0.21499998867512;0.21499998867512;0.21499998867512;0;0;1;;
33;measure;kernel.c:51-51;0.14025250077248;0.0099999997764826;0.00999999884516;0.00999999884516;0.00999999884516;0;0;1;;
