function_id;module;function_name;source_info;inc_time_p;inc_time_s;inc_time_s_min;inc_time_s_avg;inc_time_s_max;inc_cov_deviation;inc_time_deviation;exc_time_p;exc_time_s;exc_time_s_min;exc_time_s_avg;exc_time_s_max;exc_cov_deviation;exc_time_deviation;nb_threads;cats;label_name;flops;
6;measure;kernel;kernel.c:51-55;99.859741210938;7.1199970245361;7.1199975013733;7.1199975013733;7.1199975013733;0;0;1.2858563422924e-05;9.1681533831434e-07;9.1681528147092e-07;9.1681528147092e-07;9.1681528147092e-07;0;0;1;"100,0,0,0,0,0,0,0,0,0";kernel;;
217;libc.so.6;random;;0.14025250077248;0.0099999997764826;0.00999999884516;0.00999999884516;0.00999999884516;0;0;0.14025250077248;0.0099999997764826;0.00999999884516;0.00999999884516;0.00999999884516;0;0;1;"0,0,0,0,0,0,0,0,0,100";random;;
