block_id;module;source_info;time_p;time_s;time_s_min;time_s_avg;time_s_max;cov_deviation;time_deviation;nb_threads;flops;
37;measure;kernel.c:52-53;97.080024719238;13.40389919281;13.403900146484;13.403900146484;13.403900146484;0;0;1;;
39;measure;kernel.c:52-53;2.8839225769043;0.39818498492241;0.39818498492241;0.39818498492241;0.39818498492241;0;0;1;;
