block_id;module;source_info;time_p;time_s;time_s_min;time_s_avg;time_s_max;cov_deviation;time_deviation;nb_threads;flops;
37;measure;kernel.c:52-53;97.725639343262;13.493558883667;13.493557929993;13.493557929993;13.493557929993;0;0;1;;
39;measure;kernel.c:52-53;2.202166557312;0.30406621098518;0.30406618118286;0.30406618118286;0.30406618118286;0;0;1;;
33;measure;kernel.c:51-51;0.072202175855637;0.0099693825468421;0.0099693834781647;0.0099693834781647;0.0099693834781647;0;0;1;;
