loop_id;module;function_name;function_id;source_info;level;inc_time_p;inc_time_s;inc_time_s_min;inc_time_s_avg;inc_time_s_max;inc_cov_deviation;inc_time_deviation;exc_time_p;exc_time_s;exc_time_s_min;exc_time_s_avg;exc_time_s_max;exc_cov_deviation;exc_time_deviation;nb_threads;flops;
2;measure;kernel;6;kernel.c:52-53;Innermost;97.725639343262;13.493558883667;13.493557929993;13.493557929993;13.493557929993;0;0;97.725639343262;13.493558883667;13.493557929993;13.493557929993;13.493557929993;0;0;1;;
1;measure;kernel;6;kernel.c:52-53;Innermost;2.202166557312;0.30406621098518;0.30406618118286;0.30406618118286;0.30406618118286;0;0;2.202166557312;0.30406621098518;0.30406618118286;0.30406618118286;0.30406618118286;0;0;1;;
0;measure;kernel;6;kernel.c:51-52;Outermost;100;13.807593345642;13.807593345642;13.807593345642;13.807593345642;0;0;0.072202175855637;0.0099693825468421;0.0099693834781647;0.0099693834781647;0.0099693834781647;0;0;1;;
