Node;Process;Thread;#max_time_on_cpu_s;#Stop Time US;Time (s);Math (%);#Elapsed Time;String (%);#Stop Time S;Others (%);System (%);#Start Time US;Memory (%);OMP (%);Binary (%);Nb Cycle Events;#max_context_switch_time_s;IO (%);#Start Time S;MPI (%);Pthread (%);
_ALL;_ALL;_ALL;0;927933;13.810169219971;0;13.810169219971;0;1742724253;0.036114117506424;0;117764;0;0;99.96388704605;2769.0002388183;0;0;1742724240;0;0;
MathieuMint;_ALL;_ALL;0;927933;13.810169219971;0;13.810169219971;0;1742724253;0.036114117506424;0;117764;0;0;99.96388704605;2769.0002388183;0;0;1742724240;0;0;
MathieuMint;4097;_ALL;0;927933;13.810169219971;0;13.810169219971;0;1742724253;0.036114117506424;0;117764;0;0;99.96388704605;2769.0002388183;0;0;1742724240;0;0;
MathieuMint;4097;4097;12.94775390625;927933;13.810169219971;0;13.810169219971;0;1742724253;0.036114117506424;0;117764;0;0;99.96388704605;2769.0002388183;12.94775390625;0;1742724240;0;0;
