loop_id;module;function_name;function_id;source_info;level;inc_time_p;inc_time_s;inc_time_s_min;inc_time_s_avg;inc_time_s_max;inc_cov_deviation;inc_time_deviation;exc_time_p;exc_time_s;exc_time_s_min;exc_time_s_avg;exc_time_s_max;exc_cov_deviation;exc_time_deviation;nb_threads;flops;
2;measure;kernel;6;kernel.c:52-53;Innermost;97.00252532959;13.39621257782;13.39621257782;13.39621257782;13.39621257782;0;0;97.00252532959;13.39621257782;13.39621257782;13.39621257782;13.39621257782;0;0;1;;
1;measure;kernel;6;kernel.c:52-53;Innermost;2.9252436161041;0.40398108959198;0.40398108959198;0.40398108959198;0.40398108959198;0;0;2.9252436161041;0.40398108959198;0.40398108959198;0.40398108959198;0.40398108959198;0;0;1;;
0;measure;kernel;6;kernel.c:51-52;Outermost;99.963890075684;13.80518245697;13.80518245697;13.80518245697;13.80518245697;0;0;0.036114115267992;0.004987420514226;0.0049874209798872;0.0049874209798872;0.0049874209798872;0;0;1;;
