Node;Process;Thread;#max_time_on_cpu_s;#Stop Time US;Time (s);Math (%);#Elapsed Time;String (%);#Stop Time S;Others (%);System (%);#Start Time US;Memory (%);OMP (%);Binary (%);Nb Cycle Events;#max_context_switch_time_s;IO (%);#Start Time S;MPI (%);Pthread (%);
_ALL;_ALL;_ALL;0;990745;13.811552047729;0;13.811552047729;0;1742725600;0.072098042486354;0;179193;0;0;99.927900883982;2774.0004180814;0;0;1742725587;0;0;
MathieuMint;_ALL;_ALL;0;990745;13.811552047729;0;13.811552047729;0;1742725600;0.072098042486354;0;179193;0;0;99.927900883982;2774.0004180814;0;0;1742725587;0;0;
MathieuMint;5630;_ALL;0;990745;13.811552047729;0;13.811552047729;0;1742725600;0.072098042486354;0;179193;0;0;99.927900883982;2774.0004180814;0;0;1742725587;0;0;
MathieuMint;5630;5630;8.2689657211304;990745;13.811552047729;0;13.811552047729;0;1742725600;0.072098042486354;0;179193;0;0;99.927900883982;2774.0004180814;8.2689657211304;0;1742725587;0;0;
