Node;Process;Thread;#max_time_on_cpu_s;#Stop Time US;Time (s);Math (%);#Elapsed Time;String (%);#Stop Time S;Others (%);System (%);#Start Time US;Memory (%);OMP (%);Binary (%);Nb Cycle Events;#max_context_switch_time_s;IO (%);#Start Time S;MPI (%);Pthread (%);
_ALL;_ALL;_ALL;0;921221;13.807062149048;0;13.807062149048;0;1742726482;0.036049033458369;0;114159;0;0;99.963950975538;2773.9994781132;0;0;1742726469;0;0;
MathieuMint;_ALL;_ALL;0;921221;13.807062149048;0;13.807062149048;0;1742726482;0.036049033458369;0;114159;0;0;99.963950975538;2773.9994781132;0;0;1742726469;0;0;
MathieuMint;6669;_ALL;0;921221;13.807062149048;0;13.807062149048;0;1742726482;0.036049033458369;0;114159;0;0;99.963950975538;2773.9994781132;0;0;1742726469;0;0;
MathieuMint;6669;6669;13.009938240051;921221;13.807062149048;0;13.807062149048;0;1742726482;0.036049033458369;0;114159;0;0;99.963950975538;2773.9994781132;13.009938240051;0;1742726469;0;0;
