Node;Process;Thread;#max_time_on_cpu_s;#Stop Time US;Time (s);Math (%);#Elapsed Time;String (%);#Stop Time S;Others (%);System (%);#Start Time US;Memory (%);OMP (%);Binary (%);Nb Cycle Events;#max_context_switch_time_s;IO (%);#Start Time S;MPI (%);Pthread (%);
_ALL;_ALL;_ALL;0;284280;13.80883026123;0;13.80883026123;0;1742725801;0.036049027575641;0;475450;0;0;99.963951644109;2773.9999307935;0;0;1742725787;0;0;
MathieuMint;_ALL;_ALL;0;284280;13.80883026123;0;13.80883026123;0;1742725801;0.036049027575641;0;475450;0;0;99.963951644109;2773.9999307935;0;0;1742725787;0;0;
MathieuMint;5813;_ALL;0;284280;13.80883026123;0;13.80883026123;0;1742725801;0.036049027575641;0;475450;0;0;99.963951644109;2773.9999307935;0;0;1742725787;0;0;
MathieuMint;5813;5813;11.054762840271;284280;13.80883026123;0;13.80883026123;0;1742725801;0.036049027575641;0;475450;0;0;99.963951644109;2773.9999307935;11.054762840271;0;1742725787;0;0;
