Node;Process;Thread;#max_time_on_cpu_s;#Stop Time US;Time (s);Math (%);#Elapsed Time;String (%);#Stop Time S;Others (%);System (%);#Start Time US;Memory (%);OMP (%);Binary (%);Nb Cycle Events;#max_context_switch_time_s;IO (%);#Start Time S;MPI (%);Pthread (%);
_ALL;_ALL;_ALL;0;377071;13.806470870972;0;13.806470870972;0;1742727366;0;0.036062029021778;570600;0;0;99.963936963384;2772.999820382;0;0;1742727352;0;0;
MathieuMint;_ALL;_ALL;0;377071;13.806470870972;0;13.806470870972;0;1742727366;0;0.036062029021778;570600;0;0;99.963936963384;2772.999820382;0;0;1742727352;0;0;
MathieuMint;7780;_ALL;0;377071;13.806470870972;0;13.806470870972;0;1742727366;0;0.036062029021778;570600;0;0;99.963936963384;2772.999820382;0;0;1742727352;0;0;
MathieuMint;7780;7780;13.79519367218;377071;13.806470870972;0;13.806470870972;0;1742727366;0;0.036062029021778;570600;0;0;99.963936963384;2772.999820382;13.79519367218;0;1742727352;0;0;
