Node;Process;Thread;#max_time_on_cpu_s;#Stop Time US;Time (s);Math (%);#Elapsed Time;String (%);#Stop Time S;Others (%);System (%);#Start Time US;Memory (%);OMP (%);Binary (%);Nb Cycle Events;#max_context_switch_time_s;IO (%);#Start Time S;MPI (%);Pthread (%);
_ALL;_ALL;_ALL;0;549443;13.808562278748;0;13.808562278748;0;1742725817;0;0;740881;0;0;100;2773.0008455666;0;0;1742725803;0;0;
MathieuMint;_ALL;_ALL;0;549443;13.808562278748;0;13.808562278748;0;1742725817;0;0;740881;0;0;100;2773.0008455666;0;0;1742725803;0;0;
MathieuMint;5835;_ALL;0;549443;13.808562278748;0;13.808562278748;0;1742725817;0;0;740881;0;0;100;2773.0008455666;0;0;1742725803;0;0;
MathieuMint;5835;5835;8.2477321624756;549443;13.808562278748;0;13.808562278748;0;1742725817;0;0;740881;0;0;100;2773.0008455666;8.2477321624756;0;1742725803;0;0;
