loop_id;module;function_name;function_id;source_info;level;inc_time_p;inc_time_s;inc_time_s_min;inc_time_s_avg;inc_time_s_max;inc_cov_deviation;inc_time_deviation;exc_time_p;exc_time_s;exc_time_s_min;exc_time_s_avg;exc_time_s_max;exc_cov_deviation;exc_time_deviation;nb_threads;flops;
2;measure;kernel;6;kernel.c:52-53;Innermost;96.900917053223;13.383345603943;13.383344650269;13.383344650269;13.383344650269;0;0;96.900917053223;13.383345603943;13.383344650269;13.383344650269;13.383344650269;0;0;1;;
1;measure;kernel;6;kernel.c:52-53;Innermost;2.8108110427856;0.38821157813072;0.3882115483284;0.3882115483284;0.3882115483284;0;0;2.8108110427856;0.38821157813072;0.3882115483284;0.3882115483284;0.3882115483284;0;0;1;;
0;measure;kernel;6;kernel.c:51-52;Outermost;99.891899108887;13.79644203186;13.79644203186;13.79644203186;13.79644203186;0;0;0.18018020689487;0.024885358288884;0.024885356426239;0.024885356426239;0.024885356426239;0;0;1;;
