block_id;module;source_info;time_p;time_s;time_s_min;time_s_avg;time_s_max;cov_deviation;time_deviation;nb_threads;flops;
37;measure;kernel.c:52-53;96.900917053223;13.383345603943;13.383344650269;13.383344650269;13.383344650269;0;0;1;;
39;measure;kernel.c:52-53;2.8108110427856;0.38821157813072;0.3882115483284;0.3882115483284;0.3882115483284;0;0;1;;
33;measure;kernel.c:51-51;0.18018020689487;0.024885358288884;0.024885356426239;0.024885356426239;0.024885356426239;0;0;1;;
