Node;Process;Thread;#max_time_on_cpu_s;#Stop Time US;Time (s);Math (%);#Elapsed Time;String (%);#Stop Time S;Others (%);System (%);#Start Time US;Memory (%);OMP (%);Binary (%);Nb Cycle Events;#max_context_switch_time_s;IO (%);#Start Time S;MPI (%);Pthread (%);
_ALL;_ALL;_ALL;0;686575;13.811371803284;0;13.811371803284;0;1742726012;0.10810812268946;0;875203;0;0;99.891890066955;2774.999625715;0;0;1742725998;0;0;
MathieuMint;_ALL;_ALL;0;686575;13.811371803284;0;13.811371803284;0;1742726012;0.10810812268946;0;875203;0;0;99.891890066955;2774.999625715;0;0;1742725998;0;0;
MathieuMint;6106;_ALL;0;686575;13.811371803284;0;13.811371803284;0;1742726012;0.10810812268946;0;875203;0;0;99.891890066955;2774.999625715;0;0;1742725998;0;0;
MathieuMint;6106;6106;13.803748130798;686575;13.811371803284;0;13.811371803284;0;1742726012;0.10810812268946;0;875203;0;0;99.891890066955;2774.999625715;13.803748130798;0;1742725998;0;0;
