block_id;module;source_info;time_p;time_s;time_s_min;time_s_avg;time_s_max;cov_deviation;time_deviation;nb_threads;flops;
37;measure;kernel.c:52-53;97.654258728027;13.482576370239;13.482577323914;13.482577323914;13.482577323914;0;0;1;;
39;measure;kernel.c:52-53;2.2374589443207;0.30891340970993;0.30891343951225;0.30891343951225;0.30891343951225;0;0;1;;
33;measure;kernel.c:51-51;0.036088045686483;0.0049824742600322;0.0049824747256935;0.0049824747256935;0.0049824747256935;0;0;1;;
