block_id;module;source_info;time_p;time_s;time_s_min;time_s_avg;time_s_max;cov_deviation;time_deviation;nb_threads;flops;
109;measure;kernel.c:52-53;93.382354736328;0.63499999046326;0.63499999046326;0.63499999046326;0.63499999046326;0;0;1;;
107;measure;kernel.c:53-53;5.8823528289795;0.03999999910593;0.03999999538064;0.03999999538064;0.03999999538064;0;0;1;;
106;measure;kernel.c:47-47;0.73529410362244;0.0049999998882413;0.00499999942258;0.00499999942258;0.00499999942258;0;0;1;;
