Node;Process;Thread;#max_time_on_cpu_s;#Stop Time US;Time (s);Math (%);#Elapsed Time;String (%);#Stop Time S;Others (%);System (%);#Start Time US;Memory (%);OMP (%);Binary (%);Nb Cycle Events;#max_context_switch_time_s;IO (%);#Start Time S;MPI (%);Pthread (%);
_ALL;_ALL;_ALL;0;885744;0.68000000715256;0;0.68336802721024;0;1742221030;0;0;202376;0;0;100;136.00000778133;0;0;1742221030;0;0;
linuxbox;_ALL;_ALL;0;885744;0.68000000715256;0;0.68336802721024;0;1742221030;0;0;202376;0;0;100;136.00000778133;0;0;1742221030;0;0;
linuxbox;339843;_ALL;0;885744;0.68000000715256;0;0.68336802721024;0;1742221030;0;0;202376;0;0;100;136.00000778133;0;0;1742221030;0;0;
linuxbox;339843;339843;0.45551300048828;885744;0.68000000715256;0;0.68336802721024;0;1742221030;0;0;202376;0;0;100;136.00000778133;0.45551300048828;0;1742221030;0;0;
