Node;Process;Thread;#max_time_on_cpu_s;#Stop Time US;Time (s);Math (%);#Elapsed Time;String (%);#Stop Time S;Others (%);System (%);#Start Time US;Memory (%);OMP (%);Binary (%);Nb Cycle Events;#max_context_switch_time_s;IO (%);#Start Time S;MPI (%);Pthread (%);
_ALL;_ALL;_ALL;0;3593;13.80869102478;0;13.80869102478;0;1742726094;0;0;194902;0;0;100;2773.0001124948;0;0;1742726080;0;0;
MathieuMint;_ALL;_ALL;0;3593;13.80869102478;0;13.80869102478;0;1742726094;0;0;194902;0;0;100;2773.0001124948;0;0;1742726080;0;0;
MathieuMint;6214;_ALL;0;3593;13.80869102478;0;13.80869102478;0;1742726094;0;0;194902;0;0;100;2773.0001124948;0;0;1742726080;0;0;
MathieuMint;6214;6214;12.06600189209;3593;13.80869102478;0;13.80869102478;0;1742726094;0;0;194902;0;0;100;2773.0001124948;12.06600189209;0;1742726080;0;0;
