Node;Process;Thread;#max_time_on_cpu_s;#Stop Time US;Time (s);Math (%);#Elapsed Time;String (%);#Stop Time S;Others (%);System (%);#Start Time US;Memory (%);OMP (%);Binary (%);Nb Cycle Events;#max_context_switch_time_s;IO (%);#Start Time S;MPI (%);Pthread (%);
_ALL;_ALL;_ALL;0;151686;6.958881855011;0;6.958881855011;0;1742731502;0.21536248223819;0;192804;0;0;99.78463475356;1393.0003275443;0;0;1742731495;0;0;
MathieuMint;_ALL;_ALL;0;151686;6.958881855011;0;6.958881855011;0;1742731502;0.21536248223819;0;192804;0;0;99.78463475356;1393.0003275443;0;0;1742731495;0;0;
MathieuMint;14181;_ALL;0;151686;6.958881855011;0;6.958881855011;0;1742731502;0.21536248223819;0;192804;0;0;99.78463475356;1393.0003275443;0;0;1742731495;0;0;
MathieuMint;14181;14181;3.4716169834137;151686;6.958881855011;0;6.958881855011;0;1742731502;0.21536248223819;0;192804;0;0;99.78463475356;1393.0003275443;3.4716169834137;0;1742731495;0;0;
