block_id;module;source_info;time_p;time_s;time_s_min;time_s_avg;time_s_max;cov_deviation;time_deviation;nb_threads;flops;
37;measure;kernel.c:52-53;97.582969665527;13.477240562439;13.477240562439;13.477240562439;13.477240562439;0;0;1;;
39;measure;kernel.c:52-53;2.344877243042;0.32385236024857;0.32385236024857;0.32385236024857;0.32385236024857;0;0;1;;
33;measure;kernel.c:51-51;0.072150066494942;0.0099646877497435;0.0099646877497435;0.0099646877497435;0.0099646877497435;0;0;1;;
