loop_id;module;function_name;function_id;source_info;level;inc_time_p;inc_time_s;inc_time_s_min;inc_time_s_avg;inc_time_s_max;inc_cov_deviation;inc_time_deviation;exc_time_p;exc_time_s;exc_time_s_min;exc_time_s_avg;exc_time_s_max;exc_cov_deviation;exc_time_deviation;nb_threads;flops;
2;measure;kernel;6;kernel.c:52-53;Innermost;97.582969665527;13.477240562439;13.477240562439;13.477240562439;13.477240562439;0;0;97.582969665527;13.477240562439;13.477240562439;13.477240562439;13.477240562439;0;0;1;;
1;measure;kernel;6;kernel.c:52-53;Innermost;2.344877243042;0.32385236024857;0.32385236024857;0.32385236024857;0.32385236024857;0;0;2.344877243042;0.32385236024857;0.32385236024857;0.32385236024857;0.32385236024857;0;0;1;;
0;measure;kernel;6;kernel.c:51-52;Outermost;100;13.811058044434;13.811058044434;13.811058044434;13.811058044434;0;0;0.072150066494942;0.0099646877497435;0.0099646877497435;0.0099646877497435;0.0099646877497435;0;0;1;;
