loop_id;module;function_name;function_id;source_info;level;inc_time_p;inc_time_s;inc_time_s_min;inc_time_s_avg;inc_time_s_max;inc_cov_deviation;inc_time_deviation;exc_time_p;exc_time_s;exc_time_s_min;exc_time_s_avg;exc_time_s_max;exc_cov_deviation;exc_time_deviation;nb_threads;flops;
2;measure;kernel;6;kernel.c:52-53;Innermost;96.980583190918;6.7373032569885;6.7373027801514;6.7373027801514;6.7373027801514;0;0;96.980583190918;6.7373032569885;6.7373027801514;6.7373027801514;6.7373027801514;0;0;1;;
1;measure;kernel;6;kernel.c:52-53;Innermost;2.8756284713745;0.19977174699306;0.19977174699306;0.19977174699306;0.19977174699306;0;0;2.8756284713745;0.19977174699306;0.19977174699306;0.19977174699306;0.19977174699306;0;0;1;;
0;measure;kernel;6;kernel.c:51-52;Outermost;99.928100585938;6.9420690536499;6.9420685768127;6.9420685768127;6.9420685768127;0;0;0.071890711784363;0.0049942936748266;0.0049942936748266;0.0049942936748266;0.0049942936748266;0;0;1;;
