loop_id;module;function_name;function_id;source_info;level;inc_time_p;inc_time_s;inc_time_s_min;inc_time_s_avg;inc_time_s_max;inc_cov_deviation;inc_time_deviation;exc_time_p;exc_time_s;exc_time_s_min;exc_time_s_avg;exc_time_s_max;exc_cov_deviation;exc_time_deviation;nb_threads;flops;
2;measure;kernel;6;kernel.c:52-53;Innermost;97.330451965332;13.439588546753;13.439588546753;13.439588546753;13.439588546753;0;0;97.330451965332;13.439588546753;13.439588546753;13.439588546753;13.439588546753;0;0;1;;
1;measure;kernel;6;kernel.c:52-53;Innermost;2.5252528190613;0.34869211912155;0.34869208931923;0.34869208931923;0.34869208931923;0;0;2.5252528190613;0.34869211912155;0.34869208931923;0.34869208931923;0.34869208931923;0;0;1;;
0;measure;kernel;6;kernel.c:51-52;Outermost;99.927864074707;13.798245429993;13.798244476318;13.798244476318;13.798244476318;0;0;0.072150073945522;0.0099626304581761;0.0099626313894987;0.0099626313894987;0.0099626313894987;0;0;1;;
