block_id;module;source_info;time_p;time_s;time_s_min;time_s_avg;time_s_max;cov_deviation;time_deviation;nb_threads;flops;
37;measure;kernel.c:52-53;97.330451965332;13.439588546753;13.439588546753;13.439588546753;13.439588546753;0;0;1;;
39;measure;kernel.c:52-53;2.5252528190613;0.34869211912155;0.34869208931923;0.34869208931923;0.34869208931923;0;0;1;;
33;measure;kernel.c:51-51;0.072150073945522;0.0099626304581761;0.0099626313894987;0.0099626313894987;0.0099626313894987;0;0;1;;
