block_id;module;source_info;time_p;time_s;time_s_min;time_s_avg;time_s_max;cov_deviation;time_deviation;nb_threads;flops;
37;measure;kernel.c:52-53;96.980590820313;6.7271823883057;6.7271823883057;6.7271823883057;6.7271823883057;0;0;1;;
39;measure;kernel.c:52-53;2.7318475246429;0.18949809670448;0.18949809670448;0.18949809670448;0.18949809670448;0;0;1;;
33;measure;kernel.c:51-51;0.14378143846989;0.0099735837429762;0.0099735837429762;0.0099735837429762;0.0099735837429762;0;0;1;;
