Node;Process;Thread;#max_time_on_cpu_s;#Stop Time US;Time (s);Math (%);#Elapsed Time;String (%);#Stop Time S;Others (%);System (%);#Start Time US;Memory (%);OMP (%);Binary (%);Nb Cycle Events;#max_context_switch_time_s;IO (%);#Start Time S;MPI (%);Pthread (%);
_ALL;_ALL;_ALL;0;585998;6.9366278648376;0;6.9366278648376;0;1742731534;0.14378144656298;0;649370;0;0;99.85622332837;1391.0000544638;0;0;1742731527;0;0;
MathieuMint;_ALL;_ALL;0;585998;6.9366278648376;0;6.9366278648376;0;1742731534;0.14378144656298;0;649370;0;0;99.85622332837;1391.0000544638;0;0;1742731527;0;0;
MathieuMint;14229;_ALL;0;585998;6.9366278648376;0;6.9366278648376;0;1742731534;0.14378144656298;0;649370;0;0;99.85622332837;1391.0000544638;0;0;1742731527;0;0;
MathieuMint;14229;14229;6.9301371574402;585998;6.9366278648376;0;6.9366278648376;0;1742731534;0.14378144656298;0;649370;0;0;99.85622332837;1391.0000544638;6.9301371574402;0;1742731527;0;0;
