loop_id;module;function_name;function_id;source_info;level;inc_time_p;inc_time_s;inc_time_s_min;inc_time_s_avg;inc_time_s_max;inc_cov_deviation;inc_time_deviation;exc_time_p;exc_time_s;exc_time_s_min;exc_time_s_avg;exc_time_s_max;exc_cov_deviation;exc_time_deviation;nb_threads;flops;
2;measure;kernel;6;kernel.c:52-53;Innermost;97.367462158203;13.445350646973;13.445351600647;13.445351600647;13.445351600647;0;0;97.367462158203;13.445350646973;13.445351600647;13.445351600647;13.445351600647;0;0;1;;
1;measure;kernel;6;kernel.c:52-53;Innermost;2.4522175788879;0.33862367272377;0.33862367272377;0.33862367272377;0.33862367272377;0;0;2.4522175788879;0.33862367272377;0.33862367272377;0.33862367272377;0.33862367272377;0;0;1;;
0;measure;kernel;6;kernel.c:51-52;Outermost;99.927864074707;13.798913955688;13.798913955688;13.798913955688;13.798913955688;0;0;0.10818607360125;0.014939280226827;0.014939280226827;0.014939280226827;0.014939280226827;0;0;1;;
