function_id;module;function_name;source_info;inc_time_p;inc_time_s;inc_time_s_min;inc_time_s_avg;inc_time_s_max;inc_cov_deviation;inc_time_deviation;exc_time_p;exc_time_s;exc_time_s_min;exc_time_s_avg;exc_time_s_max;exc_cov_deviation;exc_time_deviation;nb_threads;cats;label_name;flops;
6;measure;kernel;kernel.c:51-55;99.927871704102;13.798914909363;13.798914909363;13.798914909363;13.798914909363;0;0;3.6212622944731e-06;5.0005559160127e-07;5.0005559160127e-07;5.0005559160127e-07;5.0005559160127e-07;0;0;1;"100,0,0,0,0,0,0,0,0,0";kernel;;
217;libc.so.6;random;;0.036062024533749;0.0049797599203885;0.0049797599203885;0.0049797599203885;0.0049797599203885;0;0;0.036062024533749;0.0049797599203885;0.0049797599203885;0.0049797599203885;0.0049797599203885;0;0;1;"0,0,0,0,0,0,0,0,0,100";random;;
-1;kernel;unknown_kernel_region;;0.036062024533749;0.0049797599203885;0.0049797599203885;0.0049797599203885;0.0049797599203885;0;0;0;0;0;0;0;0;0;1;"0,0,0,0,100,0,0,0,0,0";unknown kernel region;;
