Node;Process;Thread;#max_time_on_cpu_s;#Stop Time US;Time (s);Math (%);#Elapsed Time;String (%);#Stop Time S;Others (%);System (%);#Start Time US;Memory (%);OMP (%);Binary (%);Nb Cycle Events;#max_context_switch_time_s;IO (%);#Start Time S;MPI (%);Pthread (%);
_ALL;_ALL;_ALL;0;657332;13.808875083923;0;13.808875083923;0;1742724139;0.036062023894645;0.036062023894645;848457;0;0;99.927874813072;2773.0002146343;0;0;1742724125;0;0;
MathieuMint;_ALL;_ALL;0;657332;13.808875083923;0;13.808875083923;0;1742724139;0.036062023894645;0.036062023894645;848457;0;0;99.927874813072;2773.0002146343;0;0;1742724125;0;0;
MathieuMint;3887;_ALL;0;657332;13.808875083923;0;13.808875083923;0;1742724139;0.036062023894645;0.036062023894645;848457;0;0;99.927874813072;2773.0002146343;0;0;1742724125;0;0;
MathieuMint;3887;3887;13.800611495972;657332;13.808875083923;0;13.808875083923;0;1742724139;0.036062023894645;0.036062023894645;848457;0;0;99.927874813072;2773.0002146343;13.800611495972;0;1742724125;0;0;
