Node;Process;Thread;#max_time_on_cpu_s;#Stop Time US;Time (s);Math (%);#Elapsed Time;String (%);#Stop Time S;Others (%);System (%);#Start Time US;Memory (%);OMP (%);Binary (%);Nb Cycle Events;#max_context_switch_time_s;IO (%);#Start Time S;MPI (%);Pthread (%);
_ALL;_ALL;_ALL;0;338651;13.807110786438;0;13.807110786438;0;1742726992;0.072124041508074;0;531540;0;0;99.927871796755;2773.0004561324;0;0;1742726978;0;0;
MathieuMint;_ALL;_ALL;0;338651;13.807110786438;0;13.807110786438;0;1742726992;0.072124041508074;0;531540;0;0;99.927871796755;2773.0004561324;0;0;1742726978;0;0;
MathieuMint;7289;_ALL;0;338651;13.807110786438;0;13.807110786438;0;1742726992;0.072124041508074;0;531540;0;0;99.927871796755;2773.0004561324;0;0;1742726978;0;0;
MathieuMint;7289;7289;13.797328948975;338651;13.807110786438;0;13.807110786438;0;1742726992;0.072124041508074;0;531540;0;0;99.927871796755;2773.0004561324;13.797328948975;0;1742726978;0;0;
