Node;Process;Thread;#max_time_on_cpu_s;#Stop Time US;Time (s);Math (%);#Elapsed Time;String (%);#Stop Time S;Others (%);System (%);#Start Time US;Memory (%);OMP (%);Binary (%);Nb Cycle Events;#max_context_switch_time_s;IO (%);#Start Time S;MPI (%);Pthread (%);
_ALL;_ALL;_ALL;0;338420;13.828751564026;0;13.828751564026;0;1742725866;0.072046093337905;0;509668;0;0;99.927951924284;2776.0006231285;0;0;1742725852;0;0;
MathieuMint;_ALL;_ALL;0;338420;13.828751564026;0;13.828751564026;0;1742725866;0.072046093337905;0;509668;0;0;99.927951924284;2776.0006231285;0;0;1742725852;0;0;
MathieuMint;5911;_ALL;0;338420;13.828751564026;0;13.828751564026;0;1742725866;0.072046093337905;0;509668;0;0;99.927951924284;2776.0006231285;0;0;1742725852;0;0;
MathieuMint;5911;5911;10.599801063538;338420;13.828751564026;0;13.828751564026;0;1742725866;0.072046093337905;0;509668;0;0;99.927951924284;2776.0006231285;10.599801063538;0;1742725852;0;0;
