function_id;module;function_name;source_info;inc_time_p;inc_time_s;inc_time_s_min;inc_time_s_avg;inc_time_s_max;inc_cov_deviation;inc_time_deviation;exc_time_p;exc_time_s;exc_time_s_min;exc_time_s_avg;exc_time_s_max;exc_cov_deviation;exc_time_deviation;nb_threads;cats;label_name;flops;
6;measure;kernel;kernel.c:51-55;99.927955627441;13.818788528442;13.818788528442;13.818788528442;13.818788528442;0;0;9.648371815274e-06;1.3342493048185e-06;1.3342494185054e-06;1.3342494185054e-06;1.3342494185054e-06;0;0;1;"100,0,0,0,0,0,0,0,0,0";kernel;;
217;libc.so.6;random;;0.036023046821356;0.0049815378151834;0.0049815378151834;0.0049815378151834;0.0049815378151834;0;0;0.036023046821356;0.0049815378151834;0.0049815378151834;0.0049815378151834;0.0049815378151834;0;0;1;"0,0,0,0,0,0,0,0,0,100";random;;
214;libc.so.6;srand;;0.036023046821356;0.0049815378151834;0.0049815378151834;0.0049815378151834;0.0049815378151834;0;0;0.036023046821356;0.0049815378151834;0.0049815378151834;0.0049815378151834;0.0049815378151834;0;0;1;"0,0,0,0,0,0,0,0,0,100";srand;;
