block_id;module;source_info;time_p;time_s;time_s_min;time_s_avg;time_s_max;cov_deviation;time_deviation;nb_threads;flops;
37;measure;kernel.c:52-53;96.902008056641;13.400338172913;13.400337219238;13.400337219238;13.400337219238;0;0;1;;
39;measure;kernel.c:52-53;2.9538898468018;0.40848606824875;0.40848609805107;0.40848609805107;0.40848609805107;0;0;1;;
33;measure;kernel.c:51-51;0.072046093642712;0.0099630756303668;0.0099630756303668;0.0099630756303668;0.0099630756303668;0;0;1;;
