Node;Process;Thread;#max_time_on_cpu_s;#Stop Time US;Time (s);Math (%);#Elapsed Time;String (%);#Stop Time S;Others (%);System (%);#Start Time US;Memory (%);OMP (%);Binary (%);Nb Cycle Events;#max_context_switch_time_s;IO (%);#Start Time S;MPI (%);Pthread (%);
_ALL;_ALL;_ALL;0;93776;13.859671592712;0;13.859671592712;0;1742727285;0.035919535904209;0.035919535904209;234104;0;0;99.928162923358;2784.0003352683;0;0;1742727271;0;0;
MathieuMint;_ALL;_ALL;0;93776;13.859671592712;0;13.859671592712;0;1742727285;0.035919535904209;0.035919535904209;234104;0;0;99.928162923358;2784.0003352683;0;0;1742727271;0;0;
MathieuMint;7674;_ALL;0;93776;13.859671592712;0;13.859671592712;0;1742727285;0.035919535904209;0.035919535904209;234104;0;0;99.928162923358;2784.0003352683;0;0;1742727271;0;0;
MathieuMint;7674;7674;13.852234840393;93776;13.859671592712;0;13.859671592712;0;1742727285;0.035919535904209;0.035919535904209;234104;0;0;99.928162923358;2784.0003352683;13.852234840393;0;1742727271;0;0;
