block_id;module;source_info;time_p;time_s;time_s_min;time_s_avg;time_s_max;cov_deviation;time_deviation;nb_threads;flops;
37;measure;kernel.c:52-53;97.48201751709;6.7581825256348;6.7581825256348;6.7581825256348;6.7581825256348;0;0;1;;
39;measure;kernel.c:52-53;2.4460434913635;0.16957803070545;0.16957801580429;0.16957801580429;0.16957801580429;0;0;1;;
