Node;Process;Thread;#max_time_on_cpu_s;#Stop Time US;Time (s);Math (%);#Elapsed Time;String (%);#Stop Time S;Others (%);System (%);#Start Time US;Memory (%);OMP (%);Binary (%);Nb Cycle Events;#max_context_switch_time_s;IO (%);#Start Time S;MPI (%);Pthread (%);
_ALL;_ALL;_ALL;0;112817;6.9327478408813;0;6.9327478408813;0;1742731456;0.071942452576524;0;180069;0;0;99.92805874234;1389.999873769;0;0;1742731449;0;0;
MathieuMint;_ALL;_ALL;0;112817;6.9327478408813;0;6.9327478408813;0;1742731456;0.071942452576524;0;180069;0;0;99.92805874234;1389.999873769;0;0;1742731449;0;0;
MathieuMint;14077;_ALL;0;112817;6.9327478408813;0;6.9327478408813;0;1742731456;0.071942452576524;0;180069;0;0;99.92805874234;1389.999873769;0;0;1742731449;0;0;
MathieuMint;14077;14077;6.9234881401062;112817;6.9327478408813;0;6.9327478408813;0;1742731456;0.071942452576524;0;180069;0;0;99.92805874234;1389.999873769;6.9234881401062;0;1742731449;0;0;
