Node;Process;Thread;#max_time_on_cpu_s;#Stop Time US;Time (s);Math (%);#Elapsed Time;String (%);#Stop Time S;Others (%);System (%);#Start Time US;Memory (%);OMP (%);Binary (%);Nb Cycle Events;#max_context_switch_time_s;IO (%);#Start Time S;MPI (%);Pthread (%);
_ALL;_ALL;_ALL;0;198762;13.813220977783;0;13.813220977783;0;1742724270;0.072098046852461;0;385541;0;0;99.927899459461;2774.0002500938;0;0;1742724256;0;0;
MathieuMint;_ALL;_ALL;0;198762;13.813220977783;0;13.813220977783;0;1742724270;0.072098046852461;0;385541;0;0;99.927899459461;2774.0002500938;0;0;1742724256;0;0;
MathieuMint;4118;_ALL;0;198762;13.813220977783;0;13.813220977783;0;1742724270;0.072098046852461;0;385541;0;0;99.927899459461;2774.0002500938;0;0;1742724256;0;0;
MathieuMint;4118;4118;8.5766630172729;198762;13.813220977783;0;13.813220977783;0;1742724270;0.072098046852461;0;385541;0;0;99.927899459461;2774.0002500938;8.5766630172729;0;1742724256;0;0;
