loop_id;module;function_name;function_id;source_info;level;inc_time_p;inc_time_s;inc_time_s_min;inc_time_s_avg;inc_time_s_max;inc_cov_deviation;inc_time_deviation;exc_time_p;exc_time_s;exc_time_s_min;exc_time_s_avg;exc_time_s_max;exc_cov_deviation;exc_time_deviation;nb_threads;flops;
2;measure;kernel;6;kernel.c:52-53;Innermost;97.260269165039;13.434775352478;13.434775352478;13.434775352478;13.434775352478;0;0;97.260269165039;13.434775352478;13.434775352478;13.434775352478;13.434775352478;0;0;1;;
1;measure;kernel;6;kernel.c:52-53;Innermost;2.5234317779541;0.3485671877861;0.34856721758842;0.34856721758842;0.34856721758842;0;0;2.5234317779541;0.3485671877861;0.34856721758842;0.34856721758842;0.34856721758842;0;0;1;;
0;measure;kernel;6;kernel.c:51-52;Outermost;99.927894592285;13.803260803223;13.803260803223;13.803260803223;13.803260803223;0;0;0.14419609308243;0.019918125122786;0.019918125122786;0.019918125122786;0.019918125122786;0;0;1;;
