block_id;module;source_info;time_p;time_s;time_s_min;time_s_avg;time_s_max;cov_deviation;time_deviation;nb_threads;flops;
37;measure;kernel.c:52-53;97.260269165039;13.434775352478;13.434775352478;13.434775352478;13.434775352478;0;0;1;;
39;measure;kernel.c:52-53;2.5234317779541;0.3485671877861;0.34856721758842;0.34856721758842;0.34856721758842;0;0;1;;
33;measure;kernel.c:51-51;0.14419609308243;0.019918125122786;0.019918125122786;0.019918125122786;0.019918125122786;0;0;1;;
