function_id;module;function_name;source_info;inc_time_p;inc_time_s;inc_time_s_min;inc_time_s_avg;inc_time_s_max;inc_cov_deviation;inc_time_deviation;exc_time_p;exc_time_s;exc_time_s_min;exc_time_s_avg;exc_time_s_max;exc_cov_deviation;exc_time_deviation;nb_threads;cats;label_name;flops;
6;measure;kernel;kernel.c:51-55;99.92790222168;13.803261756897;13.803261756897;13.803261756897;13.803261756897;0;0;6.1383057072817e-06;8.4789769516647e-07;8.4789775200989e-07;8.4789775200989e-07;8.4789775200989e-07;0;0;1;"100,0,0,0,0,0,0,0,0,0";kernel;;
221;libc.so.6;random_r;;0.036049023270607;0.0049795312806964;0.0049795312806964;0.0049795312806964;0.0049795312806964;0;0;0.036049023270607;0.0049795312806964;0.0049795312806964;0.0049795312806964;0.0049795312806964;0;0;1;"0,0,0,0,0,0,0,0,0,100";random_r;;
217;libc.so.6;random;;0.036049023270607;0.0049795312806964;0.0049795312806964;0.0049795312806964;0.0049795312806964;0;0;0.036049023270607;0.0049795312806964;0.0049795312806964;0.0049795312806964;0.0049795312806964;0;0;1;"0,0,0,0,0,0,0,0,0,100";random;;
