loop_id;module;function_name;function_id;source_info;level;inc_time_p;inc_time_s;inc_time_s_min;inc_time_s_avg;inc_time_s_max;inc_cov_deviation;inc_time_deviation;exc_time_p;exc_time_s;exc_time_s_min;exc_time_s_avg;exc_time_s_max;exc_cov_deviation;exc_time_deviation;nb_threads;flops;
2;measure;kernel;6;kernel.c:52-53;Innermost;96.827697753906;13.366975784302;13.366975784302;13.366975784302;13.366975784302;0;0;96.827697753906;13.366975784302;13.366975784302;13.366975784302;13.366975784302;0;0;1;;
1;measure;kernel;6;kernel.c:52-53;Innermost;3.0641679763794;0.42300564050674;0.42300561070442;0.42300561070442;0.42300561070442;0;0;3.0641679763794;0.42300564050674;0.42300561070442;0.42300561070442;0.42300561070442;0;0;1;;
0;measure;kernel;6;kernel.c:51-52;Outermost;99.927917480469;13.794959068298;13.794959068298;13.794959068298;13.794959068298;0;0;0.036049034446478;0.0049765366129577;0.0049765366129577;0.0049765366129577;0.0049765366129577;0;0;1;;
