Node;Process;Thread;#max_time_on_cpu_s;#Stop Time US;Time (s);Math (%);#Elapsed Time;String (%);#Stop Time S;Others (%);System (%);#Start Time US;Memory (%);OMP (%);Binary (%);Nb Cycle Events;#max_context_switch_time_s;IO (%);#Start Time S;MPI (%);Pthread (%);
_ALL;_ALL;_ALL;0;635469;13.804909706116;0;13.804909706116;0;1742727382;0.072098067088974;0;830559;0;0;99.927905740994;2773.9994714863;0;0;1742727368;0;0;
MathieuMint;_ALL;_ALL;0;635469;13.804909706116;0;13.804909706116;0;1742727382;0.072098067088974;0;830559;0;0;99.927905740994;2773.9994714863;0;0;1742727368;0;0;
MathieuMint;7800;_ALL;0;635469;13.804909706116;0;13.804909706116;0;1742727382;0.072098067088974;0;830559;0;0;99.927905740994;2773.9994714863;0;0;1742727368;0;0;
MathieuMint;7800;7800;13.796441078186;635469;13.804909706116;0;13.804909706116;0;1742727382;0.072098067088974;0;830559;0;0;99.927905740994;2773.9994714863;13.796441078186;0;1742727368;0;0;
