Node;Process;Thread;#max_time_on_cpu_s;#Stop Time US;Time (s);Math (%);#Elapsed Time;String (%);#Stop Time S;Others (%);System (%);#Start Time US;Memory (%);OMP (%);Binary (%);Nb Cycle Events;#max_context_switch_time_s;IO (%);#Start Time S;MPI (%);Pthread (%);
_ALL;_ALL;_ALL;0;781952;13.808076858521;0;13.808076858521;0;1742726791;0.03602305124775;0;973875;0;0;99.96397569575;2776.0002702782;0;0;1742726777;0;0;
MathieuMint;_ALL;_ALL;0;781952;13.808076858521;0;13.808076858521;0;1742726791;0.03602305124775;0;973875;0;0;99.96397569575;2776.0002702782;0;0;1742726777;0;0;
MathieuMint;7066;_ALL;0;781952;13.808076858521;0;13.808076858521;0;1742726791;0.03602305124775;0;973875;0;0;99.96397569575;2776.0002702782;0;0;1742726777;0;0;
MathieuMint;7066;7066;13.800663948059;781952;13.808076858521;0;13.808076858521;0;1742726791;0.03602305124775;0;973875;0;0;99.96397569575;2776.0002702782;13.800663948059;0;1742726777;0;0;
