block_id;module;source_info;time_p;time_s;time_s_min;time_s_avg;time_s_max;cov_deviation;time_deviation;nb_threads;flops;
37;measure;kernel.c:52-53;96.610168457031;6.828727722168;6.828727722168;6.828727722168;6.828727722168;0;0;1;;
39;measure;kernel.c:52-53;3.2485861778259;0.22962085902691;0.22962084412575;0.22962084412575;0.22962084412575;0;0;1;;
33;measure;kernel.c:51-51;0.070621438324451;0.0049917581491172;0.0049917576834559;0.0049917576834559;0.0049917576834559;0;0;1;;
