loop_id;module;function_name;function_id;source_info;level;inc_time_p;inc_time_s;inc_time_s_min;inc_time_s_avg;inc_time_s_max;inc_cov_deviation;inc_time_deviation;exc_time_p;exc_time_s;exc_time_s_min;exc_time_s_avg;exc_time_s_max;exc_cov_deviation;exc_time_deviation;nb_threads;flops;
2;measure;kernel;6;kernel.c:52-53;Innermost;96.610168457031;6.828727722168;6.828727722168;6.828727722168;6.828727722168;0;0;96.610168457031;6.828727722168;6.828727722168;6.828727722168;6.828727722168;0;0;1;;
1;measure;kernel;6;kernel.c:52-53;Innermost;3.2485861778259;0.22962085902691;0.22962084412575;0.22962084412575;0.22962084412575;0;0;3.2485861778259;0.22962085902691;0.22962084412575;0.22962084412575;0.22962084412575;0;0;1;;
0;measure;kernel;6;kernel.c:51-52;Outermost;99.929374694824;7.0633401870728;7.0633401870728;7.0633401870728;7.0633401870728;0;0;0.070621438324451;0.0049917581491172;0.0049917576834559;0.0049917576834559;0.0049917576834559;0;0;1;;
