loop_id;module;function_name;function_id;source_info;level;inc_time_p;inc_time_s;inc_time_s_min;inc_time_s_avg;inc_time_s_max;inc_cov_deviation;inc_time_deviation;exc_time_p;exc_time_s;exc_time_s_min;exc_time_s_avg;exc_time_s_max;exc_cov_deviation;exc_time_deviation;nb_threads;flops;
2;measure;kernel;6;kernel.c:52-53;Innermost;97.259300231934;13.429152488708;13.429151535034;13.429151535034;13.429151535034;0;0;97.259300231934;13.429152488708;13.429151535034;13.429151535034;13.429151535034;0;0;1;;
1;measure;kernel;6;kernel.c:52-53;Innermost;2.5243425369263;0.34855052828789;0.34855049848557;0.34855049848557;0.34855049848557;0;0;2.5243425369263;0.34855052828789;0.34855049848557;0.34855049848557;0.34855049848557;0;0;1;;
0;measure;kernel;6;kernel.c:51-52;Outermost;99.819702148438;13.782681465149;13.782681465149;13.782681465149;13.782681465149;0;0;0.036062031984329;0.004979292396456;0.0049792928621173;0.0049792928621173;0.0049792928621173;0;0;1;;
