block_id;module;source_info;time_p;time_s;time_s_min;time_s_avg;time_s_max;cov_deviation;time_deviation;nb_threads;flops;
37;measure;kernel.c:52-53;97.259300231934;13.429152488708;13.429151535034;13.429151535034;13.429151535034;0;0;1;;
39;measure;kernel.c:52-53;2.5243425369263;0.34855052828789;0.34855049848557;0.34855049848557;0.34855049848557;0;0;1;;
33;measure;kernel.c:51-51;0.036062031984329;0.004979292396456;0.0049792928621173;0.0049792928621173;0.0049792928621173;0;0;1;;
