Node;Process;Thread;#max_time_on_cpu_s;#Stop Time US;Time (s);Math (%);#Elapsed Time;String (%);#Stop Time S;Others (%);System (%);#Start Time US;Memory (%);OMP (%);Binary (%);Nb Cycle Events;#max_context_switch_time_s;IO (%);#Start Time S;MPI (%);Pthread (%);
_ALL;_ALL;_ALL;0;926177;6.937216758728;0;6.937216758728;0;1742731492;0.28756280255824;0;988960;0;0;99.712437078034;1391.0004925584;0;0;1742731485;0;0;
MathieuMint;_ALL;_ALL;0;926177;6.937216758728;0;6.937216758728;0;1742731492;0.28756280255824;0;988960;0;0;99.712437078034;1391.0004925584;0;0;1742731485;0;0;
MathieuMint;14161;_ALL;0;926177;6.937216758728;0;6.937216758728;0;1742731492;0.28756280255824;0;988960;0;0;99.712437078034;1391.0004925584;0;0;1742731485;0;0;
MathieuMint;14161;14161;4.2663531303406;926177;6.937216758728;0;6.937216758728;0;1742731492;0.28756280255824;0;988960;0;0;99.712437078034;1391.0004925584;4.2663531303406;0;1742731485;0;0;
