Node;Process;Thread;#max_time_on_cpu_s;#Stop Time US;Time (s);Math (%);#Elapsed Time;String (%);#Stop Time S;Others (%);System (%);#Start Time US;Memory (%);OMP (%);Binary (%);Nb Cycle Events;#max_context_switch_time_s;IO (%);#Start Time S;MPI (%);Pthread (%);
_ALL;_ALL;_ALL;0;459432;13.414998054504;0;13.426662445068;0;1742767688;0.26090200847495;0;32770;0;0;99.739101472596;2682.9996598789;0;0;1742767675;0;0;
linuxbox;_ALL;_ALL;0;459432;13.414998054504;0;13.426662445068;0;1742767688;0.26090200847495;0;32770;0;0;99.739101472596;2682.9996598789;0;0;1742767675;0;0;
linuxbox;492450;_ALL;0;459432;13.414998054504;0;13.426662445068;0;1742767688;0.26090200847495;0;32770;0;0;99.739101472596;2682.9996598789;0;0;1742767675;0;0;
linuxbox;492450;492450;3.3997650146484;459432;13.414998054504;0;13.426662445068;0;1742767688;0.26090200847495;0;32770;0;0;99.739101472596;2682.9996598789;3.3997650146484;0;1742767675;0;0;
