Node;Process;Thread;#max_time_on_cpu_s;#Stop Time US;Time (s);Math (%);#Elapsed Time;String (%);#Stop Time S;Others (%);System (%);#Start Time US;Memory (%);OMP (%);Binary (%);Nb Cycle Events;#max_context_switch_time_s;IO (%);#Start Time S;MPI (%);Pthread (%);
_ALL;_ALL;_ALL;0;946913;13.808952331543;0;13.808952331543;0;1742725470;0.10818606825828;0;137961;0;0;99.891822296064;2773.00030244;0;0;1742725457;0;0;
MathieuMint;_ALL;_ALL;0;946913;13.808952331543;0;13.808952331543;0;1742725470;0.10818606825828;0;137961;0;0;99.891822296064;2773.00030244;0;0;1742725457;0;0;
MathieuMint;5463;_ALL;0;946913;13.808952331543;0;13.808952331543;0;1742725470;0.10818606825828;0;137961;0;0;99.891822296064;2773.00030244;0;0;1742725457;0;0;
MathieuMint;5463;5463;7.8252410888672;946913;13.808952331543;0;13.808952331543;0;1742725470;0.10818606825828;0;137961;0;0;99.891822296064;2773.00030244;7.8252410888672;0;1742725457;0;0;
