loop_id;module;function_name;function_id;source_info;level;inc_time_p;inc_time_s;inc_time_s_min;inc_time_s_avg;inc_time_s_max;inc_cov_deviation;inc_time_deviation;exc_time_p;exc_time_s;exc_time_s_min;exc_time_s_avg;exc_time_s_max;exc_cov_deviation;exc_time_deviation;nb_threads;flops;
2;measure;kernel;6;kernel.c:52-53;Innermost;97.038642883301;13.396963119507;13.396963119507;13.396963119507;13.396963119507;0;0;97.038642883301;13.396963119507;13.396963119507;13.396963119507;13.396963119507;0;0;1;;
1;measure;kernel;6;kernel.c:52-53;Innermost;2.8530173301697;0.39388191699982;0.39388194680214;0.39388194680214;0.39388194680214;0;0;2.8530173301697;0.39388191699982;0.39388194680214;0.39388194680214;0.39388194680214;0;0;1;;
0;measure;kernel;6;kernel.c:51-52;Outermost;99.927772521973;13.795830726624;13.795831680298;13.795831680298;13.795831680298;0;0;0.036114141345024;0.0049858465790749;0.0049858470447361;0.0049858470447361;0.0049858470447361;0;0;1;;
