Node;Process;Thread;#max_time_on_cpu_s;#Stop Time US;Time (s);Math (%);#Elapsed Time;String (%);#Stop Time S;Others (%);System (%);#Start Time US;Memory (%);OMP (%);Binary (%);Nb Cycle Events;#max_context_switch_time_s;IO (%);#Start Time S;MPI (%);Pthread (%);
_ALL;_ALL;_ALL;0;208584;13.805802345276;0;13.805802345276;0;1742725552;0.036114143689543;0.036114143689543;402782;0;0;99.927768635038;2768.9982312651;0;0;1742725538;0;0;
MathieuMint;_ALL;_ALL;0;208584;13.805802345276;0;13.805802345276;0;1742725552;0.036114143689543;0.036114143689543;402782;0;0;99.927768635038;2768.9982312651;0;0;1742725538;0;0;
MathieuMint;5570;_ALL;0;208584;13.805802345276;0;13.805802345276;0;1742725552;0.036114143689543;0.036114143689543;402782;0;0;99.927768635038;2768.9982312651;0;0;1742725538;0;0;
MathieuMint;5570;5570;8.7342758178711;208584;13.805802345276;0;13.805802345276;0;1742725552;0.036114143689543;0.036114143689543;402782;0;0;99.927768635038;2768.9982312651;8.7342758178711;0;1742725538;0;0;
