Node;Process;Thread;#max_time_on_cpu_s;#Stop Time US;Time (s);Math (%);#Elapsed Time;String (%);#Stop Time S;Others (%);System (%);#Start Time US;Memory (%);OMP (%);Binary (%);Nb Cycle Events;#max_context_switch_time_s;IO (%);#Start Time S;MPI (%);Pthread (%);
_ALL;_ALL;_ALL;0;810302;13.429998397827;0;13.443125724792;0;1742767798;0.48399108403183;0;367176;0;0;99.516013809755;2685.9998395658;0;0;1742767785;0;0;
linuxbox;_ALL;_ALL;0;810302;13.429998397827;0;13.443125724792;0;1742767798;0.48399108403183;0;367176;0;0;99.516013809755;2685.9998395658;0;0;1742767785;0;0;
linuxbox;492724;_ALL;0;810302;13.429998397827;0;13.443125724792;0;1742767798;0.48399108403183;0;367176;0;0;99.516013809755;2685.9998395658;0;0;1742767785;0;0;
linuxbox;492724;492724;4.8262538909912;810302;13.429998397827;0;13.443125724792;0;1742767798;0.48399108403183;0;367176;0;0;99.516013809755;2685.9998395658;4.8262538909912;0;1742767785;0;0;
