Node;Process;Thread;#max_time_on_cpu_s;#Stop Time US;Time (s);Math (%);#Elapsed Time;String (%);#Stop Time S;Others (%);System (%);#Start Time US;Memory (%);OMP (%);Binary (%);Nb Cycle Events;#max_context_switch_time_s;IO (%);#Start Time S;MPI (%);Pthread (%);
_ALL;_ALL;_ALL;0;170588;13.809990882874;0;13.809990882874;0;1742724172;0.072098040137934;0;360597;0;0;99.92789724129;2774.0005084378;0;0;1742724158;0;0;
MathieuMint;_ALL;_ALL;0;170588;13.809990882874;0;13.809990882874;0;1742724172;0.072098040137934;0;360597;0;0;99.92789724129;2774.0005084378;0;0;1742724158;0;0;
MathieuMint;3928;_ALL;0;170588;13.809990882874;0;13.809990882874;0;1742724172;0.072098040137934;0;360597;0;0;99.92789724129;2774.0005084378;0;0;1742724158;0;0;
MathieuMint;3928;3928;13.232859611511;170588;13.809990882874;0;13.809990882874;0;1742724172;0.072098040137934;0;360597;0;0;99.92789724129;2774.0005084378;13.232859611511;0;1742724158;0;0;
