block_id;module;source_info;time_p;time_s;time_s_min;time_s_avg;time_s_max;cov_deviation;time_deviation;nb_threads;flops;
37;measure;kernel.c:52-53;97.404457092285;13.451546669006;13.451546669006;13.451546669006;13.451546669006;0;0;1;;
39;measure;kernel.c:52-53;2.4513335227966;0.3385289311409;0.3385289311409;0.3385289311409;0.3385289311409;0;0;1;;
33;measure;kernel.c:51-51;0.072098039090633;0.0099567323923111;0.0099567333236337;0.0099567333236337;0.0099567333236337;0;0;1;;
