Node;Process;Thread;#max_time_on_cpu_s;#Stop Time US;Time (s);Math (%);#Elapsed Time;String (%);#Stop Time S;Others (%);System (%);#Start Time US;Memory (%);OMP (%);Binary (%);Nb Cycle Events;#max_context_switch_time_s;IO (%);#Start Time S;MPI (%);Pthread (%);
_ALL;_ALL;_ALL;0;614446;13.80687713623;0;13.80687713623;0;1742727317;0.10830322504508;0;807569;0;0;99.891693883947;2770.0005384695;0;0;1742727303;0;0;
MathieuMint;_ALL;_ALL;0;614446;13.80687713623;0;13.80687713623;0;1742727317;0.10830322504508;0;807569;0;0;99.891693883947;2770.0005384695;0;0;1742727303;0;0;
MathieuMint;7717;_ALL;0;614446;13.80687713623;0;13.80687713623;0;1742727317;0.10830322504508;0;807569;0;0;99.891693883947;2770.0005384695;0;0;1742727303;0;0;
MathieuMint;7717;7717;8.5138168334961;614446;13.80687713623;0;13.80687713623;0;1742727317;0.10830322504508;0;807569;0;0;99.891693883947;2770.0005384695;8.5138168334961;0;1742727303;0;0;
