Node;Process;Thread;#max_time_on_cpu_s;#Stop Time US;Time (s);Math (%);#Elapsed Time;String (%);#Stop Time S;Others (%);System (%);#Start Time US;Memory (%);OMP (%);Binary (%);Nb Cycle Events;#max_context_switch_time_s;IO (%);#Start Time S;MPI (%);Pthread (%);
_ALL;_ALL;_ALL;0;871889;13.807576179504;0;13.807576179504;0;1742725340;0.14424813731473;0.036062034328683;64313;0;0;99.81970200229;2772.9994123061;0;0;1742725327;0;0;
MathieuMint;_ALL;_ALL;0;871889;13.807576179504;0;13.807576179504;0;1742725340;0.14424813731473;0.036062034328683;64313;0;0;99.81970200229;2772.9994123061;0;0;1742725327;0;0;
MathieuMint;5294;_ALL;0;871889;13.807576179504;0;13.807576179504;0;1742725340;0.14424813731473;0.036062034328683;64313;0;0;99.81970200229;2772.9994123061;0;0;1742725327;0;0;
MathieuMint;5294;5294;13.796522140503;871889;13.807576179504;0;13.807576179504;0;1742725340;0.14424813731473;0.036062034328683;64313;0;0;99.81970200229;2772.9994123061;13.796522140503;0;1742725327;0;0;
