loop_id;module;function_name;function_id;source_info;level;inc_time_p;inc_time_s;inc_time_s_min;inc_time_s_avg;inc_time_s_max;inc_cov_deviation;inc_time_deviation;exc_time_p;exc_time_s;exc_time_s_min;exc_time_s_avg;exc_time_s_max;exc_cov_deviation;exc_time_deviation;nb_threads;flops;
2;measure;kernel;6;kernel.c:52-53;Innermost;97.043975830078;13.403403282166;13.403402328491;13.403402328491;13.403402328491;0;0;97.043975830078;13.403403282166;13.403402328491;13.403402328491;13.403402328491;0;0;1;;
1;measure;kernel;6;kernel.c:52-53;Innermost;2.9199712276459;0.40329706668854;0.40329706668854;0.40329706668854;0.40329706668854;0;0;2.9199712276459;0.40329706668854;0.40329706668854;0.40329706668854;0.40329706668854;0;0;1;;
0;measure;kernel;6;kernel.c:51-52;Outermost;99.999992370605;13.811678886414;13.811678886414;13.811678886414;13.811678886414;0;0;0.036049023270607;0.0049789757467806;0.0049789757467806;0.0049789757467806;0.0049789757467806;0;0;1;;
