Node;Process;Thread;#max_time_on_cpu_s;#Stop Time US;Time (s);Math (%);#Elapsed Time;String (%);#Stop Time S;Others (%);System (%);#Start Time US;Memory (%);OMP (%);Binary (%);Nb Cycle Events;#max_context_switch_time_s;IO (%);#Start Time S;MPI (%);Pthread (%);
_ALL;_ALL;_ALL;0;740028;13.804409980774;0;13.804409980774;0;1742726661;0;0.036088050792864;935618;0;0;99.963915452265;2771.00031182;0;0;1742726647;0;0;
MathieuMint;_ALL;_ALL;0;740028;13.804409980774;0;13.804409980774;0;1742726661;0;0.036088050792864;935618;0;0;99.963915452265;2771.00031182;0;0;1742726647;0;0;
MathieuMint;6899;_ALL;0;740028;13.804409980774;0;13.804409980774;0;1742726661;0;0.036088050792864;935618;0;0;99.963915452265;2771.00031182;0;0;1742726647;0;0;
MathieuMint;6899;6899;10.841064453125;740028;13.804409980774;0;13.804409980774;0;1742726661;0;0.036088050792864;935618;0;0;99.963915452265;2771.00031182;10.841064453125;0;1742726647;0;0;
