loop_id;module;function_name;function_id;source_info;level;inc_time_p;inc_time_s;inc_time_s_min;inc_time_s_avg;inc_time_s_max;inc_cov_deviation;inc_time_deviation;exc_time_p;exc_time_s;exc_time_s_min;exc_time_s_avg;exc_time_s_max;exc_cov_deviation;exc_time_deviation;nb_threads;flops;
2;measure;kernel;6;kernel.c:52-53;Innermost;97.006851196289;13.393180847168;13.393180847168;13.393180847168;13.393180847168;0;0;97.006851196289;13.393180847168;13.393180847168;13.393180847168;13.393180847168;0;0;1;;
1;measure;kernel;6;kernel.c:52-53;Innermost;2.8128380775452;0.38835245370865;0.38835245370865;0.38835245370865;0.38835245370865;0;0;2.8128380775452;0.38835245370865;0.38835245370865;0.38835245370865;0.38835245370865;0;0;1;;
0;measure;kernel;6;kernel.c:51-52;Outermost;99.891815185547;13.791491508484;13.791491508484;13.791491508484;13.791491508484;0;0;0.072124049067497;0.009957754984498;0.009957754984498;0.009957754984498;0.009957754984498;0;0;1;;
