block_id;module;source_info;time_p;time_s;time_s_min;time_s_avg;time_s_max;cov_deviation;time_deviation;nb_threads;flops;
37;measure;kernel.c:52-53;97.006851196289;13.393180847168;13.393180847168;13.393180847168;13.393180847168;0;0;1;;
39;measure;kernel.c:52-53;2.8128380775452;0.38835245370865;0.38835245370865;0.38835245370865;0.38835245370865;0;0;1;;
33;measure;kernel.c:51-51;0.072124049067497;0.009957754984498;0.009957754984498;0.009957754984498;0.009957754984498;0;0;1;;
