Node;Process;Thread;#max_time_on_cpu_s;#Stop Time US;Time (s);Math (%);#Elapsed Time;String (%);#Stop Time S;Others (%);System (%);#Start Time US;Memory (%);OMP (%);Binary (%);Nb Cycle Events;#max_context_switch_time_s;IO (%);#Start Time S;MPI (%);Pthread (%);
_ALL;_ALL;_ALL;0;333494;13.806427955627;0;13.806427955627;0;1742726240;0.10818607261015;0;527066;0;0;99.891811408846;2773.0001908939;0;0;1742726226;0;0;
MathieuMint;_ALL;_ALL;0;333494;13.806427955627;0;13.806427955627;0;1742726240;0.10818607261015;0;527066;0;0;99.891811408846;2773.0001908939;0;0;1742726226;0;0;
MathieuMint;6406;_ALL;0;333494;13.806427955627;0;13.806427955627;0;1742726240;0.10818607261015;0;527066;0;0;99.891811408846;2773.0001908939;0;0;1742726226;0;0;
MathieuMint;6406;6406;13.79762172699;333494;13.806427955627;0;13.806427955627;0;1742726240;0.10818607261015;0;527066;0;0;99.891811408846;2773.0001908939;13.79762172699;0;1742726226;0;0;
