block_id;module;source_info;time_p;time_s;time_s_min;time_s_avg;time_s_max;cov_deviation;time_deviation;nb_threads;flops;
37;measure;kernel.c:52-53;96.252601623535;6.9349985122681;6.9349985122681;6.9349985122681;6.9349985122681;0;0;1;;
39;measure;kernel.c:52-53;3.4698123931885;0.24999994039536;0.24999994039536;0.24999994039536;0.24999994039536;0;0;1;;
33;measure;kernel.c:51-51;0.13879251480103;0.00999999884516;0.00999999884516;0.00999999884516;0.00999999884516;0;0;1;;
