Node;Process;Thread;#max_time_on_cpu_s;#Stop Time US;Time (s);Math (%);#Elapsed Time;String (%);#Stop Time S;Others (%);System (%);#Start Time US;Memory (%);OMP (%);Binary (%);Nb Cycle Events;#max_context_switch_time_s;IO (%);#Start Time S;MPI (%);Pthread (%);
_ALL;_ALL;_ALL;0;962128;13.811058044434;0;13.811058044434;0;1742727154;0;0;151070;0;0;100;2772.0001376268;0;0;1742727141;0;0;
MathieuMint;_ALL;_ALL;0;962128;13.811058044434;0;13.811058044434;0;1742727154;0;0;151070;0;0;100;2772.0001376268;0;0;1742727141;0;0;
MathieuMint;7495;_ALL;0;962128;13.811058044434;0;13.811058044434;0;1742727154;0;0;151070;0;0;100;2772.0001376268;0;0;1742727141;0;0;
MathieuMint;7495;7495;9.9542617797852;962128;13.811058044434;0;13.811058044434;0;1742727154;0;0;151070;0;0;100;2772.0001376268;9.9542617797852;0;1742727141;0;0;
