block_id;module;source_info;time_p;time_s;time_s_min;time_s_avg;time_s_max;cov_deviation;time_deviation;nb_threads;flops;
37;measure;kernel.c:52-53;97.257301330566;13.433113098145;13.433113098145;13.433113098145;13.433113098145;0;0;1;;
39;measure;kernel.c:52-53;2.5622522830963;0.35389655828476;0.35389658808708;0.35389658808708;0.35389658808708;0;0;1;;
33;measure;kernel.c:51-51;0.072176121175289;0.0099689168855548;0.0099689168855548;0.0099689168855548;0.0099689168855548;0;0;1;;
