Node;Process;Thread;#max_time_on_cpu_s;#Stop Time US;Time (s);Math (%);#Elapsed Time;String (%);#Stop Time S;Others (%);System (%);#Start Time US;Memory (%);OMP (%);Binary (%);Nb Cycle Events;#max_context_switch_time_s;IO (%);#Start Time S;MPI (%);Pthread (%);
_ALL;_ALL;_ALL;0;116639;13.808205604553;0;13.808205604553;0;1742725292;0.072150078155034;0;308433;0;0;99.927852404317;2771.9997692899;0;0;1742725278;0;0;
MathieuMint;_ALL;_ALL;0;116639;13.808205604553;0;13.808205604553;0;1742725292;0.072150078155034;0;308433;0;0;99.927852404317;2771.9997692899;0;0;1742725278;0;0;
MathieuMint;5230;_ALL;0;116639;13.808205604553;0;13.808205604553;0;1742725292;0.072150078155034;0;308433;0;0;99.927852404317;2771.9997692899;0;0;1742725278;0;0;
MathieuMint;5230;5230;13.798221588135;116639;13.808205604553;0;13.808205604553;0;1742725292;0.072150078155034;0;308433;0;0;99.927852404317;2771.9997692899;13.798221588135;0;1742725278;0;0;
