Node;Process;Thread;#max_time_on_cpu_s;#Stop Time US;Time (s);Math (%);#Elapsed Time;String (%);#Stop Time S;Others (%);System (%);#Start Time US;Memory (%);OMP (%);Binary (%);Nb Cycle Events;#max_context_switch_time_s;IO (%);#Start Time S;MPI (%);Pthread (%);
_ALL;_ALL;_ALL;0;430999;13.807440757751;0;13.807440757751;0;1742724188;0.072254344587654;0;623558;0;0;99.927749308652;2767.9996426703;0;0;1742724174;0;0;
MathieuMint;_ALL;_ALL;0;430999;13.807440757751;0;13.807440757751;0;1742724188;0.072254344587654;0;623558;0;0;99.927749308652;2767.9996426703;0;0;1742724174;0;0;
MathieuMint;3948;_ALL;0;430999;13.807440757751;0;13.807440757751;0;1742724188;0.072254344587654;0;623558;0;0;99.927749308652;2767.9996426703;0;0;1742724174;0;0;
MathieuMint;3948;3948;9.8496799468994;430999;13.807440757751;0;13.807440757751;0;1742724188;0.072254344587654;0;623558;0;0;99.927749308652;2767.9996426703;9.8496799468994;0;1742724174;0;0;
