block_id;module;source_info;time_p;time_s;time_s_min;time_s_avg;time_s_max;cov_deviation;time_deviation;nb_threads;flops;
37;measure;kernel.c:52-53;96.978408813477;6.7232704162598;6.7232708930969;6.7232708930969;6.7232708930969;0;0;1;;
39;measure;kernel.c:52-53;2.6618690490723;0.18454071879387;0.18454073369503;0.18454073369503;0.18454073369503;0;0;1;;
33;measure;kernel.c:51-51;0.071942411363125;0.0049875872209668;0.0049875872209668;0.0049875872209668;0.0049875872209668;0;0;1;;
