function_id;module;function_name;source_info;inc_time_p;inc_time_s;inc_time_s_min;inc_time_s_avg;inc_time_s_max;inc_cov_deviation;inc_time_deviation;exc_time_p;exc_time_s;exc_time_s_min;exc_time_s_avg;exc_time_s_max;exc_cov_deviation;exc_time_deviation;nb_threads;cats;label_name;flops;
6;measure;kernel;kernel.c:51-55;99.712226867676;6.9127993583679;6.9127988815308;6.9127988815308;6.9127988815308;0;0;1.3863808590031e-06;9.6114320058405e-08;9.6114320058405e-08;9.6114320058405e-08;9.6114320058405e-08;0;0;1;"100,0,0,0,0,0,0,0,0,0";kernel;;
217;libc.so.6;random;;0.21582722663879;0.0149627616629;0.014962762594223;0.014962762594223;0.014962762594223;0;0;0.21582722663879;0.0149627616629;0.014962762594223;0.014962762594223;0.014962762594223;0;0;1;"0,0,0,0,0,0,0,0,0,100";random;;
-1;kernel;unknown_kernel_region;;0.071942411363125;0.0049875872209668;0.0049875872209668;0.0049875872209668;0.0049875872209668;0;0;0;0;0;0;0;0;0;1;"0,0,0,0,100,0,0,0,0,0";unknown kernel region;;
