Node;Process;Thread;#max_time_on_cpu_s;#Stop Time US;Time (s);Math (%);#Elapsed Time;String (%);#Stop Time S;Others (%);System (%);#Start Time US;Memory (%);OMP (%);Binary (%);Nb Cycle Events;#max_context_switch_time_s;IO (%);#Start Time S;MPI (%);Pthread (%);
_ALL;_ALL;_ALL;0;826482;0.33499997854233;0;0.33976501226425;0;1742767319;14.925372394515;0;486717;0;0;85.074627605485;67.000000713501;0;0;1742767319;0;0;
linuxbox;_ALL;_ALL;0;826482;0.33499997854233;0;0.33976501226425;0;1742767319;14.925372394515;0;486717;0;0;85.074627605485;67.000000713501;0;0;1742767319;0;0;
linuxbox;491925;_ALL;0;826482;0.33499997854233;0;0.33976501226425;0;1742767319;14.925372394515;0;486717;0;0;85.074627605485;67.000000713501;0;0;1742767319;0;0;
linuxbox;491925;491925;0.33047100901604;826482;0.33499997854233;0;0.33976501226425;0;1742767319;14.925372394515;0;486717;0;0;85.074627605485;67.000000713501;0.33047100901604;0;1742767319;0;0;
