function_id;module;function_name;source_info;inc_time_p;inc_time_s;inc_time_s_min;inc_time_s_avg;inc_time_s_max;inc_cov_deviation;inc_time_deviation;exc_time_p;exc_time_s;exc_time_s_min;exc_time_s_avg;exc_time_s_max;exc_cov_deviation;exc_time_deviation;nb_threads;cats;label_name;flops;
7;measure;kernel;kernel.c:47-56;99.701614379883;13.36499786377;13.36499786377;13.36499786377;13.36499786377;0;0;0;0;0;0;0;0;0;1;"100,0,0,0,0,0,0,0,0,0";kernel;;
217;libc.so.6;random;;0.26109665632248;0.035000000149012;0.035000000149012;0.035000000149012;0.035000000149012;0;0;0.26109665632248;0.035000000149012;0.035000000149012;0.035000000149012;0.035000000149012;0;0;1;"0,0,0,0,0,0,0,0,0,100";random;;
221;libc.so.6;random_r;;0.037299524992704;0.0049999998882413;0.0049999998882413;0.0049999998882413;0.0049999998882413;0;0;0.037299524992704;0.0049999998882413;0.0049999998882413;0.0049999998882413;0.0049999998882413;0;0;1;"0,0,0,0,0,0,0,0,0,100";random_r;;
