block_id;module;source_info;time_p;time_s;time_s_min;time_s_avg;time_s_max;cov_deviation;time_deviation;nb_threads;flops;
110;measure;kernel.c:52-53;96.381958007813;12.919998168945;12.91999912262;12.91999912262;12.91999912262;0;0;1;;
108;measure;kernel.c:53-53;3.3196578025818;0.44500005245209;0.44500002264977;0.44500002264977;0.44500002264977;0;0;1;;
