Node;Process;Thread;#max_time_on_cpu_s;#Stop Time US;Time (s);Math (%);#Elapsed Time;String (%);#Stop Time S;Others (%);System (%);#Start Time US;Memory (%);OMP (%);Binary (%);Nb Cycle Events;#max_context_switch_time_s;IO (%);#Start Time S;MPI (%);Pthread (%);
_ALL;_ALL;_ALL;0;4939;13.81697845459;0;13.81697845459;0;1742725666;0.036062024602859;0;187961;0;0;99.963939964735;2773.000160176;0;0;1742725652;0;0;
MathieuMint;_ALL;_ALL;0;4939;13.81697845459;0;13.81697845459;0;1742725666;0.036062024602859;0;187961;0;0;99.963939964735;2773.000160176;0;0;1742725652;0;0;
MathieuMint;5716;_ALL;0;4939;13.81697845459;0;13.81697845459;0;1742725666;0.036062024602859;0;187961;0;0;99.963939964735;2773.000160176;0;0;1742725652;0;0;
MathieuMint;5716;5716;13.808359146118;4939;13.81697845459;0;13.81697845459;0;1742725666;0.036062024602859;0;187961;0;0;99.963939964735;2773.000160176;13.808359146118;0;1742725652;0;0;
