Node;Process;Thread;#max_time_on_cpu_s;#Stop Time US;Time (s);Math (%);#Elapsed Time;String (%);#Stop Time S;Others (%);System (%);#Start Time US;Memory (%);OMP (%);Binary (%);Nb Cycle Events;#max_context_switch_time_s;IO (%);#Start Time S;MPI (%);Pthread (%);
_ALL;_ALL;_ALL;0;952648;13.811116218567;0;13.811116218567;0;1742725535;0.10814705922757;0.072098039485047;141532;0;0;99.81974725076;2774.0005335579;0;0;1742725522;0;0;
MathieuMint;_ALL;_ALL;0;952648;13.811116218567;0;13.811116218567;0;1742725535;0.10814705922757;0.072098039485047;141532;0;0;99.81974725076;2774.0005335579;0;0;1742725522;0;0;
MathieuMint;5547;_ALL;0;952648;13.811116218567;0;13.811116218567;0;1742725535;0.10814705922757;0.072098039485047;141532;0;0;99.81974725076;2774.0005335579;0;0;1742725522;0;0;
MathieuMint;5547;5547;12.963585853577;952648;13.811116218567;0;13.811116218567;0;1742725535;0.10814705922757;0.072098039485047;141532;0;0;99.81974725076;2774.0005335579;12.963585853577;0;1742725522;0;0;
