block_id;module;source_info;time_p;time_s;time_s_min;time_s_avg;time_s_max;cov_deviation;time_deviation;nb_threads;flops;
37;measure;kernel.c:52-53;97.188163757324;13.422770500183;13.422771453857;13.422771453857;13.422771453857;0;0;1;;
39;measure;kernel.c:52-53;2.5955293178558;0.35847157239914;0.35847160220146;0.35847160220146;0.35847160220146;0;0;1;;
33;measure;kernel.c:51-51;0.036049019545317;0.0049787722527981;0.0049787722527981;0.0049787722527981;0.0049787722527981;0;0;1;;
