block_id;module;source_info;time_p;time_s;time_s_min;time_s_avg;time_s_max;cov_deviation;time_deviation;nb_threads;flops;
37;measure;kernel.c:52-53;97.182083129883;13.417659759521;13.417658805847;13.417658805847;13.417658805847;0;0;1;;
39;measure;kernel.c:52-53;2.7095384597778;0.37409844994545;0.37409839034081;0.37409839034081;0.37409839034081;0;0;1;;
