block_id;module;source_info;time_p;time_s;time_s_min;time_s_avg;time_s_max;cov_deviation;time_deviation;nb_threads;flops;
37;measure;kernel.c:52-53;97.187171936035;13.418298721313;13.418297767639;13.418297767639;13.418297767639;0;0;1;;
39;measure;kernel.c:52-53;2.7407145500183;0.37840101122856;0.37840101122856;0.37840101122856;0.37840101122856;0;0;1;;
33;measure;kernel.c:51-51;0.036062028259039;0.0049789603799582;0.0049789603799582;0.0049789603799582;0.0049789603799582;0;0;1;;
