Node;Process;Thread;#max_time_on_cpu_s;#Stop Time US;Time (s);Math (%);#Elapsed Time;String (%);#Stop Time S;Others (%);System (%);#Start Time US;Memory (%);OMP (%);Binary (%);Nb Cycle Events;#max_context_switch_time_s;IO (%);#Start Time S;MPI (%);Pthread (%);
_ALL;_ALL;_ALL;0;214727;13.805050849915;0;13.805050849915;0;1742723993;0.072150069172245;0;409676;0;0;99.927851514547;2772.0001144079;0;0;1742723979;0;0;
MathieuMint;_ALL;_ALL;0;214727;13.805050849915;0;13.805050849915;0;1742723993;0.072150069172245;0;409676;0;0;99.927851514547;2772.0001144079;0;0;1742723979;0;0;
MathieuMint;3690;_ALL;0;214727;13.805050849915;0;13.805050849915;0;1742723993;0.072150069172245;0;409676;0;0;99.927851514547;2772.0001144079;0;0;1742723979;0;0;
MathieuMint;3690;3690;7.5864357948303;214727;13.805050849915;0;13.805050849915;0;1742723993;0.072150069172245;0;409676;0;0;99.927851514547;2772.0001144079;7.5864357948303;0;1742723979;0;0;
