Node;Process;Thread;#max_time_on_cpu_s;#Stop Time US;Time (s);Math (%);#Elapsed Time;String (%);#Stop Time S;Others (%);System (%);#Start Time US;Memory (%);OMP (%);Binary (%);Nb Cycle Events;#max_context_switch_time_s;IO (%);#Start Time S;MPI (%);Pthread (%);
_ALL;_ALL;_ALL;0;800331;7.0298109054565;0;7.0298109054565;0;1742731298;0.071022679584626;0;770520;0;0;99.92897433214;1408.0009454001;0;0;1742731291;0;0;
MathieuMint;_ALL;_ALL;0;800331;7.0298109054565;0;7.0298109054565;0;1742731298;0.071022679584626;0;770520;0;0;99.92897433214;1408.0009454001;0;0;1742731291;0;0;
MathieuMint;12938;_ALL;0;800331;7.0298109054565;0;7.0298109054565;0;1742731298;0.071022679584626;0;770520;0;0;99.92897433214;1408.0009454001;0;0;1742731291;0;0;
MathieuMint;12938;12938;2.9985928535461;800331;7.0298109054565;0;7.0298109054565;0;1742731298;0.071022679584626;0;770520;0;0;99.92897433214;1408.0009454001;2.9985928535461;0;1742731291;0;0;
