block_id;module;source_info;time_p;time_s;time_s_min;time_s_avg;time_s_max;cov_deviation;time_deviation;nb_threads;flops;
37;measure;kernel.c:52-53;97.366523742676;13.442128181458;13.442130088806;13.442130088806;13.442130088806;0;0;1;;
39;measure;kernel.c:52-53;2.5613281726837;0.35360923409462;0.35360923409462;0.35360923409462;0.35360923409462;0;0;1;;
