Node;Process;Thread;#max_time_on_cpu_s;#Stop Time US;Time (s);Math (%);#Elapsed Time;String (%);#Stop Time S;Others (%);System (%);#Start Time US;Memory (%);OMP (%);Binary (%);Nb Cycle Events;#max_context_switch_time_s;IO (%);#Start Time S;MPI (%);Pthread (%);
_ALL;_ALL;_ALL;0;651273;13.805698394775;0;13.805698394775;0;1742725389;0.072150093858169;0;845575;0;0;99.927853145218;2771.9991659769;0;0;1742725375;0;0;
MathieuMint;_ALL;_ALL;0;651273;13.805698394775;0;13.805698394775;0;1742725389;0.072150093858169;0;845575;0;0;99.927853145218;2771.9991659769;0;0;1742725375;0;0;
MathieuMint;5358;_ALL;0;651273;13.805698394775;0;13.805698394775;0;1742725389;0.072150093858169;0;845575;0;0;99.927853145218;2771.9991659769;0;0;1742725375;0;0;
MathieuMint;5358;5358;4.6295900344849;651273;13.805698394775;0;13.805698394775;0;1742725389;0.072150093858169;0;845575;0;0;99.927853145218;2771.9991659769;4.6295900344849;0;1742725375;0;0;
