Node;Process;Thread;#max_time_on_cpu_s;#Stop Time US;Time (s);Math (%);#Elapsed Time;String (%);#Stop Time S;Others (%);System (%);#Start Time US;Memory (%);OMP (%);Binary (%);Nb Cycle Events;#max_context_switch_time_s;IO (%);#Start Time S;MPI (%);Pthread (%);
_ALL;_ALL;_ALL;0;538609;13.806360244751;0;13.806360244751;0;1742726943;0.10814709868201;0;732249;0;0;99.891854520564;2773.9995215414;0;0;1742726929;0;0;
MathieuMint;_ALL;_ALL;0;538609;13.806360244751;0;13.806360244751;0;1742726943;0.10814709868201;0;732249;0;0;99.891854520564;2773.9995215414;0;0;1742726929;0;0;
MathieuMint;7226;_ALL;0;538609;13.806360244751;0;13.806360244751;0;1742726943;0.10814709868201;0;732249;0;0;99.891854520564;2773.9995215414;0;0;1742726929;0;0;
MathieuMint;7226;7226;13.797563552856;538609;13.806360244751;0;13.806360244751;0;1742726943;0.10814709868201;0;732249;0;0;99.891854520564;2773.9995215414;13.797563552856;0;1742726929;0;0;
