Node;Process;Thread;#max_time_on_cpu_s;#Stop Time US;Time (s);Math (%);#Elapsed Time;String (%);#Stop Time S;Others (%);System (%);#Start Time US;Memory (%);OMP (%);Binary (%);Nb Cycle Events;#max_context_switch_time_s;IO (%);#Start Time S;MPI (%);Pthread (%);
_ALL;_ALL;_ALL;0;127342;13.805443763733;0;13.805443763733;0;1742727350;0.036075034196614;0;321898;0;0;99.963923304127;2772.0001443377;0;0;1742727336;0;0;
MathieuMint;_ALL;_ALL;0;127342;13.805443763733;0;13.805443763733;0;1742727350;0.036075034196614;0;321898;0;0;99.963923304127;2772.0001443377;0;0;1742727336;0;0;
MathieuMint;7760;_ALL;0;127342;13.805443763733;0;13.805443763733;0;1742727350;0.036075034196614;0;321898;0;0;99.963923304127;2772.0001443377;0;0;1742727336;0;0;
MathieuMint;7760;7760;7.007887840271;127342;13.805443763733;0;13.805443763733;0;1742727350;0.036075034196614;0;321898;0;0;99.963923304127;2772.0001443377;7.007887840271;0;1742727336;0;0;
