Node;Process;Thread;#max_time_on_cpu_s;#Stop Time US;Time (s);Math (%);#Elapsed Time;String (%);#Stop Time S;Others (%);System (%);#Start Time US;Memory (%);OMP (%);Binary (%);Nb Cycle Events;#max_context_switch_time_s;IO (%);#Start Time S;MPI (%);Pthread (%);
_ALL;_ALL;_ALL;0;592276;13.812218666077;0;13.812218666077;0;1742724074;0.072150096966767;0.036075048483383;780057;0;0;99.891776014469;2771.9990465449;0;0;1742724060;0;0;
MathieuMint;_ALL;_ALL;0;592276;13.812218666077;0;13.812218666077;0;1742724074;0.072150096966767;0.036075048483383;780057;0;0;99.891776014469;2771.9990465449;0;0;1742724060;0;0;
MathieuMint;3799;_ALL;0;592276;13.812218666077;0;13.812218666077;0;1742724074;0.072150096966767;0.036075048483383;780057;0;0;99.891776014469;2771.9990465449;0;0;1742724060;0;0;
MathieuMint;3799;3799;3.7657010555267;592276;13.812218666077;0;13.812218666077;0;1742724074;0.072150096966767;0.036075048483383;780057;0;0;99.891776014469;2771.9990465449;3.7657010555267;0;1742724060;0;0;
