loop_id;module;function_name;function_id;source_info;level;inc_time_p;inc_time_s;inc_time_s_min;inc_time_s_avg;inc_time_s_max;inc_cov_deviation;inc_time_deviation;exc_time_p;exc_time_s;exc_time_s_min;exc_time_s_avg;exc_time_s_max;exc_cov_deviation;exc_time_deviation;nb_threads;flops;
2;measure;kernel;6;kernel.c:52-53;Innermost;97.581230163574;13.474034309387;13.474034309387;13.474034309387;13.474034309387;0;0;97.581230163574;13.474034309387;13.474034309387;13.474034309387;13.474034309387;0;0;1;;
1;measure;kernel;6;kernel.c:52-53;Innermost;2.346569776535;0.3240148127079;0.3240148127079;0.3240148127079;0.3240148127079;0;0;2.346569776535;0.3240148127079;0.3240148127079;0.3240148127079;0.3240148127079;0;0;1;;
0;measure;kernel;6;kernel.c:51-52;Outermost;100;13.808018684387;13.808018684387;13.808018684387;13.808018684387;0;0;0.072202153503895;0.009969687089324;0.0099696861580014;0.0099696861580014;0.0099696861580014;0;0;1;;
