Node;Process;Thread;#max_time_on_cpu_s;#Stop Time US;Time (s);Math (%);#Elapsed Time;String (%);#Stop Time S;Others (%);System (%);#Start Time US;Memory (%);OMP (%);Binary (%);Nb Cycle Events;#max_context_switch_time_s;IO (%);#Start Time S;MPI (%);Pthread (%);
_ALL;_ALL;_ALL;0;128040;13.899270057678;0;13.899270057678;0;1742723928;0.071658895248332;0.035829447624166;228770;0;0;99.892510098276;2791.0003260154;0;0;1742723914;0;0;
MathieuMint;_ALL;_ALL;0;128040;13.899270057678;0;13.899270057678;0;1742723928;0.071658895248332;0.035829447624166;228770;0;0;99.892510098276;2791.0003260154;0;0;1742723914;0;0;
MathieuMint;3516;_ALL;0;128040;13.899270057678;0;13.899270057678;0;1742723928;0.071658895248332;0.035829447624166;228770;0;0;99.892510098276;2791.0003260154;0;0;1742723914;0;0;
MathieuMint;3516;3516;6.6172380447388;128040;13.899270057678;0;13.899270057678;0;1742723928;0.071658895248332;0.035829447624166;228770;0;0;99.892510098276;2791.0003260154;6.6172380447388;0;1742723914;0;0;
