loop_id;module;function_name;function_id;source_info;level;inc_time_p;inc_time_s;inc_time_s_min;inc_time_s_avg;inc_time_s_max;inc_cov_deviation;inc_time_deviation;exc_time_p;exc_time_s;exc_time_s_min;exc_time_s_avg;exc_time_s_max;exc_cov_deviation;exc_time_deviation;nb_threads;flops;
2;measure;kernel;6;kernel.c:52-53;Innermost;97.19019317627;13.419569015503;13.419569015503;13.419569015503;13.419569015503;0;0;97.19019317627;13.419569015503;13.419569015503;13.419569015503;13.419569015503;0;0;1;;
1;measure;kernel;6;kernel.c:52-53;Innermost;2.737752199173;0.37801605463028;0.3780160844326;0.3780160844326;0.3780160844326;0;0;2.737752199173;0.37801605463028;0.3780160844326;0.3780160844326;0.3780160844326;0;0;1;;
0;measure;kernel;6;kernel.c:51-52;Outermost;100;13.807534217834;13.80753326416;13.80753326416;13.80753326416;0;0;0.072046115994453;0.0099477916955948;0.0099477916955948;0.0099477916955948;0.0099477916955948;0;0;1;;
