block_id;module;source_info;time_p;time_s;time_s_min;time_s_avg;time_s_max;cov_deviation;time_deviation;nb_threads;flops;
37;measure;kernel.c:52-53;97.19019317627;13.419569015503;13.419569015503;13.419569015503;13.419569015503;0;0;1;;
39;measure;kernel.c:52-53;2.737752199173;0.37801605463028;0.3780160844326;0.3780160844326;0.3780160844326;0;0;1;;
33;measure;kernel.c:51-51;0.072046115994453;0.0099477916955948;0.0099477916955948;0.0099477916955948;0.0099477916955948;0;0;1;;
