block_id;module;source_info;time_p;time_s;time_s_min;time_s_avg;time_s_max;cov_deviation;time_deviation;nb_threads;flops;
37;measure;kernel.c:52-53;96.900909423828;13.379291534424;13.37929058075;13.37929058075;13.37929058075;0;0;1;;
39;measure;kernel.c:52-53;2.9189190864563;0.40302067995071;0.40302065014839;0.40302065014839;0.40302065014839;0;0;1;;
33;measure;kernel.c:51-51;0.072072066366673;0.0099511267617345;0.0099511276930571;0.0099511276930571;0.0099511276930571;0;0;1;;
