function_id;module;function_name;source_info;inc_time_p;inc_time_s;inc_time_s_min;inc_time_s_avg;inc_time_s_max;inc_cov_deviation;inc_time_deviation;exc_time_p;exc_time_s;exc_time_s_min;exc_time_s_avg;exc_time_s_max;exc_cov_deviation;exc_time_deviation;nb_threads;cats;label_name;flops;
6;measure;kernel;kernel.c:51-55;99.891891479492;13.792262077332;13.792262077332;13.792262077332;13.792262077332;0;0;0;0;0;0;0;0;0;1;"100,0,0,0,0,0,0,0,0,0";kernel;;
-1;measure;unknown_function;;0.072072066366673;0.0099511267617345;0.0099511276930571;0.0099511276930571;0.0099511276930571;0;0;0;0;0;0;0;0;0;1;"100,0,0,0,0,0,0,0,0,0";Unknown function;;
217;libc.so.6;random;;0.036036033183336;0.0049755633808672;0.0049755638465285;0.0049755638465285;0.0049755638465285;0;0;0.036036033183336;0.0049755633808672;0.0049755638465285;0.0049755638465285;0.0049755638465285;0;0;1;"0,0,0,0,0,0,0,0,0,100";random;;
