Node;Process;Thread;#max_time_on_cpu_s;#Stop Time US;Time (s);Math (%);#Elapsed Time;String (%);#Stop Time S;Others (%);System (%);#Start Time US;Memory (%);OMP (%);Binary (%);Nb Cycle Events;#max_context_switch_time_s;IO (%);#Start Time S;MPI (%);Pthread (%);
_ALL;_ALL;_ALL;0;882144;0.12999999523163;0;0.14767299592495;0;1742851576;0;0;734471;0;0;100;26;0;0;1742851576;0;0;
PCMINT;_ALL;_ALL;0;882144;0.12999999523163;0;0.14767299592495;0;1742851576;0;0;734471;0;0;100;26;0;0;1742851576;0;0;
PCMINT;94756;_ALL;0;882144;0.12999999523163;0;0.14767299592495;0;1742851576;0;0;734471;0;0;100;26;0;0;1742851576;0;0;
PCMINT;94756;94756;0;882144;0.12999999523163;0;0.14767299592495;0;1742851576;0;0;734471;0;0;100;26;0;0;1742851576;0;0;
