Node;Process;Thread;#max_time_on_cpu_s;#Stop Time US;Time (s);Math (%);#Elapsed Time;String (%);#Stop Time S;Others (%);System (%);#Start Time US;Memory (%);OMP (%);Binary (%);Nb Cycle Events;#max_context_switch_time_s;IO (%);#Start Time S;MPI (%);Pthread (%);
_ALL;_ALL;_ALL;0;539814;13.806655883789;0;13.806655883789;0;1742724416;0.036062029803978;0;733158;0;0;99.963945428981;2772.9997602345;0;0;1742724402;0;0;
MathieuMint;_ALL;_ALL;0;539814;13.806655883789;0;13.806655883789;0;1742724416;0.036062029803978;0;733158;0;0;99.963945428981;2772.9997602345;0;0;1742724402;0;0;
MathieuMint;4314;_ALL;0;539814;13.806655883789;0;13.806655883789;0;1742724416;0.036062029803978;0;733158;0;0;99.963945428981;2772.9997602345;0;0;1742724402;0;0;
MathieuMint;4314;4314;8.4050025939941;539814;13.806655883789;0;13.806655883789;0;1742724416;0.036062029803978;0;733158;0;0;99.963945428981;2772.9997602345;8.4050025939941;0;1742724402;0;0;
