Node;Process;Thread;#max_time_on_cpu_s;#Stop Time US;Time (s);Math (%);#Elapsed Time;String (%);#Stop Time S;Others (%);System (%);#Start Time US;Memory (%);OMP (%);Binary (%);Nb Cycle Events;#max_context_switch_time_s;IO (%);#Start Time S;MPI (%);Pthread (%);
_ALL;_ALL;_ALL;0;782742;13.806681632996;0;13.806681632996;0;1742724367;0.036049036545294;0;976060;0;0;99.963952303801;2773.9992405721;0;0;1742724353;0;0;
MathieuMint;_ALL;_ALL;0;782742;13.806681632996;0;13.806681632996;0;1742724367;0.036049036545294;0;976060;0;0;99.963952303801;2773.9992405721;0;0;1742724353;0;0;
MathieuMint;4250;_ALL;0;782742;13.806681632996;0;13.806681632996;0;1742724367;0.036049036545294;0;976060;0;0;99.963952303801;2773.9992405721;0;0;1742724353;0;0;
MathieuMint;4250;4250;10.706554412842;782742;13.806681632996;0;13.806681632996;0;1742724367;0.036049036545294;0;976060;0;0;99.963952303801;2773.9992405721;10.706554412842;0;1742724353;0;0;
