Node;Process;Thread;#max_time_on_cpu_s;#Stop Time US;Time (s);Math (%);#Elapsed Time;String (%);#Stop Time S;Others (%);System (%);#Start Time US;Memory (%);OMP (%);Binary (%);Nb Cycle Events;#max_context_switch_time_s;IO (%);#Start Time S;MPI (%);Pthread (%);
_ALL;_ALL;_ALL;0;661738;13.924042701721;0;13.924042701721;0;1742724237;0.071530745895132;0;737695;0;0;99.928464810614;2796.0004819915;0;0;1742724223;0;0;
MathieuMint;_ALL;_ALL;0;661738;13.924042701721;0;13.924042701721;0;1742724237;0.071530745895132;0;737695;0;0;99.928464810614;2796.0004819915;0;0;1742724223;0;0;
MathieuMint;4027;_ALL;0;661738;13.924042701721;0;13.924042701721;0;1742724237;0.071530745895132;0;737695;0;0;99.928464810614;2796.0004819915;0;0;1742724223;0;0;
MathieuMint;4027;4027;13.912877082825;661738;13.924042701721;0;13.924042701721;0;1742724237;0.071530745895132;0;737695;0;0;99.928464810614;2796.0004819915;13.912877082825;0;1742724223;0;0;
