block_id;module;source_info;time_p;time_s;time_s_min;time_s_avg;time_s_max;cov_deviation;time_deviation;nb_threads;flops;
107;measure;kernel.c:69-70;38.461540222168;0.050000000745058;0.049999997019768;0.049999997019768;0.049999997019768;0;0;1;;
65;measure;kernel.c:69-70;30.769229888916;0.03999999538064;0.03999999910593;0.03999999910593;0.03999999910593;0;0;1;;
124;measure;kernel.c:70-70;7.692307472229;0.00999999884516;0.0099999997764826;0.0099999997764826;0.0099999997764826;0;0;1;;
110;measure;kernel.c:70-70;3.8461537361145;0.00499999942258;0.0049999998882413;0.0049999998882413;0.0049999998882413;0;0;1;;
125;measure;kernel.c:70-70;3.8461537361145;0.00499999942258;0.0049999998882413;0.0049999998882413;0.0049999998882413;0;0;1;;
139;measure;kernel.c:70-70;3.8461537361145;0.00499999942258;0.0049999998882413;0.0049999998882413;0.0049999998882413;0;0;1;;
92;measure;kernel.c:70-70;3.8461537361145;0.00499999942258;0.0049999998882413;0.0049999998882413;0.0049999998882413;0;0;1;;
87;measure;kernel.c:70-70;3.8461537361145;0.00499999942258;0.0049999998882413;0.0049999998882413;0.0049999998882413;0;0;1;;
227;measure;driver.c:17-18;3.8461537361145;0.00499999942258;0.0049999998882413;0.0049999998882413;0.0049999998882413;0;0;1;;
