Node;Process;Thread;#max_time_on_cpu_s;#Stop Time US;Time (s);Math (%);#Elapsed Time;String (%);#Stop Time S;Others (%);System (%);#Start Time US;Memory (%);OMP (%);Binary (%);Nb Cycle Events;#max_context_switch_time_s;IO (%);#Start Time S;MPI (%);Pthread (%);
_ALL;_ALL;_ALL;0;706999;0.12999999523163;0;0.14852699637413;0;1742851637;0;0;558472;0;0;100;26;0;0;1742851637;0;0;
PCMINT;_ALL;_ALL;0;706999;0.12999999523163;0;0.14852699637413;0;1742851637;0;0;558472;0;0;100;26;0;0;1742851637;0;0;
PCMINT;95349;_ALL;0;706999;0.12999999523163;0;0.14852699637413;0;1742851637;0;0;558472;0;0;100;26;0;0;1742851637;0;0;
PCMINT;95349;95349;0;706999;0.12999999523163;0;0.14852699637413;0;1742851637;0;0;558472;0;0;100;26;0;0;1742851637;0;0;
