Node;Process;Thread;#max_time_on_cpu_s;#Stop Time US;Time (s);Math (%);#Elapsed Time;String (%);#Stop Time S;Others (%);System (%);#Start Time US;Memory (%);OMP (%);Binary (%);Nb Cycle Events;#max_context_switch_time_s;IO (%);#Start Time S;MPI (%);Pthread (%);
_ALL;_ALL;_ALL;0;882088;13.811679840088;0;13.811679840088;0;1742725898;0;0;70408;0;0;100;2774.0001967034;0;0;1742725885;0;0;
MathieuMint;_ALL;_ALL;0;882088;13.811679840088;0;13.811679840088;0;1742725898;0;0;70408;0;0;100;2774.0001967034;0;0;1742725885;0;0;
MathieuMint;5957;_ALL;0;882088;13.811679840088;0;13.811679840088;0;1742725898;0;0;70408;0;0;100;2774.0001967034;0;0;1742725885;0;0;
MathieuMint;5957;5957;13.803493499756;882088;13.811679840088;0;13.811679840088;0;1742725898;0;0;70408;0;0;100;2774.0001967034;13.803493499756;0;1742725885;0;0;
