loop_id;module;function_name;function_id;source_info;level;inc_time_p;inc_time_s;inc_time_s_min;inc_time_s_avg;inc_time_s_max;inc_cov_deviation;inc_time_deviation;exc_time_p;exc_time_s;exc_time_s_min;exc_time_s_avg;exc_time_s_max;exc_cov_deviation;exc_time_deviation;nb_threads;flops;
2;measure;kernel;6;kernel.c:52-53;Innermost;96.499458312988;13.323914527893;13.323914527893;13.323914527893;13.323914527893;0;0;96.499458312988;13.323914527893;13.323914527893;13.323914527893;13.323914527893;0;0;1;;
1;measure;kernel;6;kernel.c:52-53;Innermost;3.3201014995575;0.4584144949913;0.45841443538666;0.45841443538666;0.45841443538666;0;0;3.3201014995575;0.4584144949913;0.45841443538666;0.45841443538666;0.45841443538666;0;0;1;;
0;measure;kernel;6;kernel.c:51-52;Outermost;99.927825927734;13.797277450562;13.797277450562;13.797277450562;13.797277450562;0;0;0.10826417803764;0.014948297291994;0.014948296360672;0.014948296360672;0.014948296360672;0;0;1;;
