Node;Process;Thread;#max_time_on_cpu_s;#Stop Time US;Time (s);Math (%);#Elapsed Time;String (%);#Stop Time S;Others (%);System (%);#Start Time US;Memory (%);OMP (%);Binary (%);Nb Cycle Events;#max_context_switch_time_s;IO (%);#Start Time S;MPI (%);Pthread (%);
_ALL;_ALL;_ALL;0;660898;13.807242393494;0;13.807242393494;0;1742727073;0.072176114552329;0;853656;0;0;99.927822188648;2770.9998140035;0;0;1742727059;0;0;
MathieuMint;_ALL;_ALL;0;660898;13.807242393494;0;13.807242393494;0;1742727073;0.072176114552329;0;853656;0;0;99.927822188648;2770.9998140035;0;0;1742727059;0;0;
MathieuMint;7392;_ALL;0;660898;13.807242393494;0;13.807242393494;0;1742727073;0.072176114552329;0;853656;0;0;99.927822188648;2770.9998140035;0;0;1742727059;0;0;
MathieuMint;7392;7392;13.799565315247;660898;13.807242393494;0;13.807242393494;0;1742727073;0.072176114552329;0;853656;0;0;99.927822188648;2770.9998140035;13.799565315247;0;1742727059;0;0;
