function_id;module;function_name;source_info;inc_time_p;inc_time_s;inc_time_s_min;inc_time_s_avg;inc_time_s_max;inc_cov_deviation;inc_time_deviation;exc_time_p;exc_time_s;exc_time_s_min;exc_time_s_avg;exc_time_s_max;exc_cov_deviation;exc_time_deviation;nb_threads;cats;label_name;flops;
6;measure;kernel;kernel.c:51-55;99.927856445313;13.795090675354;13.795091629028;13.795091629028;13.795091629028;0;0;4.1512639654684e-06;5.7308409395773e-07;5.7308403711431e-07;5.7308403711431e-07;5.7308403711431e-07;0;0;1;"100,0,0,0,0,0,0,0,0,0";kernel;;
217;libc.so.6;random;;0.072150066494942;0.0099603533744812;0.0099603533744812;0.0099603533744812;0.0099603533744812;0;0;0.072150066494942;0.0099603533744812;0.0099603533744812;0.0099603533744812;0.0099603533744812;0;0;1;"0,0,0,0,0,0,0,0,0,100";random;;
