block_id;module;source_info;time_p;time_s;time_s_min;time_s_avg;time_s_max;cov_deviation;time_deviation;nb_threads;flops;
37;measure;kernel.c:52-53;96.753242492676;13.356833457947;13.356834411621;13.356834411621;13.356834411621;0;0;1;;
39;measure;kernel.c:52-53;3.0663778781891;0.42331501841545;0.42331501841545;0.42331501841545;0.42331501841545;0;0;1;;
33;measure;kernel.c:51-51;0.10822509974241;0.014940530061722;0.014940530993044;0.014940530993044;0.014940530993044;0;0;1;;
