Node;Process;Thread;#max_time_on_cpu_s;#Stop Time US;Time (s);Math (%);#Elapsed Time;String (%);#Stop Time S;Others (%);System (%);#Start Time US;Memory (%);OMP (%);Binary (%);Nb Cycle Events;#max_context_switch_time_s;IO (%);#Start Time S;MPI (%);Pthread (%);
_ALL;_ALL;_ALL;0;702184;13.807188987732;0;13.807188987732;0;1742725519;0.036036035400733;0;894995;0;0;99.96396416848;2775.0000489223;0;0;1742725505;0;0;
MathieuMint;_ALL;_ALL;0;702184;13.807188987732;0;13.807188987732;0;1742725519;0.036036035400733;0;894995;0;0;99.96396416848;2775.0000489223;0;0;1742725505;0;0;
MathieuMint;5527;_ALL;0;702184;13.807188987732;0;13.807188987732;0;1742725519;0.036036035400733;0;894995;0;0;99.96396416848;2775.0000489223;0;0;1742725505;0;0;
MathieuMint;5527;5527;7.9930920600891;702184;13.807188987732;0;13.807188987732;0;1742725519;0.036036035400733;0;894995;0;0;99.96396416848;2775.0000489223;7.9930920600891;0;1742725505;0;0;
