loop_id;module;function_name;function_id;source_info;level;inc_time_p;inc_time_s;inc_time_s_min;inc_time_s_avg;inc_time_s_max;inc_cov_deviation;inc_time_deviation;exc_time_p;exc_time_s;exc_time_s_min;exc_time_s_avg;exc_time_s_max;exc_cov_deviation;exc_time_deviation;nb_threads;flops;
2;measure;kernel;6;kernel.c:69-70;Innermost;97.464637756348;18.226623535156;18.226623535156;18.226623535156;18.226623535156;0;0;97.464637756348;18.226623535156;18.226623535156;18.226623535156;18.226623535156;0;0;1;;
1;measure;kernel;6;kernel.c:69-70;Innermost;2.4819853305817;0.46415001153946;0.46415001153946;0.46415001153946;0.46415001153946;0;0;2.4819853305817;0.46415001153946;0.46415001153946;0.46415001153946;0.46415001153946;0;0;1;;
