Node;Process;Thread;#max_time_on_cpu_s;#Stop Time US;Time (s);Math (%);#Elapsed Time;String (%);#Stop Time S;Others (%);System (%);#Start Time US;Memory (%);OMP (%);Binary (%);Nb Cycle Events;#max_context_switch_time_s;IO (%);#Start Time S;MPI (%);Pthread (%);
_ALL;_ALL;_ALL;0;248021;13.810350418091;0;13.810350418091;0;1742724335;0.036075035300779;0;437671;0;0;99.963927437671;2772.0000594938;0;0;1742724321;0;0;
MathieuMint;_ALL;_ALL;0;248021;13.810350418091;0;13.810350418091;0;1742724335;0.036075035300779;0;437671;0;0;99.963927437671;2772.0000594938;0;0;1742724321;0;0;
MathieuMint;4209;_ALL;0;248021;13.810350418091;0;13.810350418091;0;1742724335;0.036075035300779;0;437671;0;0;99.963927437671;2772.0000594938;0;0;1742724321;0;0;
MathieuMint;4209;4209;13.802249908447;248021;13.810350418091;0;13.810350418091;0;1742724335;0.036075035300779;0;437671;0;0;99.963927437671;2772.0000594938;13.802249908447;0;1742724321;0;0;
