Node;Process;Thread;#max_time_on_cpu_s;#Stop Time US;Time (s);Math (%);#Elapsed Time;String (%);#Stop Time S;Others (%);System (%);#Start Time US;Memory (%);OMP (%);Binary (%);Nb Cycle Events;#max_context_switch_time_s;IO (%);#Start Time S;MPI (%);Pthread (%);
_ALL;_ALL;_ALL;0;173833;13.810840606689;0;13.810840606689;0;1742725422;0.21629413674383;0;362992;0;0;99.78369482861;2774.0002220897;0;0;1742725408;0;0;
MathieuMint;_ALL;_ALL;0;173833;13.810840606689;0;13.810840606689;0;1742725422;0.21629413674383;0;362992;0;0;99.78369482861;2774.0002220897;0;0;1742725408;0;0;
MathieuMint;5400;_ALL;0;173833;13.810840606689;0;13.810840606689;0;1742725422;0.21629413674383;0;362992;0;0;99.78369482861;2774.0002220897;0;0;1742725408;0;0;
MathieuMint;5400;5400;10.826044082642;173833;13.810840606689;0;13.810840606689;0;1742725422;0.21629413674383;0;362992;0;0;99.78369482861;2774.0002220897;10.826044082642;0;1742725408;0;0;
