Node;Process;Thread;#max_time_on_cpu_s;#Stop Time US;Time (s);Math (%);#Elapsed Time;String (%);#Stop Time S;Others (%);System (%);#Start Time US;Memory (%);OMP (%);Binary (%);Nb Cycle Events;#max_context_switch_time_s;IO (%);#Start Time S;MPI (%);Pthread (%);
_ALL;_ALL;_ALL;0;462442;13.807728767395;0;13.807728767395;0;1742725568;0.036062018844448;0;654713;0;0;99.963937951163;2773.0006029709;0;0;1742725554;0;0;
MathieuMint;_ALL;_ALL;0;462442;13.807728767395;0;13.807728767395;0;1742725568;0.036062018844448;0;654713;0;0;99.963937951163;2773.0006029709;0;0;1742725554;0;0;
MathieuMint;5590;_ALL;0;462442;13.807728767395;0;13.807728767395;0;1742725568;0.036062018844448;0;654713;0;0;99.963937951163;2773.0006029709;0;0;1742725554;0;0;
MathieuMint;5590;5590;8.4841146469116;462442;13.807728767395;0;13.807728767395;0;1742725568;0.036062018844448;0;654713;0;0;99.963937951163;2773.0006029709;8.4841146469116;0;1742725554;0;0;
