Node;Process;Thread;#max_time_on_cpu_s;#Stop Time US;Time (s);Math (%);#Elapsed Time;String (%);#Stop Time S;Others (%);System (%);#Start Time US;Memory (%);OMP (%);Binary (%);Nb Cycle Events;#max_context_switch_time_s;IO (%);#Start Time S;MPI (%);Pthread (%);
_ALL;_ALL;_ALL;0;886177;13.805940628052;0;13.805940628052;0;1742726417;0.072072067642309;0;80236;0;0;99.927925162027;2775.0001705597;0;0;1742726404;0;0;
MathieuMint;_ALL;_ALL;0;886177;13.805940628052;0;13.805940628052;0;1742726417;0.072072067642309;0;80236;0;0;99.927925162027;2775.0001705597;0;0;1742726404;0;0;
MathieuMint;6585;_ALL;0;886177;13.805940628052;0;13.805940628052;0;1742726417;0.072072067642309;0;80236;0;0;99.927925162027;2775.0001705597;0;0;1742726404;0;0;
MathieuMint;6585;6585;13.797975540161;886177;13.805940628052;0;13.805940628052;0;1742726417;0.072072067642309;0;80236;0;0;99.927925162027;2775.0001705597;13.797975540161;0;1742726404;0;0;
