block_id;module;source_info;time_p;time_s;time_s_min;time_s_avg;time_s_max;cov_deviation;time_deviation;nb_threads;flops;
37;measure;kernel.c:52-53;96.971893310547;13.389765739441;13.389764785767;13.389764785767;13.389764785767;0;0;1;;
39;measure;kernel.c:52-53;2.847873210907;0.39323100447655;0.39323100447655;0.39323100447655;0.39323100447655;0;0;1;;
33;measure;kernel.c:51-51;0.072098053991795;0.009955215267837;0.009955215267837;0.009955215267837;0.009955215267837;0;0;1;;
