block_id;module;source_info;time_p;time_s;time_s_min;time_s_avg;time_s_max;cov_deviation;time_deviation;nb_threads;flops;
37;measure;kernel.c:52-53;97.367469787598;13.444087028503;13.444086074829;13.444086074829;13.444086074829;0;0;1;;
39;measure;kernel.c:52-53;2.524341583252;0.34855037927628;0.34855034947395;0.34855034947395;0.34855034947395;0;0;1;;
30;measure;kernel.c:51-53;0.036062020808458;0.0049792905338109;0.0049792909994721;0.0049792909994721;0.0049792909994721;0;0;1;;
