loop_id;module;function_name;function_id;source_info;level;inc_time_p;inc_time_s;inc_time_s_min;inc_time_s_avg;inc_time_s_max;inc_cov_deviation;inc_time_deviation;exc_time_p;exc_time_s;exc_time_s_min;exc_time_s_avg;exc_time_s_max;exc_cov_deviation;exc_time_deviation;nb_threads;flops;
2;measure;kernel;6;kernel.c:52-53;Innermost;97.367469787598;13.444087028503;13.444086074829;13.444086074829;13.444086074829;0;0;97.367469787598;13.444087028503;13.444086074829;13.444086074829;13.444086074829;0;0;1;;
1;measure;kernel;6;kernel.c:52-53;Innermost;2.524341583252;0.34855037927628;0.34855034947395;0.34855034947395;0.34855034947395;0;0;2.524341583252;0.34855037927628;0.34855034947395;0.34855034947395;0.34855034947395;0;0;1;;
