Node;Process;Thread;#max_time_on_cpu_s;#Stop Time US;Time (s);Math (%);#Elapsed Time;String (%);#Stop Time S;Others (%);System (%);#Start Time US;Memory (%);OMP (%);Binary (%);Nb Cycle Events;#max_context_switch_time_s;IO (%);#Start Time S;MPI (%);Pthread (%);
_ALL;_ALL;_ALL;0;45218;13.807431221008;0;13.807431221008;0;1742726911;0.036062025310216;0;237787;0;0;99.96394020597;2773.0001057836;0;0;1742726897;0;0;
MathieuMint;_ALL;_ALL;0;45218;13.807431221008;0;13.807431221008;0;1742726911;0.036062025310216;0;237787;0;0;99.96394020597;2773.0001057836;0;0;1742726897;0;0;
MathieuMint;7183;_ALL;0;45218;13.807431221008;0;13.807431221008;0;1742726911;0.036062025310216;0;237787;0;0;99.96394020597;2773.0001057836;0;0;1742726897;0;0;
MathieuMint;7183;7183;5.747682094574;45218;13.807431221008;0;13.807431221008;0;1742726911;0.036062025310216;0;237787;0;0;99.96394020597;2773.0001057836;5.747682094574;0;1742726897;0;0;
