block_id;module;source_info;time_p;time_s;time_s_min;time_s_avg;time_s_max;cov_deviation;time_deviation;nb_threads;flops;
37;measure;kernel.c:52-53;97.187164306641;13.419050216675;13.419051170349;13.419051170349;13.419051170349;0;0;1;;
39;measure;kernel.c:52-53;2.7767758369446;0.3834014236927;0.3834014236927;0.3834014236927;0.3834014236927;0;0;1;;
