Node;Process;Thread;#max_time_on_cpu_s;#Stop Time US;Time (s);Math (%);#Elapsed Time;String (%);#Stop Time S;Others (%);System (%);#Start Time US;Memory (%);OMP (%);Binary (%);Nb Cycle Events;#max_context_switch_time_s;IO (%);#Start Time S;MPI (%);Pthread (%);
_ALL;_ALL;_ALL;0;736039;13.814041137695;0;13.814041137695;0;1742726077;0.072098057729711;0.036049028864855;921998;0;0;99.891853192089;2773.9998315875;0;0;1742726063;0;0;
MathieuMint;_ALL;_ALL;0;736039;13.814041137695;0;13.814041137695;0;1742726077;0.072098057729711;0.036049028864855;921998;0;0;99.891853192089;2773.9998315875;0;0;1742726063;0;0;
MathieuMint;6191;_ALL;0;736039;13.814041137695;0;13.814041137695;0;1742726077;0.072098057729711;0.036049028864855;921998;0;0;99.891853192089;2773.9998315875;0;0;1742726063;0;0;
MathieuMint;6191;6191;13.805620193481;736039;13.814041137695;0;13.814041137695;0;1742726077;0.072098057729711;0.036049028864855;921998;0;0;99.891853192089;2773.9998315875;13.805620193481;0;1742726063;0;0;
