loop_id;module;function_name;function_id;source_info;level;inc_time_p;inc_time_s;inc_time_s_min;inc_time_s_avg;inc_time_s_max;inc_cov_deviation;inc_time_deviation;exc_time_p;exc_time_s;exc_time_s_min;exc_time_s_avg;exc_time_s_max;exc_cov_deviation;exc_time_deviation;nb_threads;flops;
2;measure;kernel;6;kernel.c:52-53;Innermost;96.642585754395;13.343322753906;13.343323707581;13.343323707581;13.343323707581;0;0;96.642585754395;13.343322753906;13.343323707581;13.343323707581;13.343323707581;0;0;1;;
1;measure;kernel;6;kernel.c:52-53;Innermost;3.212996006012;0.44361439347267;0.44361439347267;0.44361439347267;0.44361439347267;0;0;3.212996006012;0.44361439347267;0.44361439347267;0.44361439347267;0.44361439347267;0;0;1;;
0;measure;kernel;6;kernel.c:51-52;Outermost;99.89168548584;13.791922569275;13.791922569275;13.791922569275;13.791922569275;0;0;0.036101076751947;0.0049844314344227;0.0049844309687614;0.0049844309687614;0.0049844309687614;0;0;1;;
