Node;Process;Thread;#max_time_on_cpu_s;#Stop Time US;Time (s);Math (%);#Elapsed Time;String (%);#Stop Time S;Others (%);System (%);#Start Time US;Memory (%);OMP (%);Binary (%);Nb Cycle Events;#max_context_switch_time_s;IO (%);#Start Time S;MPI (%);Pthread (%);
_ALL;_ALL;_ALL;0;804636;18.440433502197;0;18.440433502197;0;1742823611;0.054156509560425;0.054156509560425;364203;0;0;99.891680544867;3693.0001882202;0;0;1742823593;0;0;
MathieuMint;_ALL;_ALL;0;804636;18.440433502197;0;18.440433502197;0;1742823611;0.054156509560425;0.054156509560425;364203;0;0;99.891680544867;3693.0001882202;0;0;1742823593;0;0;
MathieuMint;12925;_ALL;0;804636;18.440433502197;0;18.440433502197;0;1742823611;0.054156509560425;0.054156509560425;364203;0;0;99.891680544867;3693.0001882202;0;0;1742823593;0;0;
MathieuMint;12925;12925;8.275297164917;804636;18.440433502197;0;18.440433502197;0;1742823611;0.054156509560425;0.054156509560425;364203;0;0;99.891680544867;3693.0001882202;8.275297164917;0;1742823593;0;0;
