block_id;module;source_info;time_p;time_s;time_s_min;time_s_avg;time_s_max;cov_deviation;time_deviation;nb_threads;flops;
37;measure;kernel.c:52-53;96.790481567383;13.364187240601;13.364188194275;13.364188194275;13.364188194275;0;0;1;;
39;measure;kernel.c:52-53;3.1373960971832;0.43319088220596;0.43319088220596;0.43319088220596;0.43319088220596;0;0;1;;
33;measure;kernel.c:51-51;0.072124056518078;0.0099584115669131;0.0099584106355906;0.0099584106355906;0.0099584106355906;0;0;1;;
