loop_id;module;function_name;function_id;source_info;level;inc_time_p;inc_time_s;inc_time_s_min;inc_time_s_avg;inc_time_s_max;inc_cov_deviation;inc_time_deviation;exc_time_p;exc_time_s;exc_time_s_min;exc_time_s_avg;exc_time_s_max;exc_cov_deviation;exc_time_deviation;nb_threads;flops;
2;measure;kernel;6;kernel.c:52-53;Innermost;96.790481567383;13.364187240601;13.364188194275;13.364188194275;13.364188194275;0;0;96.790481567383;13.364187240601;13.364188194275;13.364188194275;13.364188194275;0;0;1;;
1;measure;kernel;6;kernel.c:52-53;Innermost;3.1373960971832;0.43319088220596;0.43319088220596;0.43319088220596;0.43319088220596;0;0;3.1373960971832;0.43319088220596;0.43319088220596;0.43319088220596;0.43319088220596;0;0;1;;
0;measure;kernel;6;kernel.c:51-52;Outermost;100.00000762939;13.8073387146;13.807337760925;13.807337760925;13.807337760925;0;0;0.072124056518078;0.0099584115669131;0.0099584106355906;0.0099584106355906;0.0099584106355906;0;0;1;;
