Node;Process;Thread;#max_time_on_cpu_s;#Stop Time US;Time (s);Math (%);#Elapsed Time;String (%);#Stop Time S;Others (%);System (%);#Start Time US;Memory (%);OMP (%);Binary (%);Nb Cycle Events;#max_context_switch_time_s;IO (%);#Start Time S;MPI (%);Pthread (%);
_ALL;_ALL;_ALL;0;414552;13.807202339172;0;13.807202339172;0;1742727057;0;0;607350;0;0;100;2770.9997380789;0;0;1742727043;0;0;
MathieuMint;_ALL;_ALL;0;414552;13.807202339172;0;13.807202339172;0;1742727057;0;0;607350;0;0;100;2770.9997380789;0;0;1742727043;0;0;
MathieuMint;7372;_ALL;0;414552;13.807202339172;0;13.807202339172;0;1742727057;0;0;607350;0;0;100;2770.9997380789;0;0;1742727043;0;0;
MathieuMint;7372;7372;13.796356201172;414552;13.807202339172;0;13.807202339172;0;1742727057;0;0;607350;0;0;100;2770.9997380789;13.796356201172;0;1742727043;0;0;
