loop_id;module;function_name;function_id;source_info;level;inc_time_p;inc_time_s;inc_time_s_min;inc_time_s_avg;inc_time_s_max;inc_cov_deviation;inc_time_deviation;exc_time_p;exc_time_s;exc_time_s_min;exc_time_s_avg;exc_time_s_max;exc_cov_deviation;exc_time_deviation;nb_threads;flops;
2;measure;kernel;6;kernel.c:52-53;Innermost;96.788154602051;13.369318008423;13.369318962097;13.369318962097;13.369318962097;0;0;96.788154602051;13.369318008423;13.369318962097;13.369318962097;13.369318962097;0;0;1;;
1;measure;kernel;6;kernel.c:52-53;Innermost;3.1757485866547;0.43866515159607;0.43866521120071;0.43866521120071;0.43866521120071;0;0;3.1757485866547;0.43866515159607;0.43866521120071;0.43866521120071;0.43866521120071;0;0;1;;
