Node;Process;Thread;#max_time_on_cpu_s;#Stop Time US;Time (s);Math (%);#Elapsed Time;String (%);#Stop Time S;Others (%);System (%);#Start Time US;Memory (%);OMP (%);Binary (%);Nb Cycle Events;#max_context_switch_time_s;IO (%);#Start Time S;MPI (%);Pthread (%);
_ALL;_ALL;_ALL;0;390157;13.812969207764;0;13.812969207764;0;1742724123;0;0;577188;0;0;99.999998779643;2770.9999459109;0;0;1742724109;0;0;
MathieuMint;_ALL;_ALL;0;390157;13.812969207764;0;13.812969207764;0;1742724123;0;0;577188;0;0;99.999998779643;2770.9999459109;0;0;1742724109;0;0;
MathieuMint;3864;_ALL;0;390157;13.812969207764;0;13.812969207764;0;1742724123;0;0;577188;0;0;99.999998779643;2770.9999459109;0;0;1742724109;0;0;
MathieuMint;3864;3864;8.4277200698853;390157;13.812969207764;0;13.812969207764;0;1742724123;0;0;577188;0;0;99.999998779643;2770.9999459109;8.4277200698853;0;1742724109;0;0;
