Node;Process;Thread;#max_time_on_cpu_s;#Stop Time US;Time (s);Math (%);#Elapsed Time;String (%);#Stop Time S;Others (%);System (%);#Start Time US;Memory (%);OMP (%);Binary (%);Nb Cycle Events;#max_context_switch_time_s;IO (%);#Start Time S;MPI (%);Pthread (%);
_ALL;_ALL;_ALL;0;967097;7.1442461013794;0;7.1442461013794;0;1742731326;0;0.069979025604131;822851;0;0;99.930022217322;1428.9996057633;0;0;1742731319;0;0;
MathieuMint;_ALL;_ALL;0;967097;7.1442461013794;0;7.1442461013794;0;1742731326;0;0.069979025604131;822851;0;0;99.930022217322;1428.9996057633;0;0;1742731319;0;0;
MathieuMint;13014;_ALL;0;967097;7.1442461013794;0;7.1442461013794;0;1742731326;0;0.069979025604131;822851;0;0;99.930022217322;1428.9996057633;0;0;1742731319;0;0;
MathieuMint;13014;13014;3.1254730224609;967097;7.1442461013794;0;7.1442461013794;0;1742731326;0;0.069979025604131;822851;0;0;99.930022217322;1428.9996057633;3.1254730224609;0;1742731319;0;0;
