block_id;module;source_info;time_p;time_s;time_s_min;time_s_avg;time_s_max;cov_deviation;time_deviation;nb_threads;flops;
37;measure;kernel.c:69-70;96.920249938965;18.398317337036;18.398317337036;18.398317337036;18.398317337036;0;0;1;;
39;measure;kernel.c:69-70;2.9481446743011;0.55964463949203;0.55964469909668;0.55964469909668;0.55964469909668;0;0;1;;
33;measure;kernel.c:68-68;0.052645437419415;0.0099936537444592;0.0099936546757817;0.0099936546757817;0.0099936546757817;0;0;1;;
