block_id;module;source_info;time_p;time_s;time_s_min;time_s_avg;time_s_max;cov_deviation;time_deviation;nb_threads;flops;
108;measure;kernel.c:69-70;98.979591369629;0.48500001430511;0.48500001430511;0.48500001430511;0.48500001430511;0;0;1;;
106;measure;kernel.c:70-70;1.0204081535339;0.0049999998882413;0.0049999998882413;0.0049999998882413;0.0049999998882413;0;0;1;;
