Node;Process;Thread;#max_time_on_cpu_s;#Stop Time US;Time (s);Math (%);#Elapsed Time;String (%);#Stop Time S;Others (%);System (%);#Start Time US;Memory (%);OMP (%);Binary (%);Nb Cycle Events;#max_context_switch_time_s;IO (%);#Start Time S;MPI (%);Pthread (%);
_ALL;_ALL;_ALL;0;274815;0.49000000953674;0;0.50502699613571;0;1742770084;0;0;769788;0;0;100;98;0;0;1742770083;0;0;
PCMINT;_ALL;_ALL;0;274815;0.49000000953674;0;0.50502699613571;0;1742770084;0;0;769788;0;0;100;98;0;0;1742770083;0;0;
PCMINT;794077;_ALL;0;274815;0.49000000953674;0;0.50502699613571;0;1742770084;0;0;769788;0;0;100;98;0;0;1742770083;0;0;
PCMINT;794077;794077;0;274815;0.49000000953674;0;0.50502699613571;0;1742770084;0;0;769788;0;0;100;98;0;0;1742770083;0;0;
