loop_id;module;function_name;function_id;source_info;level;inc_time_p;inc_time_s;inc_time_s_min;inc_time_s_avg;inc_time_s_max;inc_cov_deviation;inc_time_deviation;exc_time_p;exc_time_s;exc_time_s_min;exc_time_s_avg;exc_time_s_max;exc_cov_deviation;exc_time_deviation;nb_threads;flops;
2;measure;kernel;6;kernel.c:52-53;Innermost;96.82884979248;13.374464988708;13.374464988708;13.374464988708;13.374464988708;0;0;96.82884979248;13.374464988708;13.374464988708;13.374464988708;13.374464988708;0;0;1;;
1;measure;kernel;6;kernel.c:52-53;Innermost;2.9909920692444;0.41313016414642;0.41313019394875;0.41313019394875;0.41313019394875;0;0;2.9909920692444;0.41313016414642;0.41313019394875;0.41313019394875;0.41313019394875;0;0;1;;
0;measure;kernel;6;kernel.c:51-52;Outermost;99.963981628418;13.807504653931;13.807505607605;13.807505607605;13.807505607605;0;0;0.14414419233799;0.019909888505936;0.019909886643291;0.019909886643291;0.019909886643291;0;0;1;;
