block_id;module;source_info;time_p;time_s;time_s_min;time_s_avg;time_s_max;cov_deviation;time_deviation;nb_threads;flops;
37;measure;kernel.c:52-53;96.82884979248;13.374464988708;13.374464988708;13.374464988708;13.374464988708;0;0;1;;
39;measure;kernel.c:52-53;2.9909920692444;0.41313016414642;0.41313019394875;0.41313019394875;0.41313019394875;0;0;1;;
33;measure;kernel.c:51-51;0.14414419233799;0.019909888505936;0.019909886643291;0.019909886643291;0.019909886643291;0;0;1;;
