Node;Process;Thread;#max_time_on_cpu_s;#Stop Time US;Time (s);Math (%);#Elapsed Time;String (%);#Stop Time S;Others (%);System (%);#Start Time US;Memory (%);OMP (%);Binary (%);Nb Cycle Events;#max_context_switch_time_s;IO (%);#Start Time S;MPI (%);Pthread (%);
_ALL;_ALL;_ALL;0;66136;13.809796333313;0;13.809796333313;0;1742725850;0;0;256340;0;0;100;2771.9999321911;0;0;1742725836;0;0;
MathieuMint;_ALL;_ALL;0;66136;13.809796333313;0;13.809796333313;0;1742725850;0;0;256340;0;0;100;2771.9999321911;0;0;1742725836;0;0;
MathieuMint;5878;_ALL;0;66136;13.809796333313;0;13.809796333313;0;1742725850;0;0;256340;0;0;100;2771.9999321911;0;0;1742725836;0;0;
MathieuMint;5878;5878;13.80001449585;66136;13.809796333313;0;13.809796333313;0;1742725850;0;0;256340;0;0;100;2771.9999321911;13.80001449585;0;1742725836;0;0;
