block_id;module;source_info;time_p;time_s;time_s_min;time_s_avg;time_s_max;cov_deviation;time_deviation;nb_threads;flops;
37;measure;kernel.c:52-53;97.402603149414;13.448218345642;13.448219299316;13.448219299316;13.448219299316;0;0;1;;
39;measure;kernel.c:52-53;2.4531021118164;0.33869582414627;0.33869582414627;0.33869582414627;0.33869582414627;0;0;1;;
33;measure;kernel.c:51-51;0.072150066494942;0.0099616423249245;0.0099616413936019;0.0099616413936019;0.0099616413936019;0;0;1;;
