Node;Process;Thread;#max_time_on_cpu_s;#Stop Time US;Time (s);Math (%);#Elapsed Time;String (%);#Stop Time S;Others (%);System (%);#Start Time US;Memory (%);OMP (%);Binary (%);Nb Cycle Events;#max_context_switch_time_s;IO (%);#Start Time S;MPI (%);Pthread (%);
_ALL;_ALL;_ALL;0;616007;13.806837081909;0;13.806837081909;0;1742725324;0.072150061737265;0;809170;0;0;99.927851815762;2772.0004000593;0;0;1742725310;0;0;
MathieuMint;_ALL;_ALL;0;616007;13.806837081909;0;13.806837081909;0;1742725324;0.072150061737265;0;809170;0;0;99.927851815762;2772.0004000593;0;0;1742725310;0;0;
MathieuMint;5273;_ALL;0;616007;13.806837081909;0;13.806837081909;0;1742725324;0.072150061737265;0;809170;0;0;99.927851815762;2772.0004000593;0;0;1742725310;0;0;
MathieuMint;5273;5273;6.3120169639587;616007;13.806837081909;0;13.806837081909;0;1742725324;0.072150061737265;0;809170;0;0;99.927851815762;2772.0004000593;6.3120169639587;0;1742725310;0;0;
