block_id;module;source_info;time_p;time_s;time_s_min;time_s_avg;time_s_max;cov_deviation;time_deviation;nb_threads;flops;
37;measure;kernel.c:52-53;97.330451965332;13.437298774719;13.437299728394;13.437299728394;13.437299728394;0;0;1;;
39;measure;kernel.c:52-53;2.597403049469;0.35859364271164;0.35859364271164;0.35859364271164;0.35859364271164;0;0;1;;
33;measure;kernel.c:51-51;0.036075040698051;0.0049804672598839;0.0049804672598839;0.0049804672598839;0.0049804672598839;0;0;1;;
