Node;Process;Thread;#max_time_on_cpu_s;#Stop Time US;Time (s);Math (%);#Elapsed Time;String (%);#Stop Time S;Others (%);System (%);#Start Time US;Memory (%);OMP (%);Binary (%);Nb Cycle Events;#max_context_switch_time_s;IO (%);#Start Time S;MPI (%);Pthread (%);
_ALL;_ALL;_ALL;0;3349;13.811647415161;0;13.811647415161;0;1742726678;0;0;191702;0;0;100;2774.9996021712;0;0;1742726664;0;0;
MathieuMint;_ALL;_ALL;0;3349;13.811647415161;0;13.811647415161;0;1742726678;0;0;191702;0;0;100;2774.9996021712;0;0;1742726664;0;0;
MathieuMint;6919;_ALL;0;3349;13.811647415161;0;13.811647415161;0;1742726678;0;0;191702;0;0;100;2774.9996021712;0;0;1742726664;0;0;
MathieuMint;6919;6919;13.80216884613;3349;13.811647415161;0;13.811647415161;0;1742726678;0;0;191702;0;0;100;2774.9996021712;13.80216884613;0;1742726664;0;0;
