block_id;module;source_info;time_p;time_s;time_s_min;time_s_avg;time_s_max;cov_deviation;time_deviation;nb_threads;flops;
37;measure;kernel.c:52-53;97.441444396973;13.458269119263;13.458269119263;13.458269119263;13.458269119263;0;0;1;;
39;measure;kernel.c:52-53;2.3423426151276;0.32351610064507;0.32351610064507;0.32351610064507;0.32351610064507;0;0;1;;
33;measure;kernel.c:51-51;0.21621625125408;0.029863025993109;0.029863027855754;0.029863027855754;0.029863027855754;0;0;1;;
