Node;Process;Thread;#max_time_on_cpu_s;#Stop Time US;Time (s);Math (%);#Elapsed Time;String (%);#Stop Time S;Others (%);System (%);#Start Time US;Memory (%);OMP (%);Binary (%);Nb Cycle Events;#max_context_switch_time_s;IO (%);#Start Time S;MPI (%);Pthread (%);
_ALL;_ALL;_ALL;0;679239;13.806393623352;0;13.806393623352;0;1742725454;0.10814707354381;0.036049024514602;872845;0;0;99.855798625027;2774.0001663427;0;0;1742725440;0;0;
MathieuMint;_ALL;_ALL;0;679239;13.806393623352;0;13.806393623352;0;1742725454;0.10814707354381;0.036049024514602;872845;0;0;99.855798625027;2774.0001663427;0;0;1742725440;0;0;
MathieuMint;5443;_ALL;0;679239;13.806393623352;0;13.806393623352;0;1742725454;0.10814707354381;0.036049024514602;872845;0;0;99.855798625027;2774.0001663427;0;0;1742725440;0;0;
MathieuMint;5443;5443;13.798896789551;679239;13.806393623352;0;13.806393623352;0;1742725454;0.10814707354381;0.036049024514602;872845;0;0;99.855798625027;2774.0001663427;13.798896789551;0;1742725440;0;0;
