function_id;module;function_name;source_info;inc_time_p;inc_time_s;inc_time_s_min;inc_time_s_avg;inc_time_s_max;inc_cov_deviation;inc_time_deviation;exc_time_p;exc_time_s;exc_time_s_min;exc_time_s_avg;exc_time_s_max;exc_cov_deviation;exc_time_deviation;nb_threads;cats;label_name;flops;
6;measure;kernel;kernel.c:51-55;99.855796813965;13.786484718323;13.786484718323;13.786484718323;13.786484718323;0;0;5.5167743084894e-07;7.6166756457496e-08;7.6166756457496e-08;7.6166756457496e-08;7.6166756457496e-08;0;0;1;"100,0,0,0,0,0,0,0,0,0";kernel;;
217;libc.so.6;random;;0.10814706981182;0.01493121124804;0.014931210316718;0.014931210316718;0.014931210316718;0;0;0.10814706981182;0.01493121124804;0.014931210316718;0.014931210316718;0.014931210316718;0;0;1;"0,0,0,0,0,0,0,0,0,100";random;;
-1;kernel;unknown_kernel_region;;0.036049023270607;0.0049770697951317;0.0049770697951317;0.0049770697951317;0.0049770697951317;0;0;0;0;0;0;0;0;0;1;"0,0,0,0,100,0,0,0,0,0";unknown kernel region;;
