loop_id;module;function_name;function_id;source_info;level;inc_time_p;inc_time_s;inc_time_s_min;inc_time_s_avg;inc_time_s_max;inc_cov_deviation;inc_time_deviation;exc_time_p;exc_time_s;exc_time_s_min;exc_time_s_avg;exc_time_s_max;exc_cov_deviation;exc_time_deviation;nb_threads;flops;
2;measure;kernel;6;kernel.c:52-53;Innermost;97.764152526855;13.498384475708;13.498383522034;13.498383522034;13.498383522034;0;0;97.764152526855;13.498384475708;13.498383522034;13.498383522034;13.498383522034;0;0;1;;
1;measure;kernel;6;kernel.c:52-53;Innermost;2.0915977954865;0.28878879547119;0.28878879547119;0.28878879547119;0.28878879547119;0;0;2.0915977954865;0.28878879547119;0.28878879547119;0.28878879547119;0.28878879547119;0;0;1;;
0;measure;kernel;6;kernel.c:51-52;Outermost;99.927871704102;13.797131538391;13.797130584717;13.797130584717;13.797130584717;0;0;0.072124063968658;0.009958234615624;0.009958234615624;0.009958234615624;0.009958234615624;0;0;1;;
