block_id;module;source_info;time_p;time_s;time_s_min;time_s_avg;time_s_max;cov_deviation;time_deviation;nb_threads;flops;
37;measure;kernel.c:52-53;97.116088867188;13.413887023926;13.413887023926;13.413887023926;13.413887023926;0;0;1;;
39;measure;kernel.c:52-53;2.7036774158478;0.3734378516674;0.3734378516674;0.3734378516674;0.3734378516674;0;0;1;;
33;measure;kernel.c:51-51;0.10814710706472;0.014937515370548;0.014937515370548;0.014937515370548;0.014937515370548;0;0;1;;
