Node;Process;Thread;#max_time_on_cpu_s;#Stop Time US;Time (s);Math (%);#Elapsed Time;String (%);#Stop Time S;Others (%);System (%);#Start Time US;Memory (%);OMP (%);Binary (%);Nb Cycle Events;#max_context_switch_time_s;IO (%);#Start Time S;MPI (%);Pthread (%);
_ALL;_ALL;_ALL;0;244765;13.806064605713;0;13.806064605713;0;1742726629;0.10799135431867;0;438700;0;0;99.892008141945;2778.0001639273;0;0;1742726615;0;0;
MathieuMint;_ALL;_ALL;0;244765;13.806064605713;0;13.806064605713;0;1742726629;0.10799135431867;0;438700;0;0;99.892008141945;2778.0001639273;0;0;1742726615;0;0;
MathieuMint;6859;_ALL;0;244765;13.806064605713;0;13.806064605713;0;1742726629;0.10799135431867;0;438700;0;0;99.892008141945;2778.0001639273;0;0;1742726615;0;0;
MathieuMint;6859;6859;10.091175079346;244765;13.806064605713;0;13.806064605713;0;1742726629;0.10799135431867;0;438700;0;0;99.892008141945;2778.0001639273;10.091175079346;0;1742726615;0;0;
