function_id;module;function_name;source_info;inc_time_p;inc_time_s;inc_time_s_min;inc_time_s_avg;inc_time_s_max;inc_cov_deviation;inc_time_deviation;exc_time_p;exc_time_s;exc_time_s_min;exc_time_s_avg;exc_time_s_max;exc_cov_deviation;exc_time_deviation;nb_threads;cats;label_name;flops;
6;measure;kernel;kernel.c:51-55;99.89200592041;13.79115486145;13.791155815125;13.791155815125;13.791155815125;0;0;4.0298905332747e-06;5.5636928664171e-07;5.5636934348513e-07;5.5636934348513e-07;5.5636934348513e-07;0;0;1;"100,0,0,0,0,0,0,0,0,0";kernel;;
217;libc.so.6;random;;0.10799135267735;0.014909356832504;0.014909355901182;0.014909355901182;0.014909355901182;0;0;0.10799135267735;0.014909356832504;0.014909355901182;0.014909355901182;0.014909355901182;0;0;1;"0,0,0,0,0,0,0,0,0,100";random;;
