loop_id;module;function_name;function_id;source_info;level;inc_time_p;inc_time_s;inc_time_s_min;inc_time_s_avg;inc_time_s_max;inc_cov_deviation;inc_time_deviation;exc_time_p;exc_time_s;exc_time_s_min;exc_time_s_avg;exc_time_s_max;exc_cov_deviation;exc_time_deviation;nb_threads;flops;
2;measure;kernel;6;kernel.c:166-167;Innermost;80.800933837891;3.4293417930603;3.4293420314789;3.4293420314789;3.4293420314789;0;0;80.800933837891;3.4293417930603;3.4293420314789;3.4293420314789;3.4293420314789;0;0;1;;
1;measure;kernel;6;kernel.c:165-167;Outermost;99.293273925781;4.2141909599304;4.2141914367676;4.2141914367676;4.2141914367676;0;0;18.492341995239;0.7848494052887;0.78484934568405;0.78484934568405;0.78484934568405;0;0;1;;
4;measure;main;8;driver.c:76-77;Innermost;0.23557123541832;0.0099980812519789;0.0099980812519789;0.0099980812519789;0.0099980812519789;0;0;0.23557123541832;0.0099980812519789;0.0099980812519789;0.0099980812519789;0.0099980812519789;0;0;1;;
