Node;Process;Thread;#max_time_on_cpu_s;#Stop Time US;Time (s);Math (%);#Elapsed Time;String (%);#Stop Time S;Others (%);System (%);#Start Time US;Memory (%);OMP (%);Binary (%);Nb Cycle Events;#max_context_switch_time_s;IO (%);#Start Time S;MPI (%);Pthread (%);
_ALL;_ALL;_ALL;0;411780;4.24418592453;0;4.24418592453;0;1744402635;0;0;167594;0;0;99.999998709773;849.00006124295;0;0;1744402631;0;0;
MathieuMint;_ALL;_ALL;0;411780;4.24418592453;0;4.24418592453;0;1744402635;0;0;167594;0;0;99.999998709773;849.00006124295;0;0;1744402631;0;0;
MathieuMint;13372;_ALL;0;411780;4.24418592453;0;4.24418592453;0;1744402635;0;0;167594;0;0;99.999998709773;849.00006124295;0;0;1744402631;0;0;
MathieuMint;13372;13372;2.9830429553986;411780;4.24418592453;0;4.24418592453;0;1744402635;0;0;167594;0;0;99.999998709773;849.00006124295;2.9830429553986;0;1744402631;0;0;
