Node;Process;Thread;#max_time_on_cpu_s;#Stop Time US;Time (s);Math (%);#Elapsed Time;String (%);#Stop Time S;Others (%);System (%);#Start Time US;Memory (%);OMP (%);Binary (%);Nb Cycle Events;#max_context_switch_time_s;IO (%);#Start Time S;MPI (%);Pthread (%);
_ALL;_ALL;_ALL;0;502355;13.808206558228;0;13.808206558228;0;1742725633;0.036075032963102;0;694148;0;0;99.963917327558;2772.0002391206;0;0;1742725619;0;0;
MathieuMint;_ALL;_ALL;0;502355;13.808206558228;0;13.808206558228;0;1742725633;0.036075032963102;0;694148;0;0;99.963917327558;2772.0002391206;0;0;1742725619;0;0;
MathieuMint;5673;_ALL;0;502355;13.808206558228;0;13.808206558228;0;1742725633;0.036075032963102;0;694148;0;0;99.963917327558;2772.0002391206;0;0;1742725619;0;0;
MathieuMint;5673;5673;8.7104806900024;502355;13.808206558228;0;13.808206558228;0;1742725633;0.036075032963102;0;694148;0;0;99.963917327558;2772.0002391206;8.7104806900024;0;1742725619;0;0;
