block_id;module;source_info;time_p;time_s;time_s_min;time_s_avg;time_s_max;cov_deviation;time_deviation;nb_threads;flops;
37;measure;kernel.c:52-53;97.138885498047;6.9599986076355;6.9599986076355;6.9599986076355;6.9599986076355;0;0;1;;
39;measure;kernel.c:52-53;2.7913477420807;0.19999998807907;0.20000000298023;0.20000000298023;0.20000000298023;0;0;1;;
33;measure;kernel.c:51-51;0.069783702492714;0.0050000003539026;0.0049999998882413;0.0049999998882413;0.0049999998882413;0;0;1;;
