Node;Process;Thread;#max_time_on_cpu_s;#Stop Time US;Time (s);Math (%);#Elapsed Time;String (%);#Stop Time S;Others (%);System (%);#Start Time US;Memory (%);OMP (%);Binary (%);Nb Cycle Events;#max_context_switch_time_s;IO (%);#Start Time S;MPI (%);Pthread (%);
_ALL;_ALL;_ALL;0;92586;7.1649971008301;0;7.1739611625671;0;1742731280;0;0;918625;0;0;100;1432.9994272472;0;0;1742731272;0;0;
MathieuMint;_ALL;_ALL;0;92586;7.1649971008301;0;7.1739611625671;0;1742731280;0;0;918625;0;0;100;1432.9994272472;0;0;1742731272;0;0;
MathieuMint;12860;_ALL;0;92586;7.1649971008301;0;7.1739611625671;0;1742731280;0;0;918625;0;0;100;1432.9994272472;0;0;1742731272;0;0;
MathieuMint;12860;12860;2.9995100498199;92586;7.1649971008301;0;7.1739611625671;0;1742731280;0;0;918625;0;0;100;1432.9994272472;2.9995100498199;0;1742731272;0;0;
