Node;Process;Thread;#max_time_on_cpu_s;#Stop Time US;Time (s);Math (%);#Elapsed Time;String (%);#Stop Time S;Others (%);System (%);#Start Time US;Memory (%);OMP (%);Binary (%);Nb Cycle Events;#max_context_switch_time_s;IO (%);#Start Time S;MPI (%);Pthread (%);
_ALL;_ALL;_ALL;0;330500;13.810112953186;0;13.810112953186;0;1742724058;0.10818607280559;0;520387;0;0;99.891811324992;2773.0001858844;0;0;1742724044;0;0;
MathieuMint;_ALL;_ALL;0;330500;13.810112953186;0;13.810112953186;0;1742724058;0.10818607280559;0;520387;0;0;99.891811324992;2773.0001858844;0;0;1742724044;0;0;
MathieuMint;3779;_ALL;0;330500;13.810112953186;0;13.810112953186;0;1742724058;0.10818607280559;0;520387;0;0;99.891811324992;2773.0001858844;0;0;1742724044;0;0;
MathieuMint;3779;3779;13.799389839172;330500;13.810112953186;0;13.810112953186;0;1742724058;0.10818607280559;0;520387;0;0;99.891811324992;2773.0001858844;13.799389839172;0;1742724044;0;0;
