Node;Process;Thread;#max_time_on_cpu_s;#Stop Time US;Time (s);Math (%);#Elapsed Time;String (%);#Stop Time S;Others (%);System (%);#Start Time US;Memory (%);OMP (%);Binary (%);Nb Cycle Events;#max_context_switch_time_s;IO (%);#Start Time S;MPI (%);Pthread (%);
_ALL;_ALL;_ALL;0;678629;7.3350038528442;0;7.3874068260193;0;1742731251;0;0;291222;0;0;100;1467.0007962064;0;0;1742731244;0;0;
MathieuMint;_ALL;_ALL;0;678629;7.3350038528442;0;7.3874068260193;0;1742731251;0;0;291222;0;0;100;1467.0007962064;0;0;1742731244;0;0;
MathieuMint;12707;_ALL;0;678629;7.3350038528442;0;7.3874068260193;0;1742731251;0;0;291222;0;0;100;1467.0007962064;0;0;1742731244;0;0;
MathieuMint;12707;12707;1.158066034317;678629;7.3350038528442;0;7.3874068260193;0;1742731251;0;0;291222;0;0;100;1467.0007962064;1.158066034317;0;1742731244;0;0;
