block_id;module;source_info;time_p;time_s;time_s_min;time_s_avg;time_s_max;cov_deviation;time_deviation;nb_threads;flops;
37;measure;kernel.c:52-53;97.20516204834;7.1300024986267;7.1300024986267;7.1300024986267;7.1300024986267;0;0;1;;
39;measure;kernel.c:52-53;2.7948181629181;0.20500002801418;0.20500001311302;0.20500001311302;0.20500001311302;0;0;1;;
