block_id;module;source_info;time_p;time_s;time_s_min;time_s_avg;time_s_max;cov_deviation;time_deviation;nb_threads;flops;
37;measure;kernel.c:52-53;96.934730529785;13.381781578064;13.381782531738;13.381782531738;13.381782531738;0;0;1;;
39;measure;kernel.c:52-53;2.9570860862732;0.40822395682335;0.40822398662567;0.40822398662567;0.40822398662567;0;0;1;;
33;measure;kernel.c:51-51;0.072124049067497;0.0099566821008921;0.0099566821008921;0.0099566821008921;0.0099566821008921;0;0;1;;
