Node;Process;Thread;#max_time_on_cpu_s;#Stop Time US;Time (s);Math (%);#Elapsed Time;String (%);#Stop Time S;Others (%);System (%);#Start Time US;Memory (%);OMP (%);Binary (%);Nb Cycle Events;#max_context_switch_time_s;IO (%);#Start Time S;MPI (%);Pthread (%);
_ALL;_ALL;_ALL;0;725424;13.809118270874;0;13.809118270874;0;1742725584;0.072150082334451;0;916306;0;0;99.927851194901;2771.999608717;0;0;1742725570;0;0;
MathieuMint;_ALL;_ALL;0;725424;13.809118270874;0;13.809118270874;0;1742725584;0.072150082334451;0;916306;0;0;99.927851194901;2771.999608717;0;0;1742725570;0;0;
MathieuMint;5610;_ALL;0;725424;13.809118270874;0;13.809118270874;0;1742725584;0.072150082334451;0;916306;0;0;99.927851194901;2771.999608717;0;0;1742725570;0;0;
MathieuMint;5610;5610;13.798172950745;725424;13.809118270874;0;13.809118270874;0;1742725584;0.072150082334451;0;916306;0;0;99.927851194901;2771.999608717;13.798172950745;0;1742725570;0;0;
