Node;Process;Thread;#max_time_on_cpu_s;#Stop Time US;Time (s);Math (%);#Elapsed Time;String (%);#Stop Time S;Others (%);System (%);#Start Time US;Memory (%);OMP (%);Binary (%);Nb Cycle Events;#max_context_switch_time_s;IO (%);#Start Time S;MPI (%);Pthread (%);
_ALL;_ALL;_ALL;0;602289;13.644998550415;0;13.698548316956;0;1742221056;3.9941375005864;0;903741;0;0;96.005877969395;2728.9996800284;0;0;1742221042;0;0;
linuxbox;_ALL;_ALL;0;602289;13.644998550415;0;13.698548316956;0;1742221056;3.9941375005864;0;903741;0;0;96.005877969395;2728.9996800284;0;0;1742221042;0;0;
linuxbox;339975;_ALL;0;602289;13.644998550415;0;13.698548316956;0;1742221056;3.9941375005864;0;903741;0;0;96.005877969395;2728.9996800284;0;0;1742221042;0;0;
linuxbox;339975;339975;10.446081161499;602289;13.644998550415;0;13.698548316956;0;1742221056;3.9941375005864;0;903741;0;0;96.005877969395;2728.9996800284;10.446081161499;0;1742221042;0;0;
