block_id;module;source_info;time_p;time_s;time_s_min;time_s_avg;time_s_max;cov_deviation;time_deviation;nb_threads;flops;
37;measure;kernel.c:52-53;97.005767822266;13.394359588623;13.394360542297;13.394360542297;13.394360542297;0;0;1;;
39;measure;kernel.c:52-53;2.8860030174255;0.39849346876144;0.39849343895912;0.39849343895912;0.39849343895912;0;0;1;;
