Node;Process;Thread;#max_time_on_cpu_s;#Stop Time US;Time (s);Math (%);#Elapsed Time;String (%);#Stop Time S;Others (%);System (%);#Start Time US;Memory (%);OMP (%);Binary (%);Nb Cycle Events;#max_context_switch_time_s;IO (%);#Start Time S;MPI (%);Pthread (%);
_ALL;_ALL;_ALL;0;465597;13.810171127319;0;13.810171127319;0;1742726061;0.072202171819211;0;655426;0;0;99.927798649728;2769.9997792419;0;0;1742726047;0;0;
MathieuMint;_ALL;_ALL;0;465597;13.810171127319;0;13.810171127319;0;1742726061;0.072202171819211;0;655426;0;0;99.927798649728;2769.9997792419;0;0;1742726047;0;0;
MathieuMint;6171;_ALL;0;465597;13.810171127319;0;13.810171127319;0;1742726061;0.072202171819211;0;655426;0;0;99.927798649728;2769.9997792419;0;0;1742726047;0;0;
MathieuMint;6171;6171;10.229659080505;465597;13.810171127319;0;13.810171127319;0;1742726061;0.072202171819211;0;655426;0;0;99.927798649728;2769.9997792419;10.229659080505;0;1742726047;0;0;
