Node;Process;Thread;#max_time_on_cpu_s;#Stop Time US;Time (s);Math (%);#Elapsed Time;String (%);#Stop Time S;Others (%);System (%);#Start Time US;Memory (%);OMP (%);Binary (%);Nb Cycle Events;#max_context_switch_time_s;IO (%);#Start Time S;MPI (%);Pthread (%);
_ALL;_ALL;_ALL;0;233703;6.9329137802124;0;6.9329137802124;0;1742731382;0.072046106927513;0;300789;0;0;99.927951395793;1388.0000497544;0;0;1742731375;0;0;
MathieuMint;_ALL;_ALL;0;233703;6.9329137802124;0;6.9329137802124;0;1742731382;0.072046106927513;0;300789;0;0;99.927951395793;1388.0000497544;0;0;1742731375;0;0;
MathieuMint;13143;_ALL;0;233703;6.9329137802124;0;6.9329137802124;0;1742731382;0.072046106927513;0;300789;0;0;99.927951395793;1388.0000497544;0;0;1742731375;0;0;
MathieuMint;13143;13143;5.127209186554;233703;6.9329137802124;0;6.9329137802124;0;1742731382;0.072046106927513;0;300789;0;0;99.927951395793;1388.0000497544;5.127209186554;0;1742731375;0;0;
