Node;Process;Thread;#max_time_on_cpu_s;#Stop Time US;Time (s);Math (%);#Elapsed Time;String (%);#Stop Time S;Others (%);System (%);#Start Time US;Memory (%);OMP (%);Binary (%);Nb Cycle Events;#max_context_switch_time_s;IO (%);#Start Time S;MPI (%);Pthread (%);
_ALL;_ALL;_ALL;0;709198;13.807945251465;0;13.807945251465;0;1742723960;0.1081470854412;0;901253;0;0;99.891852410898;2773.9997842726;0;0;1742723946;0;0;
MathieuMint;_ALL;_ALL;0;709198;13.807945251465;0;13.807945251465;0;1742723960;0.1081470854412;0;901253;0;0;99.891852410898;2773.9997842726;0;0;1742723946;0;0;
MathieuMint;3648;_ALL;0;709198;13.807945251465;0;13.807945251465;0;1742723960;0.1081470854412;0;901253;0;0;99.891852410898;2773.9997842726;0;0;1742723946;0;0;
MathieuMint;3648;3648;13.799291610718;709198;13.807945251465;0;13.807945251465;0;1742723960;0.1081470854412;0;901253;0;0;99.891852410898;2773.9997842726;13.799291610718;0;1742723946;0;0;
