block_id;module;source_info;time_p;time_s;time_s_min;time_s_avg;time_s_max;cov_deviation;time_deviation;nb_threads;flops;
37;measure;kernel.c:52-53;97.365570068359;13.446805000305;13.446805000305;13.446805000305;13.446805000305;0;0;1;;
39;measure;kernel.c:52-53;2.526163816452;0.34887930750847;0.34887930750847;0.34887930750847;0.34887930750847;0;0;1;;
