block_id;module;source_info;time_p;time_s;time_s_min;time_s_avg;time_s_max;cov_deviation;time_deviation;nb_threads;flops;
109;measure;kernel.c:52-53;88.235298156738;0.15000000596046;0.1499999910593;0.1499999910593;0.1499999910593;0;0;1;;
107;measure;kernel.c:53-53;11.764705657959;0.019999999552965;0.02000000141561;0.02000000141561;0.02000000141561;0;0;1;;
