block_id;module;source_info;time_p;time_s;time_s_min;time_s_avg;time_s_max;cov_deviation;time_deviation;nb_threads;flops;
37;measure;kernel.c:52-53;96.538040161133;13.32780456543;13.327803611755;13.327803611755;13.327803611755;0;0;1;;
39;measure;kernel.c:52-53;3.3177061080933;0.45803436636925;0.45803433656693;0.45803433656693;0.45803433656693;0;0;1;;
33;measure;kernel.c:51-51;0.072124041616917;0.0099572679027915;0.0099572679027915;0.0099572679027915;0.0099572679027915;0;0;1;;
