loop_id;module;function_name;function_id;source_info;level;inc_time_p;inc_time_s;inc_time_s_min;inc_time_s_avg;inc_time_s_max;inc_cov_deviation;inc_time_deviation;exc_time_p;exc_time_s;exc_time_s_min;exc_time_s_avg;exc_time_s_max;exc_cov_deviation;exc_time_deviation;nb_threads;flops;
2;measure;kernel;6;kernel.c:52-53;Innermost;96.538040161133;13.32780456543;13.327803611755;13.327803611755;13.327803611755;0;0;96.538040161133;13.32780456543;13.327803611755;13.327803611755;13.327803611755;0;0;1;;
1;measure;kernel;6;kernel.c:52-53;Innermost;3.3177061080933;0.45803436636925;0.45803433656693;0.45803433656693;0.45803433656693;0;0;3.3177061080933;0.45803436636925;0.45803433656693;0.45803433656693;0.45803433656693;0;0;1;;
0;measure;kernel;6;kernel.c:51-52;Outermost;99.927864074707;13.795795440674;13.795795440674;13.795795440674;13.795795440674;0;0;0.072124041616917;0.0099572679027915;0.0099572679027915;0.0099572679027915;0.0099572679027915;0;0;1;;
