Node;Process;Thread;#max_time_on_cpu_s;#Stop Time US;Time (s);Math (%);#Elapsed Time;String (%);#Stop Time S;Others (%);System (%);#Start Time US;Memory (%);OMP (%);Binary (%);Nb Cycle Events;#max_context_switch_time_s;IO (%);#Start Time S;MPI (%);Pthread (%);
_ALL;_ALL;_ALL;0;207027;13.805753707886;0;13.805753707886;0;1742726045;0.07212404393442;0;401273;0;0;99.927871566438;2773.0003628451;0;0;1742726031;0;0;
MathieuMint;_ALL;_ALL;0;207027;13.805753707886;0;13.805753707886;0;1742726045;0.07212404393442;0;401273;0;0;99.927871566438;2773.0003628451;0;0;1742726031;0;0;
MathieuMint;6151;_ALL;0;207027;13.805753707886;0;13.805753707886;0;1742726045;0.07212404393442;0;401273;0;0;99.927871566438;2773.0003628451;0;0;1742726031;0;0;
MathieuMint;6151;6151;13.797072410583;207027;13.805753707886;0;13.805753707886;0;1742726045;0.07212404393442;0;401273;0;0;99.927871566438;2773.0003628451;13.797072410583;0;1742726031;0;0;
