loop_id;module;function_name;function_id;source_info;level;inc_time_p;inc_time_s;inc_time_s_min;inc_time_s_avg;inc_time_s_max;inc_cov_deviation;inc_time_deviation;exc_time_p;exc_time_s;exc_time_s_min;exc_time_s_avg;exc_time_s_max;exc_cov_deviation;exc_time_deviation;nb_threads;flops;
2;measure;kernel;6;kernel.c:52-53;Innermost;97.262245178223;13.429728507996;13.429728507996;13.429728507996;13.429728507996;0;0;97.262245178223;13.429728507996;13.429728507996;13.429728507996;13.429728507996;0;0;1;;
1;measure;kernel;6;kernel.c:52-53;Innermost;2.6657049655914;0.36807391047478;0.36807388067245;0.36807388067245;0.36807388067245;0;0;2.6657049655914;0.36807391047478;0.36807388067245;0.36807388067245;0.36807388067245;0;0;1;;
0;measure;kernel;6;kernel.c:51-52;Outermost;99.963973999023;13.80277633667;13.802777290344;13.802777290344;13.802777290344;0;0;0.036023043096066;0.0049739717505872;0.0049739717505872;0.0049739717505872;0.0049739717505872;0;0;1;;
