block_id;module;source_info;time_p;time_s;time_s_min;time_s_avg;time_s_max;cov_deviation;time_deviation;nb_threads;flops;
37;measure;kernel.c:52-53;97.262245178223;13.429728507996;13.429728507996;13.429728507996;13.429728507996;0;0;1;;
39;measure;kernel.c:52-53;2.6657049655914;0.36807391047478;0.36807388067245;0.36807388067245;0.36807388067245;0;0;1;;
33;measure;kernel.c:51-51;0.036023043096066;0.0049739717505872;0.0049739717505872;0.0049739717505872;0.0049739717505872;0;0;1;;
