block_id;module;source_info;time_p;time_s;time_s_min;time_s_avg;time_s_max;cov_deviation;time_deviation;nb_threads;flops;
37;measure;kernel.c:52-53;96.934730529785;13.384879112244;13.384879112244;13.384879112244;13.384879112244;0;0;1;;
39;measure;kernel.c:52-53;3.0292103290558;0.41827747225761;0.41827747225761;0.41827747225761;0.41827747225761;0;0;1;;
