block_id;module;source_info;time_p;time_s;time_s_min;time_s_avg;time_s_max;cov_deviation;time_deviation;nb_threads;flops;
37;measure;kernel.c:52-53;97.367469787598;13.444760322571;13.444760322571;13.444760322571;13.444760322571;0;0;1;;
39;measure;kernel.c:52-53;2.5964658260345;0.35852694511414;0.35852691531181;0.35852691531181;0.35852691531181;0;0;1;;
