Node;Process;Thread;#max_time_on_cpu_s;#Stop Time US;Time (s);Math (%);#Elapsed Time;String (%);#Stop Time S;Others (%);System (%);#Start Time US;Memory (%);OMP (%);Binary (%);Nb Cycle Events;#max_context_switch_time_s;IO (%);#Start Time S;MPI (%);Pthread (%);
_ALL;_ALL;_ALL;0;16441;13.810779571533;0;13.810779571533;0;1742725785;0.10826417178391;0;205661;0;0;99.891736679587;2770.9997384169;0;0;1742725771;0;0;
MathieuMint;_ALL;_ALL;0;16441;13.810779571533;0;13.810779571533;0;1742725785;0.10826417178391;0;205661;0;0;99.891736679587;2770.9997384169;0;0;1742725771;0;0;
MathieuMint;5791;_ALL;0;16441;13.810779571533;0;13.810779571533;0;1742725785;0.10826417178391;0;205661;0;0;99.891736679587;2770.9997384169;0;0;1742725771;0;0;
MathieuMint;5791;5791;5.8634080886841;16441;13.810779571533;0;13.810779571533;0;1742725785;0.10826417178391;0;205661;0;0;99.891736679587;2770.9997384169;5.8634080886841;0;1742725771;0;0;
