loop_id;module;function_name;function_id;source_info;level;inc_time_p;inc_time_s;inc_time_s_min;inc_time_s_avg;inc_time_s_max;inc_cov_deviation;inc_time_deviation;exc_time_p;exc_time_s;exc_time_s_min;exc_time_s_avg;exc_time_s_max;exc_cov_deviation;exc_time_deviation;nb_threads;flops;
2;measure;kernel;6;kernel.c:52-53;Innermost;97.221221923828;13.427008628845;13.42700958252;13.42700958252;13.42700958252;0;0;97.221221923828;13.427008628845;13.42700958252;13.42700958252;13.42700958252;0;0;1;;
1;measure;kernel;6;kernel.c:52-53;Innermost;2.5983402729034;0.3588510453701;0.3588510453701;0.3588510453701;0.3588510453701;0;0;2.5983402729034;0.3588510453701;0.3588510453701;0.3588510453701;0.3588510453701;0;0;1;;
0;measure;kernel;6;kernel.c:51-52;Outermost;99.891731262207;13.795826911926;13.795827865601;13.795827865601;13.795827865601;0;0;0.072176113724709;0.0099680842831731;0.0099680852144957;0.0099680852144957;0.0099680852144957;0;0;1;;
