block_id;module;source_info;time_p;time_s;time_s_min;time_s_avg;time_s_max;cov_deviation;time_deviation;nb_threads;flops;
37;measure;kernel.c:52-53;97.221221923828;13.427008628845;13.42700958252;13.42700958252;13.42700958252;0;0;1;;
39;measure;kernel.c:52-53;2.5983402729034;0.3588510453701;0.3588510453701;0.3588510453701;0.3588510453701;0;0;1;;
33;measure;kernel.c:51-51;0.072176113724709;0.0099680842831731;0.0099680852144957;0.0099680852144957;0.0099680852144957;0;0;1;;
