function_id;module;function_name;source_info;inc_time_p;inc_time_s;inc_time_s_min;inc_time_s_avg;inc_time_s_max;inc_cov_deviation;inc_time_deviation;exc_time_p;exc_time_s;exc_time_s_min;exc_time_s_avg;exc_time_s_max;exc_cov_deviation;exc_time_deviation;nb_threads;cats;label_name;flops;
7;measure;kernel;kernel.c:47-56;99.70182800293;13.374998092651;13.374999046326;13.374999046326;13.374999046326;0;0;0;0;0;0;0;0;0;1;"100,0,0,0,0,0,0,0,0,0";kernel;;
217;libc.so.6;random;;0.2236302793026;0.029999995604157;0.029999999329448;0.029999999329448;0.029999999329448;0;0;0.2236302793026;0.029999995604157;0.029999999329448;0.029999999329448;0.029999999329448;0;0;1;"0,0,0,0,0,0,0,0,0,100";random;;
221;libc.so.6;random_r;;0.037271715700626;0.0049999998882413;0.0049999998882413;0.0049999998882413;0.0049999998882413;0;0;0.037271715700626;0.0049999998882413;0.0049999998882413;0.0049999998882413;0.0049999998882413;0;0;1;"0,0,0,0,0,0,0,0,0,100";random_r;;
1;measure;main;stdlib.h:483-483,stdio2.h:79-79,stdio2.h:86-86,driver.c:13-24,driver.c:35-51,driver.c:57-103;0.037271715700626;0.0049999998882413;0.0049999998882413;0.0049999998882413;0.0049999998882413;0;0;0;0;0;0;0;0;0;1;"100,0,0,0,0,0,0,0,0,0";main;;
