block_id;module;source_info;time_p;time_s;time_s_min;time_s_avg;time_s_max;cov_deviation;time_deviation;nb_threads;flops;
37;measure;kernel.c:52-53;96.273735046387;13.381345748901;13.381345748901;13.381345748901;13.381345748901;0;0;1;;
39;measure;kernel.c:52-53;3.5829446315765;0.49800315499306;0.49800315499306;0.49800315499306;0.49800315499306;0;0;1;;
33;measure;kernel.c:51-51;0.035829447209835;0.004980031400919;0.0049800318665802;0.0049800318665802;0.0049800318665802;0;0;1;;
