Node;Process;Thread;#max_time_on_cpu_s;#Stop Time US;Time (s);Math (%);#Elapsed Time;String (%);#Stop Time S;Others (%);System (%);#Start Time US;Memory (%);OMP (%);Binary (%);Nb Cycle Events;#max_context_switch_time_s;IO (%);#Start Time S;MPI (%);Pthread (%);
_ALL;_ALL;_ALL;0;924734;0.12999999523163;0;0.15043799579144;0;1742851735;0;0;774296;0;0;100;26;0;0;1742851735;0;0;
PCMINT;_ALL;_ALL;0;924734;0.12999999523163;0;0.15043799579144;0;1742851735;0;0;774296;0;0;100;26;0;0;1742851735;0;0;
PCMINT;96448;_ALL;0;924734;0.12999999523163;0;0.15043799579144;0;1742851735;0;0;774296;0;0;100;26;0;0;1742851735;0;0;
PCMINT;96448;96448;0;924734;0.12999999523163;0;0.15043799579144;0;1742851735;0;0;774296;0;0;100;26;0;0;1742851735;0;0;
