Node;Process;Thread;#max_time_on_cpu_s;#Stop Time US;Time (s);Math (%);#Elapsed Time;String (%);#Stop Time S;Others (%);System (%);#Start Time US;Memory (%);OMP (%);Binary (%);Nb Cycle Events;#max_context_switch_time_s;IO (%);#Start Time S;MPI (%);Pthread (%);
_ALL;_ALL;_ALL;0;593344;2.1198830604553;0;2.1198830604553;0;1744403205;0;0;473461;0;0;100;424.0000338723;0;0;1744403203;0;0;
MathieuMint;_ALL;_ALL;0;593344;2.1198830604553;0;2.1198830604553;0;1744403205;0;0;473461;0;0;100;424.0000338723;0;0;1744403203;0;0;
MathieuMint;14723;_ALL;0;593344;2.1198830604553;0;2.1198830604553;0;1744403205;0;0;473461;0;0;100;424.0000338723;0;0;1744403203;0;0;
MathieuMint;14723;14723;0.67905402183533;593344;2.1198830604553;0;2.1198830604553;0;1744403205;0;0;473461;0;0;100;424.0000338723;0.67905402183533;0;1744403203;0;0;
