block_id;module;source_info;time_p;time_s;time_s_min;time_s_avg;time_s_max;cov_deviation;time_deviation;nb_threads;flops;
37;measure;kernel.c:52-53;97.25927734375;13.429890632629;13.429891586304;13.429891586304;13.429891586304;0;0;1;;
39;measure;kernel.c:52-53;2.6685893535614;0.36848786473274;0.36848789453506;0.36848789453506;0.36848789453506;0;0;1;;
33;measure;kernel.c:51-51;0.072124041616917;0.0099591324105859;0.0099591324105859;0.0099591324105859;0.0099591324105859;0;0;1;;
