Node;Process;Thread;#max_time_on_cpu_s;#Stop Time US;Time (s);Math (%);#Elapsed Time;String (%);#Stop Time S;Others (%);System (%);#Start Time US;Memory (%);OMP (%);Binary (%);Nb Cycle Events;#max_context_switch_time_s;IO (%);#Start Time S;MPI (%);Pthread (%);
_ALL;_ALL;_ALL;0;514750;13.808339118958;0;13.808339118958;0;1742726710;0;0;706411;0;0;100;2773.0004752183;0;0;1742726696;0;0;
MathieuMint;_ALL;_ALL;0;514750;13.808339118958;0;13.808339118958;0;1742726710;0;0;706411;0;0;100;2773.0004752183;0;0;1742726696;0;0;
MathieuMint;6963;_ALL;0;514750;13.808339118958;0;13.808339118958;0;1742726710;0;0;706411;0;0;100;2773.0004752183;0;0;1742726696;0;0;
MathieuMint;6963;6963;13.798693656921;514750;13.808339118958;0;13.808339118958;0;1742726710;0;0;706411;0;0;100;2773.0004752183;13.798693656921;0;1742726696;0;0;
