loop_id;module;function_name;function_id;source_info;level;inc_time_p;inc_time_s;inc_time_s_min;inc_time_s_avg;inc_time_s_max;inc_cov_deviation;inc_time_deviation;exc_time_p;exc_time_s;exc_time_s_min;exc_time_s_avg;exc_time_s_max;exc_cov_deviation;exc_time_deviation;nb_threads;flops;
2;measure;kernel;6;kernel.c:52-53;Innermost;97.223243713379;13.427308082581;13.427307128906;13.427307128906;13.427307128906;0;0;97.223243713379;13.427308082581;13.427307128906;13.427307128906;13.427307128906;0;0;1;;
1;measure;kernel;6;kernel.c:52-53;Innermost;2.5964663028717;0.35859274864197;0.35859274864197;0.35859274864197;0.35859274864197;0;0;2.5964663028717;0.35859274864197;0.35859274864197;0.35859274864197;0.35859274864197;0;0;1;;
0;measure;kernel;6;kernel.c:51-52;Outermost;99.89183807373;13.795861244202;13.795860290527;13.795860290527;13.795860290527;0;0;0.072124071419239;0.0099609112367034;0.0099609103053808;0.0099609103053808;0.0099609103053808;0;0;1;;
