block_id;module;source_info;time_p;time_s;time_s_min;time_s_avg;time_s_max;cov_deviation;time_deviation;nb_threads;flops;
37;measure;kernel.c:52-53;97.223243713379;13.427308082581;13.427307128906;13.427307128906;13.427307128906;0;0;1;;
39;measure;kernel.c:52-53;2.5964663028717;0.35859274864197;0.35859274864197;0.35859274864197;0.35859274864197;0;0;1;;
33;measure;kernel.c:51-51;0.072124071419239;0.0099609112367034;0.0099609103053808;0.0099609103053808;0.0099609103053808;0;0;1;;
