Node;Process;Thread;#max_time_on_cpu_s;#Stop Time US;Time (s);Math (%);#Elapsed Time;String (%);#Stop Time S;Others (%);System (%);#Start Time US;Memory (%);OMP (%);Binary (%);Nb Cycle Events;#max_context_switch_time_s;IO (%);#Start Time S;MPI (%);Pthread (%);
_ALL;_ALL;_ALL;0;836678;13.940676689148;0;13.940676689148;0;1742724025;0.1075654354306;0;896001;0;0;99.892431051234;2789.0000826947;0;0;1742724011;0;0;
MathieuMint;_ALL;_ALL;0;836678;13.940676689148;0;13.940676689148;0;1742724025;0.1075654354306;0;896001;0;0;99.892431051234;2789.0000826947;0;0;1742724011;0;0;
MathieuMint;3737;_ALL;0;836678;13.940676689148;0;13.940676689148;0;1742724025;0.1075654354306;0;896001;0;0;99.892431051234;2789.0000826947;0;0;1742724011;0;0;
MathieuMint;3737;3737;8.3790483474731;836678;13.940676689148;0;13.940676689148;0;1742724025;0.1075654354306;0;896001;0;0;99.892431051234;2789.0000826947;8.3790483474731;0;1742724011;0;0;
