function_id;module;function_name;source_info;inc_time_p;inc_time_s;inc_time_s_min;inc_time_s_avg;inc_time_s_max;inc_cov_deviation;inc_time_deviation;exc_time_p;exc_time_s;exc_time_s_min;exc_time_s_avg;exc_time_s_max;exc_cov_deviation;exc_time_deviation;nb_threads;cats;label_name;flops;
6;measure;kernel;kernel.c:51-55;99.891738891602;13.793921470642;13.793922424316;13.793922424316;13.793922424316;0;0;0;0;0;0;0;0;0;1;"100,0,0,0,0,0,0,0,0,0";kernel;;
217;libc.so.6;random;;0.072176121175289;0.0099667077884078;0.0099667077884078;0.0099667077884078;0.0099667077884078;0;0;0.072176121175289;0.0099667077884078;0.0099667077884078;0.0099667077884078;0.0099667077884078;0;0;1;"0,0,0,0,0,0,0,0,0,100";random;;
212;libc.so.6;rand;;0.036088060587645;0.0049833538942039;0.0049833538942039;0.0049833538942039;0.0049833538942039;0;0;0.036088060587645;0.0049833538942039;0.0049833538942039;0.0049833538942039;0.0049833538942039;0;0;1;"0,0,0,0,0,0,0,0,0,100";rand;;
