Node;Process;Thread;#max_time_on_cpu_s;#Stop Time US;Time (s);Math (%);#Elapsed Time;String (%);#Stop Time S;Others (%);System (%);#Start Time US;Memory (%);OMP (%);Binary (%);Nb Cycle Events;#max_context_switch_time_s;IO (%);#Start Time S;MPI (%);Pthread (%);
_ALL;_ALL;_ALL;0;871500;13.808871269226;0;13.808871269226;0;1742727024;0.10826418762961;0;62629;0;0;99.891741963526;2770.9994095771;0;0;1742727011;0;0;
MathieuMint;_ALL;_ALL;0;871500;13.808871269226;0;13.808871269226;0;1742727024;0.10826418762961;0;62629;0;0;99.891741963526;2770.9994095771;0;0;1742727011;0;0;
MathieuMint;7329;_ALL;0;871500;13.808871269226;0;13.808871269226;0;1742727024;0.10826418762961;0;62629;0;0;99.891741963526;2770.9994095771;0;0;1742727011;0;0;
MathieuMint;7329;7329;13.800644874573;871500;13.808871269226;0;13.808871269226;0;1742727024;0.10826418762961;0;62629;0;0;99.891741963526;2770.9994095771;13.800644874573;0;1742727011;0;0;
