block_id;module;source_info;time_p;time_s;time_s_min;time_s_avg;time_s_max;cov_deviation;time_deviation;nb_threads;flops;
37;measure;kernel.c:52-53;97.112968444824;13.410203933716;13.410205841064;13.410205841064;13.410205841064;0;0;1;;
39;measure;kernel.c:52-53;2.7426927089691;0.37873488664627;0.37873491644859;0.37873491644859;0.37873491644859;0;0;1;;
33;measure;kernel.c:51-51;0.036088060587645;0.0049833538942039;0.0049833538942039;0.0049833538942039;0.0049833538942039;0;0;1;;
