loop_id;module;function_name;function_id;source_info;level;inc_time_p;inc_time_s;inc_time_s_min;inc_time_s_avg;inc_time_s_max;inc_cov_deviation;inc_time_deviation;exc_time_p;exc_time_s;exc_time_s_min;exc_time_s_avg;exc_time_s_max;exc_cov_deviation;exc_time_deviation;nb_threads;flops;
2;measure;kernel;6;kernel.c:52-53;Innermost;97.112968444824;13.410203933716;13.410205841064;13.410205841064;13.410205841064;0;0;97.112968444824;13.410203933716;13.410205841064;13.410205841064;13.410205841064;0;0;1;;
1;measure;kernel;6;kernel.c:52-53;Innermost;2.7426927089691;0.37873488664627;0.37873491644859;0.37873491644859;0.37873491644859;0;0;2.7426927089691;0.37873488664627;0.37873491644859;0.37873491644859;0.37873491644859;0;0;1;;
0;measure;kernel;6;kernel.c:51-52;Outermost;99.891754150391;13.793923377991;13.793924331665;13.793924331665;13.793924331665;0;0;0.036088060587645;0.0049833538942039;0.0049833538942039;0.0049833538942039;0.0049833538942039;0;0;1;;
