block_id;module;source_info;time_p;time_s;time_s_min;time_s_avg;time_s_max;cov_deviation;time_deviation;nb_threads;flops;
37;measure;kernel.c:52-53;97.547782897949;13.468316078186;13.468316078186;13.468316078186;13.468316078186;0;0;1;;
39;measure;kernel.c:52-53;2.3079695701599;0.31865885853767;0.31865885853767;0.31865885853767;0.31865885853767;0;0;1;;
33;measure;kernel.c:51-51;0.10818606615067;0.01493713259697;0.014937131665647;0.014937131665647;0.014937131665647;0;0;1;;
