Node;Process;Thread;#max_time_on_cpu_s;#Stop Time US;Time (s);Math (%);#Elapsed Time;String (%);#Stop Time S;Others (%);System (%);#Start Time US;Memory (%);OMP (%);Binary (%);Nb Cycle Events;#max_context_switch_time_s;IO (%);#Start Time S;MPI (%);Pthread (%);
_ALL;_ALL;_ALL;0;520478;13.806891441345;0;13.806891441345;0;1742726775;0.036062023267407;0;713587;0;0;99.963934948815;2773.000262866;0;0;1742726761;0;0;
MathieuMint;_ALL;_ALL;0;520478;13.806891441345;0;13.806891441345;0;1742726775;0.036062023267407;0;713587;0;0;99.963934948815;2773.000262866;0;0;1742726761;0;0;
MathieuMint;7046;_ALL;0;520478;13.806891441345;0;13.806891441345;0;1742726775;0.036062023267407;0;713587;0;0;99.963934948815;2773.000262866;0;0;1742726761;0;0;
MathieuMint;7046;7046;13.799392700195;520478;13.806891441345;0;13.806891441345;0;1742726775;0.036062023267407;0;713587;0;0;99.963934948815;2773.000262866;13.799392700195;0;1742726761;0;0;
