function_id;module;function_name;source_info;inc_time_p;inc_time_s;inc_time_s_min;inc_time_s_avg;inc_time_s_max;inc_cov_deviation;inc_time_deviation;exc_time_p;exc_time_s;exc_time_s_min;exc_time_s_avg;exc_time_s_max;exc_cov_deviation;exc_time_deviation;nb_threads;cats;label_name;flops;
6;measure;kernel;kernel.c:51-55;99.927749633789;13.797464370728;13.797464370728;13.797464370728;13.797464370728;0;0;0;0;0;0;0;0;0;1;"100,0,0,0,0,0,0,0,0,0";kernel;;
221;libc.so.6;random_r;;0.036127172410488;0.0049882377497852;0.0049882377497852;0.0049882377497852;0.0049882377497852;0;0;0.036127172410488;0.0049882377497852;0.0049882377497852;0.0049882377497852;0.0049882377497852;0;0;1;"0,0,0,0,0,0,0,0,0,100";random_r;;
217;libc.so.6;random;;0.036127172410488;0.0049882377497852;0.0049882377497852;0.0049882377497852;0.0049882377497852;0;0;0.036127172410488;0.0049882377497852;0.0049882377497852;0.0049882377497852;0.0049882377497852;0;0;1;"0,0,0,0,0,0,0,0,0,100";random;;
