block_id;module;source_info;time_p;time_s;time_s_min;time_s_avg;time_s_max;cov_deviation;time_deviation;nb_threads;flops;
37;measure;kernel.c:52-53;97.045036315918;13.401599884033;13.401600837708;13.401600837708;13.401600837708;0;0;1;;
39;measure;kernel.c:52-53;2.8108110427856;0.38816377520561;0.38816377520561;0.38816377520561;0.38816377520561;0;0;1;;
33;measure;kernel.c:51-51;0.072072073817253;0.0099529167637229;0.0099529167637229;0.0099529167637229;0.0099529167637229;0;0;1;;
