Node;Process;Thread;#max_time_on_cpu_s;#Stop Time US;Time (s);Math (%);#Elapsed Time;String (%);#Stop Time S;Others (%);System (%);#Start Time US;Memory (%);OMP (%);Binary (%);Nb Cycle Events;#max_context_switch_time_s;IO (%);#Start Time S;MPI (%);Pthread (%);
_ALL;_ALL;_ALL;0;721819;6.9313268661499;0;6.9313268661499;0;1742731483;0.14409221957104;0;790492;0;0;99.85591141231;1387.9999946936;0;0;1742731476;0;0;
MathieuMint;_ALL;_ALL;0;721819;6.9313268661499;0;6.9313268661499;0;1742731483;0.14409221957104;0;790492;0;0;99.85591141231;1387.9999946936;0;0;1742731476;0;0;
MathieuMint;14141;_ALL;0;721819;6.9313268661499;0;6.9313268661499;0;1742731483;0.14409221957104;0;790492;0;0;99.85591141231;1387.9999946936;0;0;1742731476;0;0;
MathieuMint;14141;14141;6.9241919517517;721819;6.9313268661499;0;6.9313268661499;0;1742731483;0.14409221957104;0;790492;0;0;99.85591141231;1387.9999946936;6.9241919517517;0;1742731476;0;0;
