function_id;module;function_name;source_info;inc_time_p;inc_time_s;inc_time_s_min;inc_time_s_avg;inc_time_s_max;inc_cov_deviation;inc_time_deviation;exc_time_p;exc_time_s;exc_time_s_min;exc_time_s_avg;exc_time_s_max;exc_cov_deviation;exc_time_deviation;nb_threads;cats;label_name;flops;
6;measure;kernel;kernel.c:51-55;99.89185333252;13.796838760376;13.79683971405;13.79683971405;13.79683971405;0;0;6.5742242441047e-06;9.0801711394306e-07;9.0801711394306e-07;9.0801711394306e-07;9.0801711394306e-07;0;0;1;"100,0,0,0,0,0,0,0,0,0";kernel;;
217;libc.so.6;random;;0.072098053991795;0.0099580213427544;0.0099580213427544;0.0099580213427544;0.0099580213427544;0;0;0.072098053991795;0.0099580213427544;0.0099580213427544;0.0099580213427544;0.0099580213427544;0;0;1;"0,0,0,0,0,0,0,0,0,100";random;;
-1;kernel;unknown_kernel_region;;0.036049026995897;0.0049790106713772;0.0049790106713772;0.0049790106713772;0.0049790106713772;0;0;0;0;0;0;0;0;0;1;"0,0,0,0,100,0,0,0,0,0";unknown kernel region;;
