loop_id;module;function_name;function_id;source_info;level;inc_time_p;inc_time_s;inc_time_s_min;inc_time_s_avg;inc_time_s_max;inc_cov_deviation;inc_time_deviation;exc_time_p;exc_time_s;exc_time_s_min;exc_time_s_avg;exc_time_s_max;exc_cov_deviation;exc_time_deviation;nb_threads;flops;
2;measure;kernel;6;kernel.c:52-53;Innermost;96.214851379395;13.288979530334;13.28897857666;13.28897857666;13.28897857666;0;0;96.214851379395;13.288979530334;13.28897857666;13.28897857666;13.28897857666;0;0;1;;
1;measure;kernel;6;kernel.c:52-53;Innermost;3.6409518718719;0.50288015604019;0.50288009643555;0.50288009643555;0.50288009643555;0;0;3.6409518718719;0.50288015604019;0.50288009643555;0.50288009643555;0.50288009643555;0;0;1;;
0;measure;kernel;6;kernel.c:51-52;Outermost;99.891845703125;13.796838760376;13.796838760376;13.796838760376;13.796838760376;0;0;0.036049026995897;0.0049790106713772;0.0049790106713772;0.0049790106713772;0.0049790106713772;0;0;1;;
