Node;Process;Thread;#max_time_on_cpu_s;#Stop Time US;Time (s);Math (%);#Elapsed Time;String (%);#Stop Time S;Others (%);System (%);#Start Time US;Memory (%);OMP (%);Binary (%);Nb Cycle Events;#max_context_switch_time_s;IO (%);#Start Time S;MPI (%);Pthread (%);
_ALL;_ALL;_ALL;0;72710;13.807193756104;0;13.807193756104;0;1742726224;0.03608805983632;0;265516;0;0;99.963912383985;2770.9996174235;0;0;1742726210;0;0;
MathieuMint;_ALL;_ALL;0;72710;13.807193756104;0;13.807193756104;0;1742726224;0.03608805983632;0;265516;0;0;99.963912383985;2770.9996174235;0;0;1742726210;0;0;
MathieuMint;6386;_ALL;0;72710;13.807193756104;0;13.807193756104;0;1742726224;0.03608805983632;0;265516;0;0;99.963912383985;2770.9996174235;0;0;1742726210;0;0;
MathieuMint;6386;6386;7.978551864624;72710;13.807193756104;0;13.807193756104;0;1742726224;0.03608805983632;0;265516;0;0;99.963912383985;2770.9996174235;7.978551864624;0;1742726210;0;0;
