Node;Process;Thread;#max_time_on_cpu_s;#Stop Time US;Time (s);Math (%);#Elapsed Time;String (%);#Stop Time S;Others (%);System (%);#Start Time US;Memory (%);OMP (%);Binary (%);Nb Cycle Events;#max_context_switch_time_s;IO (%);#Start Time S;MPI (%);Pthread (%);
_ALL;_ALL;_ALL;0;456278;13.808135986328;0;13.808135986328;0;1742725503;0.036062027754263;0;648142;0;0;99.963939831349;2772.9999178479;0;0;1742725489;0;0;
MathieuMint;_ALL;_ALL;0;456278;13.808135986328;0;13.808135986328;0;1742725503;0.036062027754263;0;648142;0;0;99.963939831349;2772.9999178479;0;0;1742725489;0;0;
MathieuMint;5507;_ALL;0;456278;13.808135986328;0;13.808135986328;0;1742725503;0.036062027754263;0;648142;0;0;99.963939831349;2772.9999178479;0;0;1742725489;0;0;
MathieuMint;5507;5507;4.3001170158386;456278;13.808135986328;0;13.808135986328;0;1742725503;0.036062027754263;0;648142;0;0;99.963939831349;2772.9999178479;4.3001170158386;0;1742725489;0;0;
