Node;Process;Thread;#max_time_on_cpu_s;#Stop Time US;Time (s);Math (%);#Elapsed Time;String (%);#Stop Time S;Others (%);System (%);#Start Time US;Memory (%);OMP (%);Binary (%);Nb Cycle Events;#max_context_switch_time_s;IO (%);#Start Time S;MPI (%);Pthread (%);
_ALL;_ALL;_ALL;0;215424;13.806584358215;0;13.806584358215;0;1742725487;0.036062019903318;0;408840;0;0;99.963937971099;2773.0005215487;0;0;1742725473;0;0;
MathieuMint;_ALL;_ALL;0;215424;13.806584358215;0;13.806584358215;0;1742725487;0.036062019903318;0;408840;0;0;99.963937971099;2773.0005215487;0;0;1742725473;0;0;
MathieuMint;5486;_ALL;0;215424;13.806584358215;0;13.806584358215;0;1742725487;0.036062019903318;0;408840;0;0;99.963937971099;2773.0005215487;0;0;1742725473;0;0;
MathieuMint;5486;5486;9.8820199966431;215424;13.806584358215;0;13.806584358215;0;1742725487;0.036062019903318;0;408840;0;0;99.963937971099;2773.0005215487;9.8820199966431;0;1742725473;0;0;
