loop_id;module;function_name;function_id;source_info;level;inc_time_p;inc_time_s;inc_time_s_min;inc_time_s_avg;inc_time_s_max;inc_cov_deviation;inc_time_deviation;exc_time_p;exc_time_s;exc_time_s_min;exc_time_s_avg;exc_time_s_max;exc_cov_deviation;exc_time_deviation;nb_threads;flops;
2;measure;kernel;6;kernel.c:52-53;Innermost;97.296318054199;13.439129829407;13.439130783081;13.439130783081;13.439130783081;0;0;97.296318054199;13.439129829407;13.439130783081;13.439130783081;13.439130783081;0;0;1;;
1;measure;kernel;6;kernel.c:52-53;Innermost;2.5234320163727;0.34855100512505;0.34855103492737;0.34855103492737;0.34855103492737;0;0;2.5234320163727;0.34855100512505;0.34855103492737;0.34855103492737;0.34855103492737;0;0;1;;
0;measure;kernel;6;kernel.c:51-52;Outermost;99.89185333252;13.797640800476;13.797640800476;13.797640800476;13.797640800476;0;0;0.072098053991795;0.0099585996940732;0.0099586006253958;0.0099586006253958;0.0099586006253958;0;0;1;;
