Node;Process;Thread;#max_time_on_cpu_s;#Stop Time US;Time (s);Math (%);#Elapsed Time;String (%);#Stop Time S;Others (%);System (%);#Start Time US;Memory (%);OMP (%);Binary (%);Nb Cycle Events;#max_context_switch_time_s;IO (%);#Start Time S;MPI (%);Pthread (%);
_ALL;_ALL;_ALL;0;720535;13.812578201294;0;13.812578201294;0;1742724302;0.10814708616677;0;907957;0;0;99.891852362267;2773.9997656704;0;0;1742724288;0;0;
MathieuMint;_ALL;_ALL;0;720535;13.812578201294;0;13.812578201294;0;1742724302;0.10814708616677;0;907957;0;0;99.891852362267;2773.9997656704;0;0;1742724288;0;0;
MathieuMint;4161;_ALL;0;720535;13.812578201294;0;13.812578201294;0;1742724302;0.10814708616677;0;907957;0;0;99.891852362267;2773.9997656704;0;0;1742724288;0;0;
MathieuMint;4161;4161;11.566383361816;720535;13.812578201294;0;13.812578201294;0;1742724302;0.10814708616677;0;907957;0;0;99.891852362267;2773.9997656704;11.566383361816;0;1742724288;0;0;
