block_id;module;source_info;time_p;time_s;time_s_min;time_s_avg;time_s_max;cov_deviation;time_deviation;nb_threads;flops;
37;measure;kernel.c:52-53;97.296318054199;13.439129829407;13.439130783081;13.439130783081;13.439130783081;0;0;1;;
39;measure;kernel.c:52-53;2.5234320163727;0.34855100512505;0.34855103492737;0.34855103492737;0.34855103492737;0;0;1;;
33;measure;kernel.c:51-51;0.072098053991795;0.0099585996940732;0.0099586006253958;0.0099586006253958;0.0099586006253958;0;0;1;;
