Node;Process;Thread;#max_time_on_cpu_s;#Stop Time US;Time (s);Math (%);#Elapsed Time;String (%);#Stop Time S;Others (%);System (%);#Start Time US;Memory (%);OMP (%);Binary (%);Nb Cycle Events;#max_context_switch_time_s;IO (%);#Start Time S;MPI (%);Pthread (%);
_ALL;_ALL;_ALL;0;473810;7.0850005149841;0;7.1061019897461;0;1742731289;0.42342972698835;0;367708;0;0;99.576574397073;1417.0002207195;0;0;1742731282;0;0;
MathieuMint;_ALL;_ALL;0;473810;7.0850005149841;0;7.1061019897461;0;1742731289;0.42342972698835;0;367708;0;0;99.576574397073;1417.0002207195;0;0;1742731282;0;0;
MathieuMint;12891;_ALL;0;473810;7.0850005149841;0;7.1061019897461;0;1742731289;0.42342972698835;0;367708;0;0;99.576574397073;1417.0002207195;0;0;1742731282;0;0;
MathieuMint;12891;12891;5.2410740852356;473810;7.0850005149841;0;7.1061019897461;0;1742731289;0.42342972698835;0;367708;0;0;99.576574397073;1417.0002207195;5.2410740852356;0;1742731282;0;0;
