function_id;module;function_name;source_info;inc_time_p;inc_time_s;inc_time_s_min;inc_time_s_avg;inc_time_s_max;inc_cov_deviation;inc_time_deviation;exc_time_p;exc_time_s;exc_time_s_min;exc_time_s_avg;exc_time_s_max;exc_cov_deviation;exc_time_deviation;nb_threads;cats;label_name;flops;
6;measure;kernel;kernel.c:51-55;99.927879333496;13.797083854675;13.797083854675;13.797083854675;13.797083854675;0;0;1.0074538749905e-06;1.3909958340719e-07;1.3909958340719e-07;1.3909958340719e-07;1.3909958340719e-07;0;0;1;"100,0,0,0,0,0,0,0,0,0";kernel;;
217;libc.so.6;random;;0.072124056518078;0.0099581992253661;0.0099581992253661;0.0099581992253661;0.0099581992253661;0;0;0.072124056518078;0.0099581992253661;0.0099581992253661;0.0099581992253661;0.0099581992253661;0;0;1;"0,0,0,0,0,0,0,0,0,100";random;;
