Node;Process;Thread;#max_time_on_cpu_s;#Stop Time US;Time (s);Math (%);#Elapsed Time;String (%);#Stop Time S;Others (%);System (%);#Start Time US;Memory (%);OMP (%);Binary (%);Nb Cycle Events;#max_context_switch_time_s;IO (%);#Start Time S;MPI (%);Pthread (%);
_ALL;_ALL;_ALL;0;69772;13.806180000305;0;13.806180000305;0;1742725227;0.10822510064217;0;263592;0;0;99.891776075129;2772.000194224;0;0;1742725213;0;0;
MathieuMint;_ALL;_ALL;0;69772;13.806180000305;0;13.806180000305;0;1742725227;0.10822510064217;0;263592;0;0;99.891776075129;2772.000194224;0;0;1742725213;0;0;
MathieuMint;5147;_ALL;0;69772;13.806180000305;0;13.806180000305;0;1742725227;0.10822510064217;0;263592;0;0;99.891776075129;2772.000194224;0;0;1742725213;0;0;
MathieuMint;5147;5147;5.9926199913025;69772;13.806180000305;0;13.806180000305;0;1742725227;0.10822510064217;0;263592;0;0;99.891776075129;2772.000194224;5.9926199913025;0;1742725213;0;0;
