block_id;module;source_info;time_p;time_s;time_s_min;time_s_avg;time_s_max;cov_deviation;time_deviation;nb_threads;flops;
37;measure;kernel.c:52-53;97.077911376953;13.402750968933;13.402751922607;13.402751922607;13.402751922607;0;0;1;;
39;measure;kernel.c:52-53;2.7417025566101;0.37852439284325;0.37852439284325;0.37852439284325;0.37852439284325;0;0;1;;
33;measure;kernel.c:51-51;0.036075033247471;0.004980584140867;0.004980584140867;0.004980584140867;0.004980584140867;0;0;1;;
36;measure;kernel.c:51-51;0.036075033247471;0.004980584140867;0.004980584140867;0.004980584140867;0.004980584140867;0;0;1;;
