loop_id;module;function_name;function_id;source_info;level;inc_time_p;inc_time_s;inc_time_s_min;inc_time_s_avg;inc_time_s_max;inc_cov_deviation;inc_time_deviation;exc_time_p;exc_time_s;exc_time_s_min;exc_time_s_avg;exc_time_s_max;exc_cov_deviation;exc_time_deviation;nb_threads;flops;
2;measure;kernel;6;kernel.c:52-53;Innermost;96.856956481934;13.371826171875;13.371825218201;13.371825218201;13.371825218201;0;0;96.856956481934;13.371826171875;13.371825218201;13.371825218201;13.371825218201;0;0;1;;
1;measure;kernel;6;kernel.c:52-53;Innermost;3.0346820354462;0.41896051168442;0.41896054148674;0.41896054148674;0.41896054148674;0;0;3.0346820354462;0.41896051168442;0.41896054148674;0.41896054148674;0.41896054148674;0;0;1;;
