block_id;module;source_info;time_p;time_s;time_s_min;time_s_avg;time_s_max;cov_deviation;time_deviation;nb_threads;flops;
37;measure;kernel.c:52-53;97.40446472168;13.452263832092;13.452263832092;13.452263832092;13.452263832092;0;0;1;;
39;measure;kernel.c:52-53;2.4873824119568;0.34352558851242;0.3435255587101;0.3435255587101;0.3435255587101;0;0;1;;
