Node;Process;Thread;#max_time_on_cpu_s;#Stop Time US;Time (s);Math (%);#Elapsed Time;String (%);#Stop Time S;Others (%);System (%);#Start Time US;Memory (%);OMP (%);Binary (%);Nb Cycle Events;#max_context_switch_time_s;IO (%);#Start Time S;MPI (%);Pthread (%);
_ALL;_ALL;_ALL;0;129036;13.810726165771;0;13.810726165771;0;1742725357;0.10814706487309;0;318310;0;0;99.891850500861;2774.0003118528;0;0;1742725343;0;0;
MathieuMint;_ALL;_ALL;0;129036;13.810726165771;0;13.810726165771;0;1742725357;0.10814706487309;0;318310;0;0;99.891850500861;2774.0003118528;0;0;1742725343;0;0;
MathieuMint;5314;_ALL;0;129036;13.810726165771;0;13.810726165771;0;1742725357;0.10814706487309;0;318310;0;0;99.891850500861;2774.0003118528;0;0;1742725343;0;0;
MathieuMint;5314;5314;13.799843788147;129036;13.810726165771;0;13.810726165771;0;1742725357;0.10814706487309;0;318310;0;0;99.891850500861;2774.0003118528;13.799843788147;0;1742725343;0;0;
