Node;Process;Thread;#max_time_on_cpu_s;#Stop Time US;Time (s);Math (%);#Elapsed Time;String (%);#Stop Time S;Others (%);System (%);#Start Time US;Memory (%);OMP (%);Binary (%);Nb Cycle Events;#max_context_switch_time_s;IO (%);#Start Time S;MPI (%);Pthread (%);
_ALL;_ALL;_ALL;0;870949;13.813163757324;0;13.813163757324;0;1742727333;0;0;57785;0;0;100;2771.9997866224;0;0;1742727320;0;0;
MathieuMint;_ALL;_ALL;0;870949;13.813163757324;0;13.813163757324;0;1742727333;0;0;57785;0;0;100;2771.9997866224;0;0;1742727320;0;0;
MathieuMint;7737;_ALL;0;870949;13.813163757324;0;13.813163757324;0;1742727333;0;0;57785;0;0;100;2771.9997866224;0;0;1742727320;0;0;
MathieuMint;7737;7737;10.713185310364;870949;13.813163757324;0;13.813163757324;0;1742727333;0;0;57785;0;0;100;2771.9997866224;10.713185310364;0;1742727320;0;0;
