block_id;module;source_info;time_p;time_s;time_s_min;time_s_avg;time_s_max;cov_deviation;time_deviation;nb_threads;flops;
37;measure;kernel.c:52-53;96.641395568848;13.348118782043;13.348117828369;13.348117828369;13.348117828369;0;0;1;;
39;measure;kernel.c:52-53;3.2141578197479;0.44393974542618;0.44393974542618;0.44393974542618;0.44393974542618;0;0;1;;
33;measure;kernel.c:51-51;0.036114130169153;0.0049880868755281;0.0049880868755281;0.0049880868755281;0.0049880868755281;0;0;1;;
