function_id;module;function_name;source_info;inc_time_p;inc_time_s;inc_time_s_min;inc_time_s_avg;inc_time_s_max;inc_cov_deviation;inc_time_deviation;exc_time_p;exc_time_s;exc_time_s_min;exc_time_s_avg;exc_time_s_max;exc_cov_deviation;exc_time_deviation;nb_threads;cats;label_name;flops;
6;measure;kernel;kernel.c:51-55;99.891654968262;13.797044754028;13.797044754028;13.797044754028;13.797044754028;0;0;0;0;0;0;0;0;0;1;"100,0,0,0,0,0,0,0,0,0";kernel;;
-1;kernel;unknown_kernel_region;;0.072228260338306;0.0099761737510562;0.0099761737510562;0.0099761737510562;0.0099761737510562;0;0;0;0;0;0;0;0;0;1;"0,0,0,0,100,0,0,0,0,0";unknown kernel region;;
217;libc.so.6;random;;0.036114130169153;0.0049880868755281;0.0049880868755281;0.0049880868755281;0.0049880868755281;0;0;0.036114130169153;0.0049880868755281;0.0049880868755281;0.0049880868755281;0.0049880868755281;0;0;1;"0,0,0,0,0,0,0,0,0,100";random;;
