Node;Process;Thread;#max_time_on_cpu_s;#Stop Time US;Time (s);Math (%);#Elapsed Time;String (%);#Stop Time S;Others (%);System (%);#Start Time US;Memory (%);OMP (%);Binary (%);Nb Cycle Events;#max_context_switch_time_s;IO (%);#Start Time S;MPI (%);Pthread (%);
_ALL;_ALL;_ALL;0;542356;7.1299977302551;0;7.1310892105103;0;1742731317;0.14025249265752;0;411267;0;0;99.859742841022;1425.9996112039;0;0;1742731310;0;0;
MathieuMint;_ALL;_ALL;0;542356;7.1299977302551;0;7.1310892105103;0;1742731317;0.14025249265752;0;411267;0;0;99.859742841022;1425.9996112039;0;0;1742731310;0;0;
MathieuMint;12981;_ALL;0;542356;7.1299977302551;0;7.1310892105103;0;1742731317;0.14025249265752;0;411267;0;0;99.859742841022;1425.9996112039;0;0;1742731310;0;0;
MathieuMint;12981;12981;6.606773853302;542356;7.1299977302551;0;7.1310892105103;0;1742731317;0.14025249265752;0;411267;0;0;99.859742841022;1425.9996112039;6.606773853302;0;1742731310;0;0;
