Node;Process;Thread;#max_time_on_cpu_s;#Stop Time US;Time (s);Math (%);#Elapsed Time;String (%);#Stop Time S;Others (%);System (%);#Start Time US;Memory (%);OMP (%);Binary (%);Nb Cycle Events;#max_context_switch_time_s;IO (%);#Start Time S;MPI (%);Pthread (%);
_ALL;_ALL;_ALL;0;149927;13.812008857727;0;13.812008857727;0;1742727041;0.036114132638756;0.072228265277512;337918;0;0;99.891659886074;2768.9990785681;0;0;1742727027;0;0;
MathieuMint;_ALL;_ALL;0;149927;13.812008857727;0;13.812008857727;0;1742727041;0.036114132638756;0.072228265277512;337918;0;0;99.891659886074;2768.9990785681;0;0;1742727027;0;0;
MathieuMint;7349;_ALL;0;149927;13.812008857727;0;13.812008857727;0;1742727041;0.036114132638756;0.072228265277512;337918;0;0;99.891659886074;2768.9990785681;0;0;1742727027;0;0;
MathieuMint;7349;7349;5.7393918037415;149927;13.812008857727;0;13.812008857727;0;1742727041;0.036114132638756;0.072228265277512;337918;0;0;99.891659886074;2768.9990785681;5.7393918037415;0;1742727027;0;0;
