Node;Process;Thread;#max_time_on_cpu_s;#Stop Time US;Time (s);Math (%);#Elapsed Time;String (%);#Stop Time S;Others (%);System (%);#Start Time US;Memory (%);OMP (%);Binary (%);Nb Cycle Events;#max_context_switch_time_s;IO (%);#Start Time S;MPI (%);Pthread (%);
_ALL;_ALL;_ALL;0;452500;13.805533409119;0;13.805533409119;0;1742726515;0.072124068241318;0;646967;0;0;99.927874294427;2772.9994283021;0;0;1742726501;0;0;
MathieuMint;_ALL;_ALL;0;452500;13.805533409119;0;13.805533409119;0;1742726515;0.072124068241318;0;646967;0;0;99.927874294427;2772.9994283021;0;0;1742726501;0;0;
MathieuMint;6712;_ALL;0;452500;13.805533409119;0;13.805533409119;0;1742726515;0.072124068241318;0;646967;0;0;99.927874294427;2772.9994283021;0;0;1742726501;0;0;
MathieuMint;6712;6712;4.5338287353516;452500;13.805533409119;0;13.805533409119;0;1742726515;0.072124068241318;0;646967;0;0;99.927874294427;2772.9994283021;4.5338287353516;0;1742726501;0;0;
