block_id;module;source_info;time_p;time_s;time_s_min;time_s_avg;time_s_max;cov_deviation;time_deviation;nb_threads;flops;
109;measure;kernel.c:52-53;48.076217651367;6.5599994659424;6.5599994659424;6.5599994659424;6.5599994659424;0;0;1;;
107;measure;kernel.c:53-53;47.563217163086;6.4900002479553;6.4899997711182;6.4899997711182;6.4899997711182;0;0;1;;
25;measure;driver.c:17-18;0.32979115843773;0.044999998062849;0.044999998062849;0.044999998062849;0.044999998062849;0;0;1;;
