Node;Process;Thread;#max_time_on_cpu_s;#Stop Time US;Time (s);Math (%);#Elapsed Time;String (%);#Stop Time S;Others (%);System (%);#Start Time US;Memory (%);OMP (%);Binary (%);Nb Cycle Events;#max_context_switch_time_s;IO (%);#Start Time S;MPI (%);Pthread (%);
_ALL;_ALL;_ALL;0;765834;13.806591033936;0;13.806591033936;0;1742726726;0.072124053819582;0;959243;0;0;99.927874524523;2772.9999827838;0;0;1742726712;0;0;
MathieuMint;_ALL;_ALL;0;765834;13.806591033936;0;13.806591033936;0;1742726726;0.072124053819582;0;959243;0;0;99.927874524523;2772.9999827838;0;0;1742726712;0;0;
MathieuMint;6983;_ALL;0;765834;13.806591033936;0;13.806591033936;0;1742726726;0.072124053819582;0;959243;0;0;99.927874524523;2772.9999827838;0;0;1742726712;0;0;
MathieuMint;6983;6983;10.82737159729;765834;13.806591033936;0;13.806591033936;0;1742726726;0.072124053819582;0;959243;0;0;99.927874524523;2772.9999827838;10.82737159729;0;1742726712;0;0;
