block_id;module;source_info;time_p;time_s;time_s_min;time_s_avg;time_s_max;cov_deviation;time_deviation;nb_threads;flops;
37;measure;kernel.c:52-53;96.862609863281;13.373424530029;13.373423576355;13.373423576355;13.373423576355;0;0;1;;
39;measure;kernel.c:52-53;2.9570860862732;0.40827277302742;0.40827280282974;0.40827280282974;0.40827280282974;0;0;1;;
33;measure;kernel.c:51-51;0.10818608105183;0.014936810359359;0.014936809428036;0.014936809428036;0.014936809428036;0;0;1;;
