function_id;module;function_name;source_info;inc_time_p;inc_time_s;inc_time_s_min;inc_time_s_avg;inc_time_s_max;inc_cov_deviation;inc_time_deviation;exc_time_p;exc_time_s;exc_time_s_min;exc_time_s_avg;exc_time_s_max;exc_cov_deviation;exc_time_deviation;nb_threads;cats;label_name;flops;
6;measure;kernel;kernel.c:51-55;99.784637451172;6.9438948631287;6.9438948631287;6.9438948631287;6.9438948631287;0;0;1.3666118320543e-05;9.510090421827e-07;9.5100898533929e-07;9.5100898533929e-07;9.5100898533929e-07;0;0;1;"100,0,0,0,0,0,0,0,0,0";kernel;;
217;libc.so.6;random;;0.21536248922348;0.01498682051897;0.014986821450293;0.014986821450293;0.014986821450293;0;0;0.21536248922348;0.01498682051897;0.014986821450293;0.014986821450293;0.014986821450293;0;0;1;"0,0,0,0,0,0,0,0,0,100";random;;
