Node;Process;Thread;#max_time_on_cpu_s;#Stop Time US;Time (s);Math (%);#Elapsed Time;String (%);#Stop Time S;Others (%);System (%);#Start Time US;Memory (%);OMP (%);Binary (%);Nb Cycle Events;#max_context_switch_time_s;IO (%);#Start Time S;MPI (%);Pthread (%);
_ALL;_ALL;_ALL;0;860768;13.807747840881;0;13.807747840881;0;1742725275;0.035984165133665;0;53020;0;0;99.964014416828;2779.0001415497;0;0;1742725262;0;0;
MathieuMint;_ALL;_ALL;0;860768;13.807747840881;0;13.807747840881;0;1742725275;0.035984165133665;0;53020;0;0;99.964014416828;2779.0001415497;0;0;1742725262;0;0;
MathieuMint;5210;_ALL;0;860768;13.807747840881;0;13.807747840881;0;1742725275;0.035984165133665;0;53020;0;0;99.964014416828;2779.0001415497;0;0;1742725262;0;0;
MathieuMint;5210;5210;9.0556707382202;860768;13.807747840881;0;13.807747840881;0;1742725275;0.035984165133665;0;53020;0;0;99.964014416828;2779.0001415497;9.0556707382202;0;1742725262;0;0;
