loop_id;module;function_name;function_id;source_info;level;inc_time_p;inc_time_s;inc_time_s_min;inc_time_s_avg;inc_time_s_max;inc_cov_deviation;inc_time_deviation;exc_time_p;exc_time_s;exc_time_s_min;exc_time_s_avg;exc_time_s_max;exc_cov_deviation;exc_time_deviation;nb_threads;flops;
2;measure;kernel;6;kernel.c:52-53;Innermost;97.013313293457;13.395353317261;13.395352363586;13.395352363586;13.395352363586;0;0;97.013313293457;13.395353317261;13.395352363586;13.395352363586;13.395352363586;0;0;1;;
1;measure;kernel;6;kernel.c:52-53;Innermost;2.9147174358368;0.40245682001114;0.40245684981346;0.40245684981346;0.40245684981346;0;0;2.9147174358368;0.40245682001114;0.40245684981346;0.40245684981346;0.40245684981346;0;0;1;;
0;measure;kernel;6;kernel.c:51-52;Outermost;99.964004516602;13.802777290344;13.802778244019;13.802778244019;13.802778244019;0;0;0.03598416224122;0.0049686022102833;0.0049686031416059;0.0049686031416059;0.0049686031416059;0;0;1;;
