function_id;module;function_name;source_info;inc_time_p;inc_time_s;inc_time_s_min;inc_time_s_avg;inc_time_s_max;inc_cov_deviation;inc_time_deviation;exc_time_p;exc_time_s;exc_time_s_min;exc_time_s_avg;exc_time_s_max;exc_cov_deviation;exc_time_deviation;nb_threads;cats;label_name;flops;
6;measure;kernel;kernel.c:51-55;99.964019775391;13.802780151367;13.802779197693;13.802779197693;13.802779197693;0;0;5.6391763791908e-06;7.7864325476185e-07;7.7864319791843e-07;7.7864319791843e-07;7.7864319791843e-07;0;0;1;"100,0,0,0,0,0,0,0,0,0";kernel;;
217;libc.so.6;random;;0.03598416224122;0.0049686022102833;0.0049686031416059;0.0049686031416059;0.0049686031416059;0;0;0.03598416224122;0.0049686022102833;0.0049686031416059;0.0049686031416059;0.0049686031416059;0;0;1;"0,0,0,0,0,0,0,0,0,100";random;;
