block_id;module;source_info;time_p;time_s;time_s_min;time_s_avg;time_s_max;cov_deviation;time_deviation;nb_threads;flops;
37;measure;kernel.c:52-53;97.013313293457;13.395353317261;13.395352363586;13.395352363586;13.395352363586;0;0;1;;
39;measure;kernel.c:52-53;2.9147174358368;0.40245682001114;0.40245684981346;0.40245684981346;0.40245684981346;0;0;1;;
33;measure;kernel.c:51-51;0.03598416224122;0.0049686022102833;0.0049686031416059;0.0049686031416059;0.0049686031416059;0;0;1;;
