Node;Process;Thread;#max_time_on_cpu_s;#Stop Time US;Time (s);Math (%);#Elapsed Time;String (%);#Stop Time S;Others (%);System (%);#Start Time US;Memory (%);OMP (%);Binary (%);Nb Cycle Events;#max_context_switch_time_s;IO (%);#Start Time S;MPI (%);Pthread (%);
_ALL;_ALL;_ALL;0;434366;13.805852890015;0;13.805852890015;0;1742726450;0.036075043371675;0;628513;0;0;99.963926486196;2771.9994393276;0;0;1742726436;0;0;
MathieuMint;_ALL;_ALL;0;434366;13.805852890015;0;13.805852890015;0;1742726450;0.036075043371675;0;628513;0;0;99.963926486196;2771.9994393276;0;0;1742726436;0;0;
MathieuMint;6628;_ALL;0;434366;13.805852890015;0;13.805852890015;0;1742726450;0.036075043371675;0;628513;0;0;99.963926486196;2771.9994393276;0;0;1742726436;0;0;
MathieuMint;6628;6628;13.793847084045;434366;13.805852890015;0;13.805852890015;0;1742726450;0.036075043371675;0;628513;0;0;99.963926486196;2771.9994393276;13.793847084045;0;1742726436;0;0;
