loop_id;module;function_name;function_id;source_info;level;inc_time_p;inc_time_s;inc_time_s_min;inc_time_s_avg;inc_time_s_max;inc_cov_deviation;inc_time_deviation;exc_time_p;exc_time_s;exc_time_s_min;exc_time_s_avg;exc_time_s_max;exc_cov_deviation;exc_time_deviation;nb_threads;flops;
2;measure;kernel;6;kernel.c:52-53;Innermost;97.367469787598;13.44429397583;13.44429397583;13.44429397583;13.44429397583;0;0;97.367469787598;13.44429397583;13.44429397583;13.44429397583;13.44429397583;0;0;1;;
1;measure;kernel;6;kernel.c:52-53;Innermost;2.4882791042328;0.34357631206512;0.34357631206512;0.34357631206512;0.34357631206512;0;0;2.4882791042328;0.34357631206512;0.34357631206512;0.34357631206512;0.34357631206512;0;0;1;;
0;measure;kernel;6;kernel.c:51-52;Outermost;99.963935852051;13.802807807922;13.802808761597;13.802808761597;13.802808761597;0;0;0.1081860512495;0.014938100241125;0.014938100241125;0.014938100241125;0.014938100241125;0;0;1;;
