block_id;module;source_info;time_p;time_s;time_s_min;time_s_avg;time_s_max;cov_deviation;time_deviation;nb_threads;flops;
37;measure;kernel.c:52-53;97.367469787598;13.44429397583;13.44429397583;13.44429397583;13.44429397583;0;0;1;;
39;measure;kernel.c:52-53;2.4882791042328;0.34357631206512;0.34357631206512;0.34357631206512;0.34357631206512;0;0;1;;
33;measure;kernel.c:51-51;0.1081860512495;0.014938100241125;0.014938100241125;0.014938100241125;0.014938100241125;0;0;1;;
