loop_id;module;function_name;function_id;source_info;level;inc_time_p;inc_time_s;inc_time_s_min;inc_time_s_avg;inc_time_s_max;inc_cov_deviation;inc_time_deviation;exc_time_p;exc_time_s;exc_time_s_min;exc_time_s_avg;exc_time_s_max;exc_cov_deviation;exc_time_deviation;nb_threads;flops;
2;measure;kernel;6;kernel.c:52-53;Innermost;97.145950317383;13.409365653992;13.409365653992;13.409365653992;13.409365653992;0;0;97.145950317383;13.409365653992;13.409365653992;13.409365653992;13.409365653992;0;0;1;;
1;measure;kernel;6;kernel.c:52-53;Innermost;2.7095375061035;0.37400612235069;0.37400612235069;0.37400612235069;0.37400612235069;0;0;2.7095375061035;0.37400612235069;0.37400612235069;0.37400612235069;0.37400612235069;0;0;1;;
0;measure;kernel;6;kernel.c:51-52;Outermost;99.963874816895;13.798332214355;13.798331260681;13.798331260681;13.798331260681;0;0;0.1083815023303;0.014960244297981;0.014960245229304;0.014960245229304;0.014960245229304;0;0;1;;
