block_id;module;source_info;time_p;time_s;time_s_min;time_s_avg;time_s_max;cov_deviation;time_deviation;nb_threads;flops;
37;measure;kernel.c:52-53;97.145950317383;13.409365653992;13.409365653992;13.409365653992;13.409365653992;0;0;1;;
39;measure;kernel.c:52-53;2.7095375061035;0.37400612235069;0.37400612235069;0.37400612235069;0.37400612235069;0;0;1;;
33;measure;kernel.c:51-51;0.1083815023303;0.014960244297981;0.014960245229304;0.014960245229304;0.014960245229304;0;0;1;;
