block_id;module;source_info;time_p;time_s;time_s_min;time_s_avg;time_s_max;cov_deviation;time_deviation;nb_threads;flops;
37;measure;kernel.c:52-53;97.547775268555;13.468408584595;13.468408584595;13.468408584595;13.468408584595;0;0;1;;
39;measure;kernel.c:52-53;2.4161553382874;0.33359825611115;0.33359825611115;0.33359825611115;0.33359825611115;0;0;1;;
