block_id;module;source_info;time_p;time_s;time_s_min;time_s_avg;time_s_max;cov_deviation;time_deviation;nb_threads;flops;
37;measure;kernel.c:52-53;96.503242492676;13.325815200806;13.32581615448;13.32581615448;13.32581615448;0;0;1;;
39;measure;kernel.c:52-53;3.3525595664978;0.46294394135475;0.46294394135475;0.46294394135475;0.46294394135475;0;0;1;;
33;measure;kernel.c:51-51;0.10814708471298;0.014933675527573;0.014933675527573;0.014933675527573;0.014933675527573;0;0;1;;
