loop_id;module;function_name;function_id;source_info;level;inc_time_p;inc_time_s;inc_time_s_min;inc_time_s_avg;inc_time_s_max;inc_cov_deviation;inc_time_deviation;exc_time_p;exc_time_s;exc_time_s_min;exc_time_s_avg;exc_time_s_max;exc_cov_deviation;exc_time_deviation;nb_threads;flops;
2;measure;kernel;6;kernel.c:52-53;Innermost;96.503242492676;13.325815200806;13.32581615448;13.32581615448;13.32581615448;0;0;96.503242492676;13.325815200806;13.32581615448;13.32581615448;13.32581615448;0;0;1;;
1;measure;kernel;6;kernel.c:52-53;Innermost;3.3525595664978;0.46294394135475;0.46294394135475;0.46294394135475;0.46294394135475;0;0;3.3525595664978;0.46294394135475;0.46294394135475;0.46294394135475;0.46294394135475;0;0;1;;
0;measure;kernel;6;kernel.c:51-52;Outermost;99.963958740234;13.803693771362;13.803693771362;13.803693771362;13.803693771362;0;0;0.10814708471298;0.014933675527573;0.014933675527573;0.014933675527573;0.014933675527573;0;0;1;;
