Node;Process;Thread;#max_time_on_cpu_s;#Stop Time US;Time (s);Math (%);#Elapsed Time;String (%);#Stop Time S;Others (%);System (%);#Start Time US;Memory (%);OMP (%);Binary (%);Nb Cycle Events;#max_context_switch_time_s;IO (%);#Start Time S;MPI (%);Pthread (%);
_ALL;_ALL;_ALL;0;762199;13.805472373962;0;13.805472373962;0;1742726596;0.10822509835859;0;956727;0;0;99.891776221158;2772.0002527138;0;0;1742726582;0;0;
MathieuMint;_ALL;_ALL;0;762199;13.805472373962;0;13.805472373962;0;1742726596;0.10822509835859;0;956727;0;0;99.891776221158;2772.0002527138;0;0;1742726582;0;0;
MathieuMint;6815;_ALL;0;762199;13.805472373962;0;13.805472373962;0;1742726596;0.10822509835859;0;956727;0;0;99.891776221158;2772.0002527138;0;0;1742726582;0;0;
MathieuMint;6815;6815;7.6216411590576;762199;13.805472373962;0;13.805472373962;0;1742726596;0.10822509835859;0;956727;0;0;99.891776221158;2772.0002527138;7.6216411590576;0;1742726582;0;0;
