loop_id;module;function_name;function_id;source_info;level;inc_time_p;inc_time_s;inc_time_s_min;inc_time_s_avg;inc_time_s_max;inc_cov_deviation;inc_time_deviation;exc_time_p;exc_time_s;exc_time_s_min;exc_time_s_avg;exc_time_s_max;exc_cov_deviation;exc_time_deviation;nb_threads;flops;
2;measure;kernel;6;kernel.c:69-70;Innermost;96.44792175293;17.764074325562;17.764074325562;17.764074325562;17.764074325562;0;0;96.44792175293;17.764074325562;17.764074325562;17.764074325562;17.764074325562;0;0;1;;
1;measure;kernel;6;kernel.c:69-70;Innermost;3.3622558116913;0.61927062273026;0.61927056312561;0.61927056312561;0.61927056312561;0;0;3.3622558116913;0.61927062273026;0.61927056312561;0.61927056312561;0.61927056312561;0;0;1;;
0;measure;kernel;6;kernel.c:68-69;Outermost;99.891525268555;18.398326873779;18.398328781128;18.398328781128;18.398328781128;0;0;0.081344902515411;0.014982353895903;0.01498235296458;0.01498235296458;0.01498235296458;0;0;1;;
