block_id;module;source_info;time_p;time_s;time_s_min;time_s_avg;time_s_max;cov_deviation;time_deviation;nb_threads;flops;
37;measure;kernel.c:69-70;96.44792175293;17.764074325562;17.764074325562;17.764074325562;17.764074325562;0;0;1;;
39;measure;kernel.c:69-70;3.3622558116913;0.61927062273026;0.61927056312561;0.61927056312561;0.61927056312561;0;0;1;;
33;measure;kernel.c:68-68;0.081344902515411;0.014982353895903;0.01498235296458;0.01498235296458;0.01498235296458;0;0;1;;
30;measure;kernel.c:68-70;0.02711496502161;0.0049941171891987;0.00499411765486;0.00499411765486;0.00499411765486;0;0;1;;
