Node;Process;Thread;#max_time_on_cpu_s;#Stop Time US;Time (s);Math (%);#Elapsed Time;String (%);#Stop Time S;Others (%);System (%);#Start Time US;Memory (%);OMP (%);Binary (%);Nb Cycle Events;#max_context_switch_time_s;IO (%);#Start Time S;MPI (%);Pthread (%);
_ALL;_ALL;_ALL;0;500160;13.807489395142;0;13.807489395142;0;1742726126;0.18037519991394;0;692671;0;0;99.819630914992;2771.9996997289;0;0;1742726112;0;0;
MathieuMint;_ALL;_ALL;0;500160;13.807489395142;0;13.807489395142;0;1742726126;0.18037519991394;0;692671;0;0;99.819630914992;2771.9996997289;0;0;1742726112;0;0;
MathieuMint;6255;_ALL;0;500160;13.807489395142;0;13.807489395142;0;1742726126;0.18037519991394;0;692671;0;0;99.819630914992;2771.9996997289;0;0;1742726112;0;0;
MathieuMint;6255;6255;5.7547721862793;500160;13.807489395142;0;13.807489395142;0;1742726126;0.18037519991394;0;692671;0;0;99.819630914992;2771.9996997289;5.7547721862793;0;1742726112;0;0;
