block_id;module;source_info;time_p;time_s;time_s_min;time_s_avg;time_s_max;cov_deviation;time_deviation;nb_threads;flops;
37;measure;kernel.c:52-53;97.546890258789;13.471026420593;13.471027374268;13.471027374268;13.471027374268;0;0;1;;
39;measure;kernel.c:52-53;2.4531025886536;0.33876845240593;0.33876848220825;0.33876848220825;0.33876848220825;0;0;1;;
