Node;Process;Thread;#max_time_on_cpu_s;#Stop Time US;Time (s);Math (%);#Elapsed Time;String (%);#Stop Time S;Others (%);System (%);#Start Time US;Memory (%);OMP (%);Binary (%);Nb Cycle Events;#max_context_switch_time_s;IO (%);#Start Time S;MPI (%);Pthread (%);
_ALL;_ALL;_ALL;0;156196;13.811932563782;0;13.811932563782;0;1742726434;0.10826418682515;0;344263;0;0;99.89173130377;2770.9995069073;0;0;1742726420;0;0;
MathieuMint;_ALL;_ALL;0;156196;13.811932563782;0;13.811932563782;0;1742726434;0.10826418682515;0;344263;0;0;99.89173130377;2770.9995069073;0;0;1742726420;0;0;
MathieuMint;6605;_ALL;0;156196;13.811932563782;0;13.811932563782;0;1742726434;0.10826418682515;0;344263;0;0;99.89173130377;2770.9995069073;0;0;1742726420;0;0;
MathieuMint;6605;6605;7.2428040504456;156196;13.811932563782;0;13.811932563782;0;1742726434;0.10826418682515;0;344263;0;0;99.89173130377;2770.9995069073;7.2428040504456;0;1742726420;0;0;
