block_id;module;source_info;time_p;time_s;time_s_min;time_s_avg;time_s_max;cov_deviation;time_deviation;nb_threads;flops;
37;measure;kernel.c:52-53;97.296325683594;13.436908721924;13.436908721924;13.436908721924;13.436908721924;0;0;1;;
39;measure;kernel.c:52-53;2.5234315395355;0.3484933078289;0.34849333763123;0.34849333763123;0.34849333763123;0;0;1;;
33;measure;kernel.c:51-51;0.036049026995897;0.0049784765578806;0.0049784765578806;0.0049784765578806;0.0049784765578806;0;0;1;;
