loop_id;module;function_name;function_id;source_info;level;inc_time_p;inc_time_s;inc_time_s_min;inc_time_s_avg;inc_time_s_max;inc_cov_deviation;inc_time_deviation;exc_time_p;exc_time_s;exc_time_s_min;exc_time_s_avg;exc_time_s_max;exc_cov_deviation;exc_time_deviation;nb_threads;flops;
2;measure;kernel;6;kernel.c:52-53;Innermost;97.296325683594;13.436908721924;13.436908721924;13.436908721924;13.436908721924;0;0;97.296325683594;13.436908721924;13.436908721924;13.436908721924;13.436908721924;0;0;1;;
1;measure;kernel;6;kernel.c:52-53;Innermost;2.5234315395355;0.3484933078289;0.34849333763123;0.34849333763123;0.34849333763123;0;0;2.5234315395355;0.3484933078289;0.34849333763123;0.34849333763123;0.34849333763123;0;0;1;;
0;measure;kernel;6;kernel.c:51-52;Outermost;99.855804443359;13.790380477905;13.790379524231;13.790379524231;13.790379524231;0;0;0.036049026995897;0.0049784765578806;0.0049784765578806;0.0049784765578806;0.0049784765578806;0;0;1;;
