loop_id;module;function_name;function_id;source_info;level;inc_time_p;inc_time_s;inc_time_s_min;inc_time_s_avg;inc_time_s_max;inc_cov_deviation;inc_time_deviation;exc_time_p;exc_time_s;exc_time_s_min;exc_time_s_avg;exc_time_s_max;exc_cov_deviation;exc_time_deviation;nb_threads;flops;
2;measure;kernel;6;kernel.c:52-53;Innermost;97.045036315918;13.401599884033;13.401600837708;13.401600837708;13.401600837708;0;0;97.045036315918;13.401599884033;13.401600837708;13.401600837708;13.401600837708;0;0;1;;
1;measure;kernel;6;kernel.c:52-53;Innermost;2.8108110427856;0.38816377520561;0.38816377520561;0.38816377520561;0.38816377520561;0;0;2.8108110427856;0.38816377520561;0.38816377520561;0.38816377520561;0.38816377520561;0;0;1;;
0;measure;kernel;6;kernel.c:51-52;Outermost;99.927917480469;13.799716949463;13.799717903137;13.799717903137;13.799717903137;0;0;0.072072073817253;0.0099529167637229;0.0099529167637229;0.0099529167637229;0.0099529167637229;0;0;1;;
