loop_id;module;function_name;function_id;source_info;level;inc_time_p;inc_time_s;inc_time_s_min;inc_time_s_avg;inc_time_s_max;inc_cov_deviation;inc_time_deviation;exc_time_p;exc_time_s;exc_time_s_min;exc_time_s_avg;exc_time_s_max;exc_cov_deviation;exc_time_deviation;nb_threads;flops;
2;measure;kernel;6;kernel.c:52-53;Innermost;96.754409790039;13.357461929321;13.357462882996;13.357462882996;13.357462882996;0;0;96.754409790039;13.357461929321;13.357462882996;13.357462882996;13.357462882996;0;0;1;;
1;measure;kernel;6;kernel.c:52-53;Innermost;3.065272808075;0.42317727208138;0.42317724227905;0.42317724227905;0.42317724227905;0;0;3.065272808075;0.42317727208138;0.42317724227905;0.42317724227905;0.42317724227905;0;0;1;;
0;measure;kernel;6;kernel.c:51-52;Outermost;99.891807556152;13.790596961975;13.790596961975;13.790596961975;13.790596961975;0;0;0.072124071419239;0.0099571123719215;0.0099571123719215;0.0099571123719215;0.0099571123719215;0;0;1;;
