function_id;module;function_name;source_info;inc_time_p;inc_time_s;inc_time_s_min;inc_time_s_avg;inc_time_s_max;inc_cov_deviation;inc_time_deviation;exc_time_p;exc_time_s;exc_time_s_min;exc_time_s_avg;exc_time_s_max;exc_cov_deviation;exc_time_deviation;nb_threads;cats;label_name;flops;
6;measure;kernel;kernel.c:51-55;99.927871704102;13.795576095581;13.795576095581;13.795576095581;13.795576095581;0;0;0.036066602915525;0.0049791866913438;0.0049791866913438;0.0049791866913438;0.0049791866913438;0;0;1;"100,0,0,0,0,0,0,0,0,0";kernel;;
217;libc.so.6;random;;0.072124071419239;0.0099571123719215;0.0099571123719215;0.0099571123719215;0.0099571123719215;0;0;0.072124071419239;0.0099571123719215;0.0099571123719215;0.0099571123719215;0.0099571123719215;0;0;1;"0,0,0,0,0,0,0,0,0,100";random;;
