block_id;module;source_info;time_p;time_s;time_s_min;time_s_avg;time_s_max;cov_deviation;time_deviation;nb_threads;flops;
37;measure;kernel.c:52-53;96.754409790039;13.357461929321;13.357462882996;13.357462882996;13.357462882996;0;0;1;;
39;measure;kernel.c:52-53;3.065272808075;0.42317727208138;0.42317724227905;0.42317724227905;0.42317724227905;0;0;1;;
33;measure;kernel.c:51-51;0.072124071419239;0.0099571123719215;0.0099571123719215;0.0099571123719215;0.0099571123719215;0;0;1;;
28;measure;kernel.c:51-51;0.03606203570962;0.0049785561859608;0.0049785561859608;0.0049785561859608;0.0049785561859608;0;0;1;;
