Node;Process;Thread;#max_time_on_cpu_s;#Stop Time US;Time (s);Math (%);#Elapsed Time;String (%);#Stop Time S;Others (%);System (%);#Start Time US;Memory (%);OMP (%);Binary (%);Nb Cycle Events;#max_context_switch_time_s;IO (%);#Start Time S;MPI (%);Pthread (%);
_ALL;_ALL;_ALL;0;388875;18.982944488525;0;18.982944488525;0;1742824050;0.078968155106623;0;405930;0;0;99.921031954137;3798.9997309034;0;0;1742824031;0;0;
MathieuMint;_ALL;_ALL;0;388875;18.982944488525;0;18.982944488525;0;1742824050;0.078968155106623;0;405930;0;0;99.921031954137;3798.9997309034;0;0;1742824031;0;0;
MathieuMint;13538;_ALL;0;388875;18.982944488525;0;18.982944488525;0;1742824050;0.078968155106623;0;405930;0;0;99.921031954137;3798.9997309034;0;0;1742824031;0;0;
MathieuMint;13538;13538;5.8911991119385;388875;18.982944488525;0;18.982944488525;0;1742824050;0.078968155106623;0;405930;0;0;99.921031954137;3798.9997309034;5.8911991119385;0;1742824031;0;0;
