block_id;module;source_info;time_p;time_s;time_s_min;time_s_avg;time_s_max;cov_deviation;time_deviation;nb_threads;flops;
37;measure;kernel.c:52-53;97.340805053711;6.9542665481567;6.9542665481567;6.9542665481567;6.9542665481567;0;0;1;;
39;measure;kernel.c:52-53;2.5892241001129;0.18498054146767;0.18498054146767;0.18498054146767;0.18498054146767;0;0;1;;
