Node;Process;Thread;#max_time_on_cpu_s;#Stop Time US;Time (s);Math (%);#Elapsed Time;String (%);#Stop Time S;Others (%);System (%);#Start Time US;Memory (%);OMP (%);Binary (%);Nb Cycle Events;#max_context_switch_time_s;IO (%);#Start Time S;MPI (%);Pthread (%);
_ALL;_ALL;_ALL;0;13464;13.809267044067;0;13.809267044067;0;1742726743;0.036075035850069;0;204197;0;0;99.96392044298;2772.0000172865;0;0;1742726729;0;0;
MathieuMint;_ALL;_ALL;0;13464;13.809267044067;0;13.809267044067;0;1742726743;0.036075035850069;0;204197;0;0;99.96392044298;2772.0000172865;0;0;1742726729;0;0;
MathieuMint;7003;_ALL;0;13464;13.809267044067;0;13.809267044067;0;1742726743;0.036075035850069;0;204197;0;0;99.96392044298;2772.0000172865;0;0;1742726729;0;0;
MathieuMint;7003;7003;7.8132591247559;13464;13.809267044067;0;13.809267044067;0;1742726743;0.036075035850069;0;204197;0;0;99.96392044298;2772.0000172865;7.8132591247559;0;1742726729;0;0;
