Node;Process;Thread;#max_time_on_cpu_s;#Stop Time US;Time (s);Math (%);#Elapsed Time;String (%);#Stop Time S;Others (%);System (%);#Start Time US;Memory (%);OMP (%);Binary (%);Nb Cycle Events;#max_context_switch_time_s;IO (%);#Start Time S;MPI (%);Pthread (%);
_ALL;_ALL;_ALL;0;422773;6.9429249763489;0;6.9429249763489;0;1742731345;0.14388491971341;0;479848;0;0;99.856112013407;1389.9997331087;0;0;1742731338;0;0;
MathieuMint;_ALL;_ALL;0;422773;6.9429249763489;0;6.9429249763489;0;1742731345;0.14388491971341;0;479848;0;0;99.856112013407;1389.9997331087;0;0;1742731338;0;0;
MathieuMint;13061;_ALL;0;422773;6.9429249763489;0;6.9429249763489;0;1742731345;0.14388491971341;0;479848;0;0;99.856112013407;1389.9997331087;0;0;1742731338;0;0;
MathieuMint;13061;13061;6.9324369430542;422773;6.9429249763489;0;6.9429249763489;0;1742731345;0.14388491971341;0;479848;0;0;99.856112013407;1389.9997331087;6.9324369430542;0;1742731338;0;0;
