function_id;module;function_name;source_info;inc_time_p;inc_time_s;inc_time_s_min;inc_time_s_avg;inc_time_s_max;inc_cov_deviation;inc_time_deviation;exc_time_p;exc_time_s;exc_time_s_min;exc_time_s_avg;exc_time_s_max;exc_cov_deviation;exc_time_deviation;nb_threads;cats;label_name;flops;
6;measure;kernel;kernel.c:51-55;99.928161621094;13.849715232849;13.849715232849;13.849715232849;13.849715232849;0;0;0;0;0;0;0;0;0;1;"100,0,0,0,0,0,0,0,0,0";kernel;;
217;libc.so.6;random;;0.035919535905123;0.0049783298745751;0.0049783294089139;0.0049783294089139;0.0049783294089139;0;0;0.035919535905123;0.0049783298745751;0.0049783294089139;0.0049783294089139;0.0049783294089139;0;0;1;"0,0,0,0,0,0,0,0,0,100";random;;
-1;kernel;unknown_kernel_region;;0.035919535905123;0.0049783298745751;0.0049783294089139;0.0049783294089139;0.0049783294089139;0;0;0;0;0;0;0;0;0;1;"0,0,0,0,100,0,0,0,0,0";unknown kernel region;;
