block_id;module;source_info;time_p;time_s;time_s_min;time_s_avg;time_s_max;cov_deviation;time_deviation;nb_threads;flops;
37;measure;kernel.c:52-53;97.15007019043;13.41366481781;13.41366481781;13.41366481781;13.41366481781;0;0;1;;
39;measure;kernel.c:52-53;2.7056283950806;0.37357044219971;0.37357038259506;0.37357038259506;0.37357038259506;0;0;1;;
