block_id;module;source_info;time_p;time_s;time_s_min;time_s_avg;time_s_max;cov_deviation;time_deviation;nb_threads;flops;
37;measure;kernel.c:52-53;96.61255645752;6.8449997901917;6.8450002670288;6.8450002670288;6.8450002670288;0;0;1;;
39;measure;kernel.c:52-53;2.8934364318848;0.20499999821186;0.2049999833107;0.2049999833107;0.2049999833107;0;0;1;;
33;measure;kernel.c:51-51;0.070571616292;0.00499999942258;0.00499999942258;0.00499999942258;0.00499999942258;0;0;1;;
