loop_id;module;function_name;function_id;source_info;level;inc_time_p;inc_time_s;inc_time_s_min;inc_time_s_avg;inc_time_s_max;inc_cov_deviation;inc_time_deviation;exc_time_p;exc_time_s;exc_time_s_min;exc_time_s_avg;exc_time_s_max;exc_cov_deviation;exc_time_deviation;nb_threads;flops;
2;measure;kernel;6;kernel.c:52-53;Innermost;96.61255645752;6.8449997901917;6.8450002670288;6.8450002670288;6.8450002670288;0;0;96.61255645752;6.8449997901917;6.8450002670288;6.8450002670288;6.8450002670288;0;0;1;;
1;measure;kernel;6;kernel.c:52-53;Innermost;2.8934364318848;0.20499999821186;0.2049999833107;0.2049999833107;0.2049999833107;0;0;2.8934364318848;0.20499999821186;0.2049999833107;0.2049999833107;0.2049999833107;0;0;1;;
0;measure;kernel;6;kernel.c:51-52;Outermost;99.576568603516;7.0550003051758;7.0550007820129;7.0550007820129;7.0550007820129;0;0;0.070571616292;0.00499999942258;0.00499999942258;0.00499999942258;0.00499999942258;0;0;1;;
