Node;Process;Thread;#max_time_on_cpu_s;#Stop Time US;Time (s);Math (%);#Elapsed Time;String (%);#Stop Time S;Others (%);System (%);#Start Time US;Memory (%);OMP (%);Binary (%);Nb Cycle Events;#max_context_switch_time_s;IO (%);#Start Time S;MPI (%);Pthread (%);
_ALL;_ALL;_ALL;0;957747;13.808018684387;0;13.808018684387;0;1742726028;0;0;149728;0;0;100;2770.0005695444;0;0;1742726015;0;0;
MathieuMint;_ALL;_ALL;0;957747;13.808018684387;0;13.808018684387;0;1742726028;0;0;149728;0;0;100;2770.0005695444;0;0;1742726015;0;0;
MathieuMint;6131;_ALL;0;957747;13.808018684387;0;13.808018684387;0;1742726028;0;0;149728;0;0;100;2770.0005695444;0;0;1742726015;0;0;
MathieuMint;6131;6131;5.3550901412964;957747;13.808018684387;0;13.808018684387;0;1742726028;0;0;149728;0;0;100;2770.0005695444;5.3550901412964;0;1742726015;0;0;
