Node;Process;Thread;#max_time_on_cpu_s;#Stop Time US;Time (s);Math (%);#Elapsed Time;String (%);#Stop Time S;Others (%);System (%);#Start Time US;Memory (%);OMP (%);Binary (%);Nb Cycle Events;#max_context_switch_time_s;IO (%);#Start Time S;MPI (%);Pthread (%);
_ALL;_ALL;_ALL;0;569718;13.807797431946;0;13.807797431946;0;1742726336;0.1082251009569;0;761921;0;0;99.891773124146;2772.0000325785;0;0;1742726322;0;0;
MathieuMint;_ALL;_ALL;0;569718;13.807797431946;0;13.807797431946;0;1742726336;0.1082251009569;0;761921;0;0;99.891773124146;2772.0000325785;0;0;1742726322;0;0;
MathieuMint;6482;_ALL;0;569718;13.807797431946;0;13.807797431946;0;1742726336;0.1082251009569;0;761921;0;0;99.891773124146;2772.0000325785;0;0;1742726322;0;0;
MathieuMint;6482;6482;13.799278259277;569718;13.807797431946;0;13.807797431946;0;1742726336;0.1082251009569;0;761921;0;0;99.891773124146;2772.0000325785;13.799278259277;0;1742726322;0;0;
