block_id;module;source_info;time_p;time_s;time_s_min;time_s_avg;time_s_max;cov_deviation;time_deviation;nb_threads;flops;
37;measure;kernel.c:52-53;97.258293151855;13.426145553589;13.426145553589;13.426145553589;13.426145553589;0;0;1;;
39;measure;kernel.c:52-53;2.6334772109985;0.36354175209999;0.36354175209999;0.36354175209999;0.36354175209999;0;0;1;;
