Node;Process;Thread;#max_time_on_cpu_s;#Stop Time US;Time (s);Math (%);#Elapsed Time;String (%);#Stop Time S;Others (%);System (%);#Start Time US;Memory (%);OMP (%);Binary (%);Nb Cycle Events;#max_context_switch_time_s;IO (%);#Start Time S;MPI (%);Pthread (%);
_ALL;_ALL;_ALL;0;920718;13.804628372192;0;13.804628372192;0;1742725405;0.10822508888873;0;116090;0;0;99.891774506138;2772.0004952681;0;0;1742725392;0;0;
MathieuMint;_ALL;_ALL;0;920718;13.804628372192;0;13.804628372192;0;1742725405;0.10822508888873;0;116090;0;0;99.891774506138;2772.0004952681;0;0;1742725392;0;0;
MathieuMint;5378;_ALL;0;920718;13.804628372192;0;13.804628372192;0;1742725405;0.10822508888873;0;116090;0;0;99.891774506138;2772.0004952681;0;0;1742725392;0;0;
MathieuMint;5378;5378;5.4347281455994;920718;13.804628372192;0;13.804628372192;0;1742725405;0.10822508888873;0;116090;0;0;99.891774506138;2772.0004952681;5.4347281455994;0;1742725392;0;0;
