block_id;module;source_info;time_p;time_s;time_s_min;time_s_avg;time_s_max;cov_deviation;time_deviation;nb_threads;flops;
37;measure;kernel.c:52-53;97.440505981445;13.457352638245;13.45735168457;13.45735168457;13.45735168457;0;0;1;;
39;measure;kernel.c:52-53;2.3431868553162;0.32361382246017;0.32361376285553;0.32361376285553;0.32361376285553;0;0;1;;
