Node;Process;Thread;#max_time_on_cpu_s;#Stop Time US;Time (s);Math (%);#Elapsed Time;String (%);#Stop Time S;Others (%);System (%);#Start Time US;Memory (%);OMP (%);Binary (%);Nb Cycle Events;#max_context_switch_time_s;IO (%);#Start Time S;MPI (%);Pthread (%);
_ALL;_ALL;_ALL;0;640971;7.1600003242493;0;7.1631407737732;0;1742731270;0;0;477830;0;0;100;1432.0001539457;0;0;1742731263;0;0;
MathieuMint;_ALL;_ALL;0;640971;7.1600003242493;0;7.1631407737732;0;1742731270;0;0;477830;0;0;100;1432.0001539457;0;0;1742731263;0;0;
MathieuMint;12802;_ALL;0;640971;7.1600003242493;0;7.1631407737732;0;1742731270;0;0;477830;0;0;100;1432.0001539457;0;0;1742731263;0;0;
MathieuMint;12802;12802;2.4907178878784;640971;7.1600003242493;0;7.1631407737732;0;1742731270;0;0;477830;0;0;100;1432.0001539457;2.4907178878784;0;1742731263;0;0;
