Node;Process;Thread;#max_time_on_cpu_s;#Stop Time US;Time (s);Math (%);#Elapsed Time;String (%);#Stop Time S;Others (%);System (%);#Start Time US;Memory (%);OMP (%);Binary (%);Nb Cycle Events;#max_context_switch_time_s;IO (%);#Start Time S;MPI (%);Pthread (%);
_ALL;_ALL;_ALL;0;251673;13.807674407959;0;13.807674407959;0;1742725617;0.072176107357505;0;443999;0;0;99.927823832676;2771.0000902287;0;0;1742725603;0;0;
MathieuMint;_ALL;_ALL;0;251673;13.807674407959;0;13.807674407959;0;1742725617;0.072176107357505;0;443999;0;0;99.927823832676;2771.0000902287;0;0;1742725603;0;0;
MathieuMint;5653;_ALL;0;251673;13.807674407959;0;13.807674407959;0;1742725617;0.072176107357505;0;443999;0;0;99.927823832676;2771.0000902287;0;0;1742725603;0;0;
MathieuMint;5653;5653;13.797741889954;251673;13.807674407959;0;13.807674407959;0;1742725617;0.072176107357505;0;443999;0;0;99.927823832676;2771.0000902287;13.797741889954;0;1742725603;0;0;
