block_id;module;source_info;time_p;time_s;time_s_min;time_s_avg;time_s_max;cov_deviation;time_deviation;nb_threads;flops;
37;measure;kernel.c:52-53;97.293395996094;13.433955192566;13.433955192566;13.433955192566;13.433955192566;0;0;1;;
39;measure;kernel.c:52-53;2.4900758266449;0.34382155537605;0.34382155537605;0.34382155537605;0.34382155537605;0;0;1;;
33;measure;kernel.c:51-51;0.14435221254826;0.019931683316827;0.019931683316827;0.019931683316827;0.019931683316827;0;0;1;;
