Node;Process;Thread;#max_time_on_cpu_s;#Stop Time US;Time (s);Math (%);#Elapsed Time;String (%);#Stop Time S;Others (%);System (%);#Start Time US;Memory (%);OMP (%);Binary (%);Nb Cycle Events;#max_context_switch_time_s;IO (%);#Start Time S;MPI (%);Pthread (%);
_ALL;_ALL;_ALL;0;201067;7.2199997901917;0;7.2269320487976;0;1742731261;0.34626038208252;0;974135;0;0;99.653743800297;1444.000023892;0;0;1742731253;0;0;
MathieuMint;_ALL;_ALL;0;201067;7.2199997901917;0;7.2269320487976;0;1742731261;0.34626038208252;0;974135;0;0;99.653743800297;1444.000023892;0;0;1742731253;0;0;
MathieuMint;12777;_ALL;0;201067;7.2199997901917;0;7.2269320487976;0;1742731261;0.34626038208252;0;974135;0;0;99.653743800297;1444.000023892;0;0;1742731253;0;0;
MathieuMint;12777;12777;1.6561059951782;201067;7.2199997901917;0;7.2269320487976;0;1742731261;0.34626038208252;0;974135;0;0;99.653743800297;1444.000023892;1.6561059951782;0;1742731253;0;0;
