Node;Process;Thread;#max_time_on_cpu_s;#Stop Time US;Time (s);Math (%);#Elapsed Time;String (%);#Stop Time S;Others (%);System (%);#Start Time US;Memory (%);OMP (%);Binary (%);Nb Cycle Events;#max_context_switch_time_s;IO (%);#Start Time S;MPI (%);Pthread (%);
_ALL;_ALL;_ALL;0;968044;13.806907653809;0;13.806907653809;0;1742723976;0;0;161136;0;0;100;2772.9999917681;0;0;1742723963;0;0;
MathieuMint;_ALL;_ALL;0;968044;13.806907653809;0;13.806907653809;0;1742723976;0;0;161136;0;0;100;2772.9999917681;0;0;1742723963;0;0;
MathieuMint;3668;_ALL;0;968044;13.806907653809;0;13.806907653809;0;1742723976;0;0;161136;0;0;100;2772.9999917681;0;0;1742723963;0;0;
MathieuMint;3668;3668;7.1621670722961;968044;13.806907653809;0;13.806907653809;0;1742723976;0;0;161136;0;0;100;2772.9999917681;7.1621670722961;0;1742723963;0;0;
