Node;Process;Thread;#max_time_on_cpu_s;#Stop Time US;Time (s);Math (%);#Elapsed Time;String (%);#Stop Time S;Others (%);System (%);#Start Time US;Memory (%);OMP (%);Binary (%);Nb Cycle Events;#max_context_switch_time_s;IO (%);#Start Time S;MPI (%);Pthread (%);
_ALL;_ALL;_ALL;0;288264;13.808303833008;0;13.808303833008;0;1742726927;0.036127168583281;0;479960;0;0;99.963875095148;2767.9999269657;0;0;1742726913;0;0;
MathieuMint;_ALL;_ALL;0;288264;13.808303833008;0;13.808303833008;0;1742726927;0.036127168583281;0;479960;0;0;99.963875095148;2767.9999269657;0;0;1742726913;0;0;
MathieuMint;7206;_ALL;0;288264;13.808303833008;0;13.808303833008;0;1742726927;0.036127168583281;0;479960;0;0;99.963875095148;2767.9999269657;0;0;1742726913;0;0;
MathieuMint;7206;7206;13.797324180603;288264;13.808303833008;0;13.808303833008;0;1742726927;0.036127168583281;0;479960;0;0;99.963875095148;2767.9999269657;13.797324180603;0;1742726913;0;0;
