Node;Process;Thread;#max_time_on_cpu_s;#Stop Time US;Time (s);Math (%);#Elapsed Time;String (%);#Stop Time S;Others (%);System (%);#Start Time US;Memory (%);OMP (%);Binary (%);Nb Cycle Events;#max_context_switch_time_s;IO (%);#Start Time S;MPI (%);Pthread (%);
_ALL;_ALL;_ALL;0;429869;13.806721687317;0;13.806721687317;0;1742727122;0.10838152509573;0;623147;0;0;99.891623575993;2767.9994328833;0;0;1742727108;0;0;
MathieuMint;_ALL;_ALL;0;429869;13.806721687317;0;13.806721687317;0;1742727122;0.10838152509573;0;623147;0;0;99.891623575993;2767.9994328833;0;0;1742727108;0;0;
MathieuMint;7455;_ALL;0;429869;13.806721687317;0;13.806721687317;0;1742727122;0.10838152509573;0;623147;0;0;99.891623575993;2767.9994328833;0;0;1742727108;0;0;
MathieuMint;7455;7455;10.220205307007;429869;13.806721687317;0;13.806721687317;0;1742727122;0.10838152509573;0;623147;0;0;99.891623575993;2767.9994328833;10.220205307007;0;1742727108;0;0;
