Node;Process;Thread;#max_time_on_cpu_s;#Stop Time US;Time (s);Math (%);#Elapsed Time;String (%);#Stop Time S;Others (%);System (%);#Start Time US;Memory (%);OMP (%);Binary (%);Nb Cycle Events;#max_context_switch_time_s;IO (%);#Start Time S;MPI (%);Pthread (%);
_ALL;_ALL;_ALL;0;678687;6.9576292037964;0;6.9576292037964;0;1742731400;0.14367810998476;0;721058;0;0;99.856319078744;1392.0004934726;0;0;1742731393;0;0;
MathieuMint;_ALL;_ALL;0;678687;6.9576292037964;0;6.9576292037964;0;1742731400;0.14367810998476;0;721058;0;0;99.856319078744;1392.0004934726;0;0;1742731393;0;0;
MathieuMint;13200;_ALL;0;678687;6.9576292037964;0;6.9576292037964;0;1742731400;0.14367810998476;0;721058;0;0;99.856319078744;1392.0004934726;0;0;1742731393;0;0;
MathieuMint;13200;13200;4.8333110809326;678687;6.9576292037964;0;6.9576292037964;0;1742731400;0.14367810998476;0;721058;0;0;99.856319078744;1392.0004934726;4.8333110809326;0;1742731393;0;0;
