block_id;module;source_info;time_p;time_s;time_s_min;time_s_avg;time_s_max;cov_deviation;time_deviation;nb_threads;flops;
37;measure;kernel.c:52-53;97.234199523926;13.476341247559;13.476341247559;13.476341247559;13.476341247559;0;0;1;;
39;measure;kernel.c:52-53;2.6939649581909;0.37337470054626;0.37337470054626;0.37337470054626;0.37337470054626;0;0;1;;
