loop_id;module;function_name;function_id;source_info;level;inc_time_p;inc_time_s;inc_time_s_min;inc_time_s_avg;inc_time_s_max;inc_cov_deviation;inc_time_deviation;exc_time_p;exc_time_s;exc_time_s_min;exc_time_s_avg;exc_time_s_max;exc_cov_deviation;exc_time_deviation;nb_threads;flops;
1;measure;kernel;6;kernel.c:57-58;Innermost;41.726623535156;0.57963705062866;0.57963705062866;0.57963705062866;0.57963705062866;0;0;41.726623535156;0.57963705062866;0.57963705062866;0.57963705062866;0.57963705062866;0;0;1;;
2;measure;kernel;6;kernel.c:51-51,kernel.c:56-58;Outermost;80.215843200684;1.114302277565;1.1143023967743;1.1143023967743;1.1143023967743;0;0;24.46043586731;0.33978724479675;0.33978724479675;0.33978724479675;0.33978724479675;0;0;1;;
3;measure;kernel;6;kernel.c:57-58;Innermost;14.028780937195;0.19487801194191;0.19487799704075;0.19487799704075;0.19487799704075;0;0;14.028780937195;0.19487801194191;0.19487799704075;0.19487799704075;0.19487799704075;0;0;1;;
4;measure;kernel;6;kernel.c:51-52;Single;13.669066429138;0.18988110125065;0.18988111615181;0.18988111615181;0.18988111615181;0;0;13.669066429138;0.18988110125065;0.18988111615181;0.18988111615181;0.18988111615181;0;0;1;;
0;measure;kernel;6;kernel.c:51-52;Single;3.2374107837677;0.044971842318773;0.044971846044064;0.044971846044064;0.044971846044064;0;0;3.2374107837677;0.044971842318773;0.044971846044064;0.044971846044064;0.044971846044064;0;0;1;;
6;measure;main;8;driver.c:76-77;Innermost;1.079136967659;0.014990615658462;0.014990613795817;0.014990613795817;0.014990613795817;0;0;1.079136967659;0.014990615658462;0.014990613795817;0.014990613795817;0.014990613795817;0;0;1;;
