Node;Process;Thread;#max_time_on_cpu_s;#Stop Time US;Time (s);Math (%);#Elapsed Time;String (%);#Stop Time S;Others (%);System (%);#Start Time US;Memory (%);OMP (%);Binary (%);Nb Cycle Events;#max_context_switch_time_s;IO (%);#Start Time S;MPI (%);Pthread (%);
_ALL;_ALL;_ALL;0;480215;7.1356592178345;0;7.1356592178345;0;1742731232;0.070028013011752;0;344556;0;0;99.929967912376;1427.9999631464;0;0;1742731225;0;0;
MathieuMint;_ALL;_ALL;0;480215;7.1356592178345;0;7.1356592178345;0;1742731232;0.070028013011752;0;344556;0;0;99.929967912376;1427.9999631464;0;0;1742731225;0;0;
MathieuMint;12598;_ALL;0;480215;7.1356592178345;0;7.1356592178345;0;1742731232;0.070028013011752;0;344556;0;0;99.929967912376;1427.9999631464;0;0;1742731225;0;0;
MathieuMint;12598;12598;4.9316959381104;480215;7.1356592178345;0;7.1356592178345;0;1742731232;0.070028013011752;0;344556;0;0;99.929967912376;1427.9999631464;4.9316959381104;0;1742731225;0;0;
