Node;Process;Thread;#max_time_on_cpu_s;#Stop Time US;Time (s);Math (%);#Elapsed Time;String (%);#Stop Time S;Others (%);System (%);#Start Time US;Memory (%);OMP (%);Binary (%);Nb Cycle Events;#max_context_switch_time_s;IO (%);#Start Time S;MPI (%);Pthread (%);
_ALL;_ALL;_ALL;0;460931;13.888998031616;0;13.888998031616;0;1742723944;0.035932456084989;0;571933;0;0;99.964068143867;2782.9992963318;0;0;1742723930;0;0;
MathieuMint;_ALL;_ALL;0;460931;13.888998031616;0;13.888998031616;0;1742723944;0.035932456084989;0;571933;0;0;99.964068143867;2782.9992963318;0;0;1742723930;0;0;
MathieuMint;3574;_ALL;0;460931;13.888998031616;0;13.888998031616;0;1742723944;0.035932456084989;0;571933;0;0;99.964068143867;2782.9992963318;0;0;1742723930;0;0;
MathieuMint;3574;3574;2.4363360404968;460931;13.888998031616;0;13.888998031616;0;1742723944;0.035932456084989;0;571933;0;0;99.964068143867;2782.9992963318;2.4363360404968;0;1742723930;0;0;
