Node;Process;Thread;#max_time_on_cpu_s;#Stop Time US;Time (s);Math (%);#Elapsed Time;String (%);#Stop Time S;Others (%);System (%);#Start Time US;Memory (%);OMP (%);Binary (%);Nb Cycle Events;#max_context_switch_time_s;IO (%);#Start Time S;MPI (%);Pthread (%);
_ALL;_ALL;_ALL;0;195748;13.808669090271;0;13.808669090271;0;1742727106;0.07212403703368;0;387079;0;0;99.927871411417;2773.0006281624;0;0;1742727092;0;0;
MathieuMint;_ALL;_ALL;0;195748;13.808669090271;0;13.808669090271;0;1742727106;0.07212403703368;0;387079;0;0;99.927871411417;2773.0006281624;0;0;1742727092;0;0;
MathieuMint;7433;_ALL;0;195748;13.808669090271;0;13.808669090271;0;1742727106;0.07212403703368;0;387079;0;0;99.927871411417;2773.0006281624;0;0;1742727092;0;0;
MathieuMint;7433;7433;13.797017097473;195748;13.808669090271;0;13.808669090271;0;1742727106;0.07212403703368;0;387079;0;0;99.927871411417;2773.0006281624;13.797017097473;0;1742727092;0;0;
