block_id;module;source_info;time_p;time_s;time_s_min;time_s_avg;time_s_max;cov_deviation;time_deviation;nb_threads;flops;
37;measure;kernel.c:52-53;96.754417419434;13.361413002014;13.36141204834;13.36141204834;13.36141204834;0;0;1;;
39;measure;kernel.c:52-53;3.1734580993652;0.43824237585068;0.43824237585068;0.43824237585068;0.43824237585068;0;0;1;;
33;measure;kernel.c:51-51;0.036062024533749;0.0049800267443061;0.0049800262786448;0.0049800262786448;0.0049800262786448;0;0;1;;
