block_id;module;source_info;time_p;time_s;time_s_min;time_s_avg;time_s_max;cov_deviation;time_deviation;nb_threads;flops;
37;measure;kernel.c:52-53;96.575347900391;13.340958595276;13.340957641602;13.340957641602;13.340957641602;0;0;1;;
39;measure;kernel.c:52-53;3.2444126605988;0.44818449020386;0.44818449020386;0.44818449020386;0.44818449020386;0;0;1;;
33;measure;kernel.c:51-51;0.072098053991795;0.0099596548825502;0.0099596558138728;0.0099596558138728;0.0099596558138728;0;0;1;;
