Node;Process;Thread;#max_time_on_cpu_s;#Stop Time US;Time (s);Math (%);#Elapsed Time;String (%);#Stop Time S;Others (%);System (%);#Start Time US;Memory (%);OMP (%);Binary (%);Nb Cycle Events;#max_context_switch_time_s;IO (%);#Start Time S;MPI (%);Pthread (%);
_ALL;_ALL;_ALL;0;806221;13.806439399719;0;13.806439399719;0;1742726959;0.072176097895639;0;999782;0;0;99.927818622881;2771.0004534906;0;0;1742726945;0;0;
MathieuMint;_ALL;_ALL;0;806221;13.806439399719;0;13.806439399719;0;1742726959;0.072176097895639;0;999782;0;0;99.927818622881;2771.0004534906;0;0;1742726945;0;0;
MathieuMint;7246;_ALL;0;806221;13.806439399719;0;13.806439399719;0;1742726959;0.072176097895639;0;999782;0;0;99.927818622881;2771.0004534906;0;0;1742726945;0;0;
MathieuMint;7246;7246;12.522804260254;806221;13.806439399719;0;13.806439399719;0;1742726959;0.072176097895639;0;999782;0;0;99.927818622881;2771.0004534906;12.522804260254;0;1742726945;0;0;
