Node;Process;Thread;#max_time_on_cpu_s;#Stop Time US;Time (s);Math (%);#Elapsed Time;String (%);#Stop Time S;Others (%);System (%);#Start Time US;Memory (%);OMP (%);Binary (%);Nb Cycle Events;#max_context_switch_time_s;IO (%);#Start Time S;MPI (%);Pthread (%);
_ALL;_ALL;_ALL;0;430322;13.806743621826;0;13.806743621826;0;1742725996;0.072150065243614;0.036075032621807;623578;0;0;99.891771681362;2772.0002653456;0;0;1742725982;0;0;
MathieuMint;_ALL;_ALL;0;430322;13.806743621826;0;13.806743621826;0;1742725996;0.072150065243614;0.036075032621807;623578;0;0;99.891771681362;2772.0002653456;0;0;1742725982;0;0;
MathieuMint;6085;_ALL;0;430322;13.806743621826;0;13.806743621826;0;1742725996;0.072150065243614;0.036075032621807;623578;0;0;99.891771681362;2772.0002653456;0;0;1742725982;0;0;
MathieuMint;6085;6085;8.4196367263794;430322;13.806743621826;0;13.806743621826;0;1742725996;0.072150065243614;0.036075032621807;623578;0;0;99.891771681362;2772.0002653456;8.4196367263794;0;1742725982;0;0;
