loop_id;module;function_name;function_id;source_info;level;inc_time_p;inc_time_s;inc_time_s_min;inc_time_s_avg;inc_time_s_max;inc_cov_deviation;inc_time_deviation;exc_time_p;exc_time_s;exc_time_s_min;exc_time_s_avg;exc_time_s_max;exc_cov_deviation;exc_time_deviation;nb_threads;flops;
2;measure;kernel;6;kernel.c:52-53;Innermost;97.369361877441;13.457777023315;13.457777023315;13.457777023315;13.457777023315;0;0;97.369361877441;13.457777023315;13.457777023315;13.457777023315;13.457777023315;0;0;1;;
1;measure;kernel;6;kernel.c:52-53;Innermost;2.522522687912;0.34864714741707;0.34864711761475;0.34864711761475;0.34864711761475;0;0;2.522522687912;0.34864714741707;0.34864711761475;0.34864711761475;0.34864711761475;0;0;1;;
