Node;Process;Thread;#max_time_on_cpu_s;#Stop Time US;Time (s);Math (%);#Elapsed Time;String (%);#Stop Time S;Others (%);System (%);#Start Time US;Memory (%);OMP (%);Binary (%);Nb Cycle Events;#max_context_switch_time_s;IO (%);#Start Time S;MPI (%);Pthread (%);
_ALL;_ALL;_ALL;0;274408;13.821367263794;0;13.821367263794;0;1742724221;0.072072073117071;0.036036036558535;453041;0;0;99.891884377023;2774.9999597643;0;0;1742724207;0;0;
MathieuMint;_ALL;_ALL;0;274408;13.821367263794;0;13.821367263794;0;1742724221;0.072072073117071;0.036036036558535;453041;0;0;99.891884377023;2774.9999597643;0;0;1742724207;0;0;
MathieuMint;4004;_ALL;0;274408;13.821367263794;0;13.821367263794;0;1742724221;0.072072073117071;0.036036036558535;453041;0;0;99.891884377023;2774.9999597643;0;0;1742724207;0;0;
MathieuMint;4004;4004;8.5174560546875;274408;13.821367263794;0;13.821367263794;0;1742724221;0.072072073117071;0.036036036558535;453041;0;0;99.891884377023;2774.9999597643;8.5174560546875;0;1742724207;0;0;
