block_id;module;source_info;time_p;time_s;time_s_min;time_s_avg;time_s_max;cov_deviation;time_deviation;nb_threads;flops;
37;measure;kernel.c:52-53;96.618698120117;6.6993098258972;6.6993093490601;6.6993093490601;6.6993093490601;0;0;1;;
39;measure;kernel.c:52-53;3.1654675006866;0.2194859534502;0.21948596835136;0.21948596835136;0.21948596835136;0;0;1;;
