Node;Process;Thread;#max_time_on_cpu_s;#Stop Time US;Time (s);Math (%);#Elapsed Time;String (%);#Stop Time S;Others (%);System (%);#Start Time US;Memory (%);OMP (%);Binary (%);Nb Cycle Events;#max_context_switch_time_s;IO (%);#Start Time S;MPI (%);Pthread (%);
_ALL;_ALL;_ALL;0;517659;6.9337611198425;0;6.9337611198425;0;1742731474;0.21582736034759;0;583898;0;0;99.784173643594;1389.9999338809;0;0;1742731467;0;0;
MathieuMint;_ALL;_ALL;0;517659;6.9337611198425;0;6.9337611198425;0;1742731474;0.21582736034759;0;583898;0;0;99.784173643594;1389.9999338809;0;0;1742731467;0;0;
MathieuMint;14120;_ALL;0;517659;6.9337611198425;0;6.9337611198425;0;1742731474;0.21582736034759;0;583898;0;0;99.784173643594;1389.9999338809;0;0;1742731467;0;0;
MathieuMint;14120;14120;6.3387479782104;517659;6.9337611198425;0;6.9337611198425;0;1742731474;0.21582736034759;0;583898;0;0;99.784173643594;1389.9999338809;6.3387479782104;0;1742731467;0;0;
