Node;Process;Thread;#max_time_on_cpu_s;#Stop Time US;Time (s);Math (%);#Elapsed Time;String (%);#Stop Time S;Others (%);System (%);#Start Time US;Memory (%);OMP (%);Binary (%);Nb Cycle Events;#max_context_switch_time_s;IO (%);#Start Time S;MPI (%);Pthread (%);
_ALL;_ALL;_ALL;0;640174;13.80757522583;0;13.80757522583;0;1742725947;0.072124040866059;0;832599;0;0;99.927873302634;2773.0004808164;0;0;1742725933;0;0;
MathieuMint;_ALL;_ALL;0;640174;13.80757522583;0;13.80757522583;0;1742725947;0.072124040866059;0;832599;0;0;99.927873302634;2773.0004808164;0;0;1742725933;0;0;
MathieuMint;6020;_ALL;0;640174;13.80757522583;0;13.80757522583;0;1742725947;0.072124040866059;0;832599;0;0;99.927873302634;2773.0004808164;0;0;1742725933;0;0;
MathieuMint;6020;6020;13.797360420227;640174;13.80757522583;0;13.80757522583;0;1742725947;0.072124040866059;0;832599;0;0;99.927873302634;2773.0004808164;13.797360420227;0;1742725933;0;0;
