Node;Process;Thread;#max_time_on_cpu_s;#Stop Time US;Time (s);Math (%);#Elapsed Time;String (%);#Stop Time S;Others (%);System (%);#Start Time US;Memory (%);OMP (%);Binary (%);Nb Cycle Events;#max_context_switch_time_s;IO (%);#Start Time S;MPI (%);Pthread (%);
_ALL;_ALL;_ALL;0;390552;1.4650000333786;0;1.473473072052;0;1744402542;0;0;917079;0;0;99.999998583427;293.00003428363;0;0;1744402540;0;0;
MathieuMint;_ALL;_ALL;0;390552;1.4650000333786;0;1.473473072052;0;1744402542;0;0;917079;0;0;99.999998583427;293.00003428363;0;0;1744402540;0;0;
MathieuMint;13080;_ALL;0;390552;1.4650000333786;0;1.473473072052;0;1744402542;0;0;917079;0;0;99.999998583427;293.00003428363;0;0;1744402540;0;0;
MathieuMint;13080;13080;0.88974100351334;390552;1.4650000333786;0;1.473473072052;0;1744402542;0;0;917079;0;0;99.999998583427;293.00003428363;0.88974100351334;0;1744402540;0;0;
