block_id;module;source_info;time_p;time_s;time_s_min;time_s_avg;time_s_max;cov_deviation;time_deviation;nb_threads;flops;
37;measure;kernel.c:52-53;96.793960571289;13.373886108398;13.373885154724;13.373885154724;13.373885154724;0;0;1;;
39;measure;kernel.c:52-53;2.989913225174;0.41311213374138;0.41311213374138;0.41311213374138;0.41311213374138;0;0;1;;
33;measure;kernel.c:51-51;0.14409221708775;0.019909020513296;0.019909018650651;0.019909018650651;0.019909018650651;0;0;1;;
