Node;Process;Thread;#max_time_on_cpu_s;#Stop Time US;Time (s);Math (%);#Elapsed Time;String (%);#Stop Time S;Others (%);System (%);#Start Time US;Memory (%);OMP (%);Binary (%);Nb Cycle Events;#max_context_switch_time_s;IO (%);#Start Time S;MPI (%);Pthread (%);
_ALL;_ALL;_ALL;0;472043;13.816860198975;0;13.816860198975;0;1742724009;0.072046104018071;0;655183;0;0;99.92795527434;2776.0002116122;0;0;1742723995;0;0;
MathieuMint;_ALL;_ALL;0;472043;13.816860198975;0;13.816860198975;0;1742724009;0.072046104018071;0;655183;0;0;99.92795527434;2776.0002116122;0;0;1742723995;0;0;
MathieuMint;3710;_ALL;0;472043;13.816860198975;0;13.816860198975;0;1742724009;0.072046104018071;0;655183;0;0;99.92795527434;2776.0002116122;0;0;1742723995;0;0;
MathieuMint;3710;3710;10.353549003601;472043;13.816860198975;0;13.816860198975;0;1742724009;0.072046104018071;0;655183;0;0;99.92795527434;2776.0002116122;10.353549003601;0;1742723995;0;0;
