Node;Process;Thread;#max_time_on_cpu_s;#Stop Time US;Time (s);Math (%);#Elapsed Time;String (%);#Stop Time S;Others (%);System (%);#Start Time US;Memory (%);OMP (%);Binary (%);Nb Cycle Events;#max_context_switch_time_s;IO (%);#Start Time S;MPI (%);Pthread (%);
_ALL;_ALL;_ALL;0;348050;13.805734634399;0;13.805734634399;0;1742727301;0.036075035482168;0;542315;0;0;99.963922646321;2772.0000455559;0;0;1742727287;0;0;
MathieuMint;_ALL;_ALL;0;348050;13.805734634399;0;13.805734634399;0;1742727301;0.036075035482168;0;542315;0;0;99.963922646321;2772.0000455559;0;0;1742727287;0;0;
MathieuMint;7696;_ALL;0;348050;13.805734634399;0;13.805734634399;0;1742727301;0.036075035482168;0;542315;0;0;99.963922646321;2772.0000455559;0;0;1742727287;0;0;
MathieuMint;7696;7696;13.794507980347;348050;13.805734634399;0;13.805734634399;0;1742727301;0.036075035482168;0;542315;0;0;99.963922646321;2772.0000455559;13.794507980347;0;1742727287;0;0;
