Node;Process;Thread;#max_time_on_cpu_s;#Stop Time US;Time (s);Math (%);#Elapsed Time;String (%);#Stop Time S;Others (%);System (%);#Start Time US;Memory (%);OMP (%);Binary (%);Nb Cycle Events;#max_context_switch_time_s;IO (%);#Start Time S;MPI (%);Pthread (%);
_ALL;_ALL;_ALL;0;371220;13.80583190918;0;13.80583190918;0;1742725308;0.072098074858077;0;565388;0;0;99.927907742051;2773.9991725673;0;0;1742725294;0;0;
MathieuMint;_ALL;_ALL;0;371220;13.80583190918;0;13.80583190918;0;1742725308;0.072098074858077;0;565388;0;0;99.927907742051;2773.9991725673;0;0;1742725294;0;0;
MathieuMint;5253;_ALL;0;371220;13.80583190918;0;13.80583190918;0;1742725308;0.072098074858077;0;565388;0;0;99.927907742051;2773.9991725673;0;0;1742725294;0;0;
MathieuMint;5253;5253;6.7377510070801;371220;13.80583190918;0;13.80583190918;0;1742725308;0.072098074858077;0;565388;0;0;99.927907742051;2773.9991725673;6.7377510070801;0;1742725294;0;0;
