loop_id;module;function_name;function_id;source_info;level;inc_time_p;inc_time_s;inc_time_s_min;inc_time_s_avg;inc_time_s_max;inc_cov_deviation;inc_time_deviation;exc_time_p;exc_time_s;exc_time_s_min;exc_time_s_avg;exc_time_s_max;exc_cov_deviation;exc_time_deviation;nb_threads;flops;
2;measure;kernel;6;kernel.c:52-53;Innermost;97.368431091309;13.44252204895;13.442521095276;13.442521095276;13.442521095276;0;0;97.368431091309;13.44252204895;13.442521095276;13.442521095276;13.442521095276;0;0;1;;
1;measure;kernel;6;kernel.c:52-53;Innermost;2.5234327316284;0.34838086366653;0.34838086366653;0.34838086366653;0.34838086366653;0;0;2.5234327316284;0.34838086366653;0.34838086366653;0.34838086366653;0.34838086366653;0;0;1;;
0;measure;kernel;6;kernel.c:51-52;Outermost;99.927909851074;13.795879364014;13.795880317688;13.795880317688;13.795880317688;0;0;0.036049038171768;0.0049768695607781;0.0049768695607781;0.0049768695607781;0.0049768695607781;0;0;1;;
