Node;Process;Thread;#max_time_on_cpu_s;#Stop Time US;Time (s);Math (%);#Elapsed Time;String (%);#Stop Time S;Others (%);System (%);#Start Time US;Memory (%);OMP (%);Binary (%);Nb Cycle Events;#max_context_switch_time_s;IO (%);#Start Time S;MPI (%);Pthread (%);
_ALL;_ALL;_ALL;0;534614;13.807159423828;0;13.807159423828;0;1742727252;0.14430016923181;0;727455;0;0;99.855703286296;2771.9995210639;0;0;1742727238;0;0;
MathieuMint;_ALL;_ALL;0;534614;13.807159423828;0;13.807159423828;0;1742727252;0.14430016923181;0;727455;0;0;99.855703286296;2771.9995210639;0;0;1742727238;0;0;
MathieuMint;7633;_ALL;0;534614;13.807159423828;0;13.807159423828;0;1742727252;0.14430016923181;0;727455;0;0;99.855703286296;2771.9995210639;0;0;1742727238;0;0;
MathieuMint;7633;7633;9.37672996521;534614;13.807159423828;0;13.807159423828;0;1742727252;0.14430016923181;0;727455;0;0;99.855703286296;2771.9995210639;9.37672996521;0;1742727238;0;0;
