Node;Process;Thread;#max_time_on_cpu_s;#Stop Time US;Time (s);Math (%);#Elapsed Time;String (%);#Stop Time S;Others (%);System (%);#Start Time US;Memory (%);OMP (%);Binary (%);Nb Cycle Events;#max_context_switch_time_s;IO (%);#Start Time S;MPI (%);Pthread (%);
_ALL;_ALL;_ALL;0;492465;13.806171417236;0;13.806171417236;0;1742726645;0.10826413443664;0;686294;0;0;99.891737857088;2771.0006175086;0;0;1742726631;0;0;
MathieuMint;_ALL;_ALL;0;492465;13.806171417236;0;13.806171417236;0;1742726645;0.10826413443664;0;686294;0;0;99.891737857088;2771.0006175086;0;0;1742726631;0;0;
MathieuMint;6879;_ALL;0;492465;13.806171417236;0;13.806171417236;0;1742726645;0.10826413443664;0;686294;0;0;99.891737857088;2771.0006175086;0;0;1742726631;0;0;
MathieuMint;6879;6879;10.337289810181;492465;13.806171417236;0;13.806171417236;0;1742726645;0.10826413443664;0;686294;0;0;99.891737857088;2771.0006175086;10.337289810181;0;1742726631;0;0;
