loop_id;module;function_name;function_id;source_info;level;inc_time_p;inc_time_s;inc_time_s_min;inc_time_s_avg;inc_time_s_max;inc_cov_deviation;inc_time_deviation;exc_time_p;exc_time_s;exc_time_s_min;exc_time_s_avg;exc_time_s_max;exc_cov_deviation;exc_time_deviation;nb_threads;flops;
2;measure;kernel;6;kernel.c:52-53;Innermost;96.71598815918;13.352774620056;13.352774620056;13.352774620056;13.352774620056;0;0;96.71598815918;13.352774620056;13.352774620056;13.352774620056;13.352774620056;0;0;1;;
1;measure;kernel;6;kernel.c:52-53;Innermost;3.1757481098175;0.43844923377037;0.43844920396805;0.43844920396805;0.43844920396805;0;0;3.1757481098175;0.43844923377037;0.43844920396805;0.43844920396805;0.43844920396805;0;0;1;;
