Node;Process;Thread;#max_time_on_cpu_s;#Stop Time US;Time (s);Math (%);#Elapsed Time;String (%);#Stop Time S;Others (%);System (%);#Start Time US;Memory (%);OMP (%);Binary (%);Nb Cycle Events;#max_context_switch_time_s;IO (%);#Start Time S;MPI (%);Pthread (%);
_ALL;_ALL;_ALL;0;794316;13.807213783264;0;13.807213783264;0;1742725210;0.072176132664128;0;987102;0;0;99.927828084162;2770.9991186519;0;0;1742725196;0;0;
MathieuMint;_ALL;_ALL;0;794316;13.807213783264;0;13.807213783264;0;1742725210;0.072176132664128;0;987102;0;0;99.927828084162;2770.9991186519;0;0;1742725196;0;0;
MathieuMint;5127;_ALL;0;794316;13.807213783264;0;13.807213783264;0;1742725210;0.072176132664128;0;987102;0;0;99.927828084162;2770.9991186519;0;0;1742725196;0;0;
MathieuMint;5127;5127;8.0075979232788;794316;13.807213783264;0;13.807213783264;0;1742725210;0.072176132664128;0;987102;0;0;99.927828084162;2770.9991186519;8.0075979232788;0;1742725196;0;0;
