block_id;module;source_info;time_p;time_s;time_s_min;time_s_avg;time_s_max;cov_deviation;time_deviation;nb_threads;flops;
37;measure;kernel.c:52-53;97.221229553223;13.423542976379;13.423543930054;13.423543930054;13.423543930054;0;0;1;;
39;measure;kernel.c:52-53;2.7066049575806;0.37370672821999;0.37370672821999;0.37370672821999;0.37370672821999;0;0;1;;
