Node;Process;Thread;#max_time_on_cpu_s;#Stop Time US;Time (s);Math (%);#Elapsed Time;String (%);#Stop Time S;Others (%);System (%);#Start Time US;Memory (%);OMP (%);Binary (%);Nb Cycle Events;#max_context_switch_time_s;IO (%);#Start Time S;MPI (%);Pthread (%);
_ALL;_ALL;_ALL;0;976447;13.806903839111;0;13.806903839111;0;1742726547;0.036062034209928;0;169543;0;0;99.963932566792;2772.9994214378;0;0;1742726534;0;0;
MathieuMint;_ALL;_ALL;0;976447;13.806903839111;0;13.806903839111;0;1742726547;0.036062034209928;0;169543;0;0;99.963932566792;2772.9994214378;0;0;1742726534;0;0;
MathieuMint;6752;_ALL;0;976447;13.806903839111;0;13.806903839111;0;1742726547;0.036062034209928;0;169543;0;0;99.963932566792;2772.9994214378;0;0;1742726534;0;0;
MathieuMint;6752;6752;7.9762077331543;976447;13.806903839111;0;13.806903839111;0;1742726547;0.036062034209928;0;169543;0;0;99.963932566792;2772.9994214378;7.9762077331543;0;1742726534;0;0;
