loop_id;module;function_name;function_id;source_info;level;inc_time_p;inc_time_s;inc_time_s_min;inc_time_s_avg;inc_time_s_max;inc_cov_deviation;inc_time_deviation;exc_time_p;exc_time_s;exc_time_s_min;exc_time_s_avg;exc_time_s_max;exc_cov_deviation;exc_time_deviation;nb_threads;flops;
2;measure;kernel;6;kernel.c:52-53;Innermost;97.131591796875;13.540801048279;13.540802001953;13.540802001953;13.540802001953;0;0;97.131591796875;13.540801048279;13.540802001953;13.540802001953;13.540802001953;0;0;1;;
1;measure;kernel;6;kernel.c:52-53;Innermost;2.6891355514526;0.37488371133804;0.37488374114037;0.37488374114037;0.37488374114037;0;0;2.6891355514526;0.37488371133804;0.37488374114037;0.37488374114037;0.37488374114037;0;0;1;;
0;measure;kernel;6;kernel.c:51-52;Outermost;99.856582641602;13.920683860779;13.920682907104;13.920682907104;13.920682907104;0;0;0.035855144262314;0.0049984497018158;0.0049984497018158;0.0049984497018158;0.0049984497018158;0;0;1;;
