loop_id;module;function_name;function_id;source_info;level;inc_time_p;inc_time_s;inc_time_s_min;inc_time_s_avg;inc_time_s_max;inc_cov_deviation;inc_time_deviation;exc_time_p;exc_time_s;exc_time_s_min;exc_time_s_avg;exc_time_s_max;exc_cov_deviation;exc_time_deviation;nb_threads;flops;
2;measure;kernel;6;kernel.c:52-53;Innermost;97.401664733887;13.450489044189;13.450489044189;13.450489044189;13.450489044189;0;0;97.401664733887;13.450489044189;13.450489044189;13.450489044189;13.450489044189;0;0;1;;
1;measure;kernel;6;kernel.c:52-53;Innermost;2.4539880752563;0.33887857198715;0.33887860178947;0.33887860178947;0.33887860178947;0;0;2.4539880752563;0.33887857198715;0.33887860178947;0.33887860178947;0.33887860178947;0;0;1;;
0;measure;kernel;6;kernel.c:51-52;Outermost;99.891746520996;13.794351577759;13.794350624084;13.794350624084;13.794350624084;0;0;0.036088060587645;0.0049835084937513;0.00498350802809;0.00498350802809;0.00498350802809;0;0;1;;
