Node;Process;Thread;#max_time_on_cpu_s;#Stop Time US;Time (s);Math (%);#Elapsed Time;String (%);#Stop Time S;Others (%);System (%);#Start Time US;Memory (%);OMP (%);Binary (%);Nb Cycle Events;#max_context_switch_time_s;IO (%);#Start Time S;MPI (%);Pthread (%);
_ALL;_ALL;_ALL;0;927378;13.809300422668;0;13.809300422668;0;1742727089;0.10826417335623;0;118078;0;0;99.891736786097;2770.9996981606;0;0;1742727076;0;0;
MathieuMint;_ALL;_ALL;0;927378;13.809300422668;0;13.809300422668;0;1742727089;0.10826417335623;0;118078;0;0;99.891736786097;2770.9996981606;0;0;1742727076;0;0;
MathieuMint;7412;_ALL;0;927378;13.809300422668;0;13.809300422668;0;1742727089;0.10826417335623;0;118078;0;0;99.891736786097;2770.9996981606;0;0;1742727076;0;0;
MathieuMint;7412;7412;13.798809051514;927378;13.809300422668;0;13.809300422668;0;1742727089;0.10826417335623;0;118078;0;0;99.891736786097;2770.9996981606;13.798809051514;0;1742727076;0;0;
