Node;Process;Thread;#max_time_on_cpu_s;#Stop Time US;Time (s);Math (%);#Elapsed Time;String (%);#Stop Time S;Others (%);System (%);#Start Time US;Memory (%);OMP (%);Binary (%);Nb Cycle Events;#max_context_switch_time_s;IO (%);#Start Time S;MPI (%);Pthread (%);
_ALL;_ALL;_ALL;0;81182;6.9355759620667;0;6.9355759620667;0;1742731419;0.28818446433841;0;145606;0;0;99.711814627897;1387.9998733391;0;0;1742731412;0;0;
MathieuMint;_ALL;_ALL;0;81182;6.9355759620667;0;6.9355759620667;0;1742731419;0.28818446433841;0;145606;0;0;99.711814627897;1387.9998733391;0;0;1742731412;0;0;
MathieuMint;13248;_ALL;0;81182;6.9355759620667;0;6.9355759620667;0;1742731419;0.28818446433841;0;145606;0;0;99.711814627897;1387.9998733391;0;0;1742731412;0;0;
MathieuMint;13248;13248;6.9263072013855;81182;6.9355759620667;0;6.9355759620667;0;1742731419;0.28818446433841;0;145606;0;0;99.711814627897;1387.9998733391;6.9263072013855;0;1742731412;0;0;
