Node;Process;Thread;#max_time_on_cpu_s;#Stop Time US;Time (s);Math (%);#Elapsed Time;String (%);#Stop Time S;Others (%);System (%);#Start Time US;Memory (%);OMP (%);Binary (%);Nb Cycle Events;#max_context_switch_time_s;IO (%);#Start Time S;MPI (%);Pthread (%);
_ALL;_ALL;_ALL;0;182297;2.7499997615814;0;2.7653429508209;0;1742221038;5.0909089478814;0;416954;0;0;94.909091547313;549.99999507163;0;0;1742221035;0;0;
linuxbox;_ALL;_ALL;0;182297;2.7499997615814;0;2.7653429508209;0;1742221038;5.0909089478814;0;416954;0;0;94.909091547313;549.99999507163;0;0;1742221035;0;0;
linuxbox;339886;_ALL;0;182297;2.7499997615814;0;2.7653429508209;0;1742221038;5.0909089478814;0;416954;0;0;94.909091547313;549.99999507163;0;0;1742221035;0;0;
linuxbox;339886;339886;1.176854968071;182297;2.7499997615814;0;2.7653429508209;0;1742221038;5.0909089478814;0;416954;0;0;94.909091547313;549.99999507163;1.176854968071;0;1742221035;0;0;
