block_id;module;source_info;time_p;time_s;time_s_min;time_s_avg;time_s_max;cov_deviation;time_deviation;nb_threads;flops;
109;measure;kernel.c:52-53;84.181816101074;2.3149998188019;2.3149995803833;2.3149995803833;2.3149995803833;0;0;1;;
107;measure;kernel.c:53-53;10.545454978943;0.28999999165535;0.28999999165535;0.28999999165535;0.28999999165535;0;0;1;;
25;measure;driver.c:17-18;0.18181818723679;0.00499999942258;0.00499999942258;0.00499999942258;0.00499999942258;0;0;1;;
