loop_id;module;function_name;function_id;source_info;level;inc_time_p;inc_time_s;inc_time_s_min;inc_time_s_avg;inc_time_s_max;inc_cov_deviation;inc_time_deviation;exc_time_p;exc_time_s;exc_time_s_min;exc_time_s_avg;exc_time_s_max;exc_cov_deviation;exc_time_deviation;nb_threads;flops;
2;measure;kernel;6;kernel.c:52-53;Innermost;96.622360229492;13.419878005981;13.419878005981;13.419878005981;13.419878005981;0;0;96.622360229492;13.419878005981;13.419878005981;13.419878005981;13.419878005981;0;0;1;;
1;measure;kernel;6;kernel.c:52-53;Innermost;3.1261236667633;0.43418723344803;0.43418723344803;0.43418723344803;0.43418723344803;0;0;3.1261236667633;0.43418723344803;0.43418723344803;0.43418723344803;0.43418723344803;0;0;1;;
0;measure;kernel;6;kernel.c:51-52;Outermost;99.964080810547;13.884009361267;13.884009361267;13.884009361267;13.884009361267;0;0;0.21559473872185;0.029943950474262;0.029943950474262;0.029943950474262;0.029943950474262;0;0;1;;
