loop_id;module;function_name;function_id;source_info;level;inc_time_p;inc_time_s;inc_time_s_min;inc_time_s_avg;inc_time_s_max;inc_cov_deviation;inc_time_deviation;exc_time_p;exc_time_s;exc_time_s_min;exc_time_s_avg;exc_time_s_max;exc_cov_deviation;exc_time_deviation;nb_threads;flops;
2;measure;kernel;6;kernel.c:52-53;Innermost;96.971893310547;13.389765739441;13.389764785767;13.389764785767;13.389764785767;0;0;96.971893310547;13.389765739441;13.389764785767;13.389764785767;13.389764785767;0;0;1;;
1;measure;kernel;6;kernel.c:52-53;Innermost;2.847873210907;0.39323100447655;0.39323100447655;0.39323100447655;0.39323100447655;0;0;2.847873210907;0.39323100447655;0.39323100447655;0.39323100447655;0.39323100447655;0;0;1;;
0;measure;kernel;6;kernel.c:51-52;Outermost;99.89185333252;13.792950630188;13.792951583862;13.792951583862;13.792951583862;0;0;0.072098053991795;0.009955215267837;0.009955215267837;0.009955215267837;0.009955215267837;0;0;1;;
