function_id;module;function_name;source_info;inc_time_p;inc_time_s;inc_time_s_min;inc_time_s_avg;inc_time_s_max;inc_cov_deviation;inc_time_deviation;exc_time_p;exc_time_s;exc_time_s_min;exc_time_s_avg;exc_time_s_max;exc_cov_deviation;exc_time_deviation;nb_threads;cats;label_name;flops;
6;measure;kernel;kernel.c:51-55;99.89185333252;13.792950630188;13.792951583862;13.792951583862;13.792951583862;0;0;8.6365088236562e-07;1.1925189369322e-07;1.1925190790407e-07;1.1925190790407e-07;1.1925190790407e-07;0;0;1;"100,0,0,0,0,0,0,0,0,0";kernel;;
217;libc.so.6;random;;0.10814708471298;0.014932823367417;0.014932823367417;0.014932823367417;0.014932823367417;0;0;0.10814708471298;0.014932823367417;0.014932823367417;0.014932823367417;0.014932823367417;0;0;1;"0,0,0,0,0,0,0,0,0,100";random;;
