Node;Process;Thread;#max_time_on_cpu_s;#Stop Time US;Time (s);Math (%);#Elapsed Time;String (%);#Stop Time S;Others (%);System (%);#Start Time US;Memory (%);OMP (%);Binary (%);Nb Cycle Events;#max_context_switch_time_s;IO (%);#Start Time S;MPI (%);Pthread (%);
_ALL;_ALL;_ALL;0;754557;13.810294151306;0;13.810294151306;0;1742725649;0.10814707146066;0.036049024819553;944263;0;0;99.855810604245;2774.0001428765;0;0;1742725635;0;0;
MathieuMint;_ALL;_ALL;0;754557;13.810294151306;0;13.810294151306;0;1742725649;0.10814707146066;0.036049024819553;944263;0;0;99.855810604245;2774.0001428765;0;0;1742725635;0;0;
MathieuMint;5693;_ALL;0;754557;13.810294151306;0;13.810294151306;0;1742725649;0.10814707146066;0.036049024819553;944263;0;0;99.855810604245;2774.0001428765;0;0;1742725635;0;0;
MathieuMint;5693;5693;6.6033291816711;754557;13.810294151306;0;13.810294151306;0;1742725649;0.10814707146066;0.036049024819553;944263;0;0;99.855810604245;2774.0001428765;6.6033291816711;0;1742725635;0;0;
