block_id;module;source_info;time_p;time_s;time_s_min;time_s_avg;time_s_max;cov_deviation;time_deviation;nb_threads;flops;
37;measure;kernel.c:52-53;97.476577758789;13.458572387695;13.458572387695;13.458572387695;13.458572387695;0;0;1;;
39;measure;kernel.c:52-53;2.3431868553162;0.32352337241173;0.32352337241173;0.32352337241173;0.32352337241173;0;0;1;;
33;measure;kernel.c:51-51;0.10814708471298;0.014931847341359;0.014931847341359;0.014931847341359;0.014931847341359;0;0;1;;
