Node;Process;Thread;#max_time_on_cpu_s;#Stop Time US;Time (s);Math (%);#Elapsed Time;String (%);#Stop Time S;Others (%);System (%);#Start Time US;Memory (%);OMP (%);Binary (%);Nb Cycle Events;#max_context_switch_time_s;IO (%);#Start Time S;MPI (%);Pthread (%);
_ALL;_ALL;_ALL;0;601400;13.806981086731;0;13.806981086731;0;1742725882;0.036049028803586;0.036049028803586;794419;0;0;99.927904293256;2773.9998363022;0;0;1742725868;0;0;
MathieuMint;_ALL;_ALL;0;601400;13.806981086731;0;13.806981086731;0;1742725882;0.036049028803586;0.036049028803586;794419;0;0;99.927904293256;2773.9998363022;0;0;1742725868;0;0;
MathieuMint;5937;_ALL;0;601400;13.806981086731;0;13.806981086731;0;1742725882;0.036049028803586;0.036049028803586;794419;0;0;99.927904293256;2773.9998363022;0;0;1742725868;0;0;
MathieuMint;5937;5937;10.776080131531;601400;13.806981086731;0;13.806981086731;0;1742725882;0.036049028803586;0.036049028803586;794419;0;0;99.927904293256;2773.9998363022;10.776080131531;0;1742725868;0;0;
