loop_id;module;function_name;function_id;source_info;level;inc_time_p;inc_time_s;inc_time_s_min;inc_time_s_avg;inc_time_s_max;inc_cov_deviation;inc_time_deviation;exc_time_p;exc_time_s;exc_time_s_min;exc_time_s_avg;exc_time_s_max;exc_cov_deviation;exc_time_deviation;nb_threads;flops;
2;measure;kernel;6;kernel.c:52-53;Innermost;97.476577758789;13.458572387695;13.458572387695;13.458572387695;13.458572387695;0;0;97.476577758789;13.458572387695;13.458572387695;13.458572387695;13.458572387695;0;0;1;;
1;measure;kernel;6;kernel.c:52-53;Innermost;2.3431868553162;0.32352337241173;0.32352337241173;0.32352337241173;0.32352337241173;0;0;2.3431868553162;0.32352337241173;0.32352337241173;0.32352337241173;0.32352337241173;0;0;1;;
0;measure;kernel;6;kernel.c:51-52;Outermost;99.927909851074;13.797027587891;13.797027587891;13.797027587891;13.797027587891;0;0;0.10814708471298;0.014931847341359;0.014931847341359;0.014931847341359;0.014931847341359;0;0;1;;
