loop_id;module;function_name;function_id;source_info;level;inc_time_p;inc_time_s;inc_time_s_min;inc_time_s_avg;inc_time_s_max;inc_cov_deviation;inc_time_deviation;exc_time_p;exc_time_s;exc_time_s_min;exc_time_s_avg;exc_time_s_max;exc_cov_deviation;exc_time_deviation;nb_threads;flops;
2;measure;kernel;6;kernel.c:52-53;Innermost;97.51171875;13.465423583984;13.465421676636;13.465421676636;13.465421676636;0;0;97.51171875;13.465423583984;13.465421676636;13.465421676636;13.465421676636;0;0;1;;
1;measure;kernel;6;kernel.c:52-53;Innermost;2.2719078063965;0.31372845172882;0.31372845172882;0.31372845172882;0.31372845172882;0;0;2.2719078063965;0.31372845172882;0.31372845172882;0.31372845172882;0.31372845172882;0;0;1;;
0;measure;kernel;6;kernel.c:51-52;Outermost;99.891807556152;13.794090270996;13.794090270996;13.794090270996;13.794090270996;0;0;0.10818608105183;0.014939449727535;0.014939448796213;0.014939448796213;0.014939448796213;0;0;1;;
