block_id;module;source_info;time_p;time_s;time_s_min;time_s_avg;time_s_max;cov_deviation;time_deviation;nb_threads;flops;
37;measure;kernel.c:52-53;97.51171875;13.465423583984;13.465421676636;13.465421676636;13.465421676636;0;0;1;;
39;measure;kernel.c:52-53;2.2719078063965;0.31372845172882;0.31372845172882;0.31372845172882;0.31372845172882;0;0;1;;
33;measure;kernel.c:51-51;0.10818608105183;0.014939449727535;0.014939448796213;0.014939448796213;0.014939448796213;0;0;1;;
