function_id;module;function_name;source_info;inc_time_p;inc_time_s;inc_time_s_min;inc_time_s_avg;inc_time_s_max;inc_cov_deviation;inc_time_deviation;exc_time_p;exc_time_s;exc_time_s_min;exc_time_s_avg;exc_time_s_max;exc_cov_deviation;exc_time_deviation;nb_threads;cats;label_name;flops;
6;measure;kernel;kernel.c:51-55;99.963920593262;13.804285049438;13.804285049438;13.804285049438;13.804285049438;0;0;0;0;0;0;0;0;0;1;"100,0,0,0,0,0,0,0,0,0";kernel;;
217;libc.so.6;random;;0.036075036972761;0.0049816980026662;0.0049816980026662;0.0049816980026662;0.0049816980026662;0;0;0.036075036972761;0.0049816980026662;0.0049816980026662;0.0049816980026662;0.0049816980026662;0;0;1;"0,0,0,0,0,0,0,0,0,100";random;;
