loop_id;module;function_name;function_id;source_info;level;inc_time_p;inc_time_s;inc_time_s_min;inc_time_s_avg;inc_time_s_max;inc_cov_deviation;inc_time_deviation;exc_time_p;exc_time_s;exc_time_s_min;exc_time_s_avg;exc_time_s_max;exc_cov_deviation;exc_time_deviation;nb_threads;flops;
2;measure;kernel;6;kernel.c:52-53;Innermost;97.222221374512;13.425676345825;13.425675392151;13.425675392151;13.425675392151;0;0;97.222221374512;13.425676345825;13.425675392151;13.425675392151;13.425675392151;0;0;1;;
1;measure;kernel;6;kernel.c:52-53;Innermost;2.7056279182434;0.37362736463547;0.37362736463547;0.37362736463547;0.37362736463547;0;0;2.7056279182434;0.37362736463547;0.37362736463547;0.37362736463547;0.37362736463547;0;0;1;;
0;measure;kernel;6;kernel.c:51-52;Outermost;99.963920593262;13.804285049438;13.804285049438;13.804285049438;13.804285049438;0;0;0.036075036972761;0.0049816980026662;0.0049816980026662;0.0049816980026662;0.0049816980026662;0;0;1;;
