loop_id;module;function_name;function_id;source_info;level;inc_time_p;inc_time_s;inc_time_s_min;inc_time_s_avg;inc_time_s_max;inc_cov_deviation;inc_time_deviation;exc_time_p;exc_time_s;exc_time_s_min;exc_time_s_avg;exc_time_s_max;exc_cov_deviation;exc_time_deviation;nb_threads;flops;
2;measure;kernel;6;kernel.c:52-53;Innermost;96.836807250977;6.7177791595459;6.7177796363831;6.7177796363831;6.7177796363831;0;0;96.836807250977;6.7177791595459;6.7177796363831;6.7177796363831;6.7177796363831;0;0;1;;
1;measure;kernel;6;kernel.c:52-53;Innermost;2.8756279945374;0.19948855042458;0.19948853552341;0.19948853552341;0.19948853552341;0;0;2.8756279945374;0.19948855042458;0.19948853552341;0.19948853552341;0.19948853552341;0;0;1;;
