block_id;module;source_info;time_p;time_s;time_s_min;time_s_avg;time_s_max;cov_deviation;time_deviation;nb_threads;flops;
37;measure;kernel.c:52-53;96.836807250977;6.7177791595459;6.7177796363831;6.7177796363831;6.7177796363831;0;0;1;;
39;measure;kernel.c:52-53;2.8756279945374;0.19948855042458;0.19948853552341;0.19948853552341;0.19948853552341;0;0;1;;
