loop_id;module;function_name;function_id;source_info;level;inc_time_p;inc_time_s;inc_time_s_min;inc_time_s_avg;inc_time_s_max;inc_cov_deviation;inc_time_deviation;exc_time_p;exc_time_s;exc_time_s_min;exc_time_s_avg;exc_time_s_max;exc_cov_deviation;exc_time_deviation;nb_threads;flops;
2;measure;kernel;6;kernel.c:52-53;Innermost;97.116081237793;13.418493270874;13.4184923172;13.4184923172;13.4184923172;0;0;97.116081237793;13.418493270874;13.4184923172;13.4184923172;13.4184923172;0;0;1;;
1;measure;kernel;6;kernel.c:52-53;Innermost;2.8118245601654;0.38850876688957;0.38850873708725;0.38850873708725;0.38850873708725;0;0;2.8118245601654;0.38850876688957;0.38850873708725;0.38850873708725;0.38850873708725;0;0;1;;
0;measure;kernel;6;kernel.c:51-52;Outermost;100;13.816963195801;13.816963195801;13.816963195801;13.816963195801;0;0;0.072098061442375;0.0099617624655366;0.0099617624655366;0.0099617624655366;0.0099617624655366;0;0;1;;
