loop_id;module;function_name;function_id;source_info;level;inc_time_p;inc_time_s;inc_time_s_min;inc_time_s_avg;inc_time_s_max;inc_cov_deviation;inc_time_deviation;exc_time_p;exc_time_s;exc_time_s_min;exc_time_s_avg;exc_time_s_max;exc_cov_deviation;exc_time_deviation;nb_threads;flops;
2;measure;kernel;6;kernel.c:52-53;Innermost;97.006866455078;13.393999099731;13.393999099731;13.393999099731;13.393999099731;0;0;97.006866455078;13.393999099731;13.393999099731;13.393999099731;13.393999099731;0;0;1;;
1;measure;kernel;6;kernel.c:52-53;Innermost;2.8128392696381;0.38837629556656;0.38837626576424;0.38837626576424;0.38837626576424;0;0;2.8128392696381;0.38837629556656;0.38837626576424;0.38837626576424;0.38837626576424;0;0;1;;
0;measure;kernel;6;kernel.c:51-52;Outermost;99.891830444336;13.792333602905;13.792333602905;13.792333602905;13.792333602905;0;0;0.07212407886982;0.0099583650007844;0.0099583650007844;0.0099583650007844;0.0099583650007844;0;0;1;;
