Node;Process;Thread;#max_time_on_cpu_s;#Stop Time US;Time (s);Math (%);#Elapsed Time;String (%);#Stop Time S;Others (%);System (%);#Start Time US;Memory (%);OMP (%);Binary (%);Nb Cycle Events;#max_context_switch_time_s;IO (%);#Start Time S;MPI (%);Pthread (%);
_ALL;_ALL;_ALL;0;825489;13.806602478027;0;13.806602478027;0;1742726207;0.072150068826232;0;18887;0;0;99.927850698981;2772.0001277017;0;0;1742726194;0;0;
MathieuMint;_ALL;_ALL;0;825489;13.806602478027;0;13.806602478027;0;1742726207;0.072150068826232;0;18887;0;0;99.927850698981;2772.0001277017;0;0;1742726194;0;0;
MathieuMint;6366;_ALL;0;825489;13.806602478027;0;13.806602478027;0;1742726207;0.072150068826232;0;18887;0;0;99.927850698981;2772.0001277017;0;0;1742726194;0;0;
MathieuMint;6366;6366;5.4312839508057;825489;13.806602478027;0;13.806602478027;0;1742726207;0.072150068826232;0;18887;0;0;99.927850698981;2772.0001277017;5.4312839508057;0;1742726194;0;0;
