Node;Process;Thread;#max_time_on_cpu_s;#Stop Time US;Time (s);Math (%);#Elapsed Time;String (%);#Stop Time S;Others (%);System (%);#Start Time US;Memory (%);OMP (%);Binary (%);Nb Cycle Events;#max_context_switch_time_s;IO (%);#Start Time S;MPI (%);Pthread (%);
_ALL;_ALL;_ALL;0;654928;0.49000000953674;0;0.50551402568817;0;1742770180;0;0;149414;0;0;100;98;0;0;1742770180;0;0;
PCMINT;_ALL;_ALL;0;654928;0.49000000953674;0;0.50551402568817;0;1742770180;0;0;149414;0;0;100;98;0;0;1742770180;0;0;
PCMINT;795028;_ALL;0;654928;0.49000000953674;0;0.50551402568817;0;1742770180;0;0;149414;0;0;100;98;0;0;1742770180;0;0;
PCMINT;795028;795028;0;654928;0.49000000953674;0;0.50551402568817;0;1742770180;0;0;149414;0;0;100;98;0;0;1742770180;0;0;
