loop_id;module;function_name;function_id;source_info;level;inc_time_p;inc_time_s;inc_time_s_min;inc_time_s_avg;inc_time_s_max;inc_cov_deviation;inc_time_deviation;exc_time_p;exc_time_s;exc_time_s_min;exc_time_s_avg;exc_time_s_max;exc_cov_deviation;exc_time_deviation;nb_threads;flops;
2;measure;kernel;6;kernel.c:52-53;Innermost;97.224227905273;13.423127174377;13.423127174377;13.423127174377;13.423127174377;0;0;97.224227905273;13.423127174377;13.423127174377;13.423127174377;13.423127174377;0;0;1;;
1;measure;kernel;6;kernel.c:52-53;Innermost;2.5955302715302;0.3583482503891;0.3583482503891;0.3583482503891;0.3583482503891;0;0;2.5955302715302;0.3583482503891;0.3583482503891;0.3583482503891;0.3583482503891;0;0;1;;
0;measure;kernel;6;kernel.c:51-52;Outermost;99.89185333252;13.791429519653;13.791428565979;13.791428565979;13.791428565979;0;0;0.072098068892956;0.0099541191011667;0.0099541181698442;0.0099541181698442;0.0099541181698442;0;0;1;;
