function_id;module;function_name;source_info;inc_time_p;inc_time_s;inc_time_s_min;inc_time_s_avg;inc_time_s_max;inc_cov_deviation;inc_time_deviation;exc_time_p;exc_time_s;exc_time_s_min;exc_time_s_avg;exc_time_s_max;exc_cov_deviation;exc_time_deviation;nb_threads;cats;label_name;flops;
6;measure;kernel;kernel.c:51-55;99.891815185547;13.795172691345;13.795171737671;13.795171737671;13.795171737671;0;0;6.3316251726064e-06;8.7440457718913e-07;8.7440463403254e-07;8.7440463403254e-07;8.7440463403254e-07;0;0;1;"100,0,0,0,0,0,0,0,0,0";kernel;;
217;libc.so.6;random;;0.10818607360125;0.014940619468689;0.014940618537366;0.014940618537366;0.014940618537366;0;0;0.10818607360125;0.014940619468689;0.014940618537366;0.014940618537366;0.014940618537366;0;0;1;"0,0,0,0,0,0,0,0,0,100";random;;
