Node;Process;Thread;#max_time_on_cpu_s;#Stop Time US;Time (s);Math (%);#Elapsed Time;String (%);#Stop Time S;Others (%);System (%);#Start Time US;Memory (%);OMP (%);Binary (%);Nb Cycle Events;#max_context_switch_time_s;IO (%);#Start Time S;MPI (%);Pthread (%);
_ALL;_ALL;_ALL;0;694082;13.807888031006;0;13.807888031006;0;1742727138;0.036088056202033;0;886194;0;0;99.963912645391;2770.9998964801;0;0;1742727124;0;0;
MathieuMint;_ALL;_ALL;0;694082;13.807888031006;0;13.807888031006;0;1742727138;0.036088056202033;0;886194;0;0;99.963912645391;2770.9998964801;0;0;1742727124;0;0;
MathieuMint;7475;_ALL;0;694082;13.807888031006;0;13.807888031006;0;1742727138;0.036088056202033;0;886194;0;0;99.963912645391;2770.9998964801;0;0;1742727124;0;0;
MathieuMint;7475;7475;13.797815322876;694082;13.807888031006;0;13.807888031006;0;1742727138;0.036088056202033;0;886194;0;0;99.963912645391;2770.9998964801;13.797815322876;0;1742727124;0;0;
