block_id;module;source_info;time_p;time_s;time_s_min;time_s_avg;time_s_max;cov_deviation;time_deviation;nb_threads;flops;
37;measure;kernel.c:52-53;97.257308959961;13.429180145264;13.429180145264;13.429180145264;13.429180145264;0;0;1;;
39;measure;kernel.c:52-53;2.7066042423248;0.37372487783432;0.37372487783432;0.37372487783432;0.37372487783432;0;0;1;;
