loop_id;module;function_name;function_id;source_info;level;inc_time_p;inc_time_s;inc_time_s_min;inc_time_s_avg;inc_time_s_max;inc_cov_deviation;inc_time_deviation;exc_time_p;exc_time_s;exc_time_s_min;exc_time_s_avg;exc_time_s_max;exc_cov_deviation;exc_time_deviation;nb_threads;flops;
2;measure;kernel;6;kernel.c:52-53;Innermost;97.21044921875;13.720465660095;13.720465660095;13.720465660095;13.720465660095;0;0;97.21044921875;13.720465660095;13.720465660095;13.720465660095;13.720465660095;0;0;1;;
1;measure;kernel;6;kernel.c:52-53;Innermost;2.6129941940308;0.36880293488503;0.36880293488503;0.36880293488503;0.36880293488503;0;0;2.6129941940308;0.36880293488503;0.36880293488503;0.36880293488503;0.36880293488503;0;0;1;;
0;measure;kernel;6;kernel.c:51-52;Outermost;99.894065856934;14.099236488342;14.099236488342;14.099236488342;14.099236488342;0;0;0.070621468126774;0.0099676474928856;0.0099676474928856;0.0099676474928856;0.0099676474928856;0;0;1;;
