Node;Process;Thread;#max_time_on_cpu_s;#Stop Time US;Time (s);Math (%);#Elapsed Time;String (%);#Stop Time S;Others (%);System (%);#Start Time US;Memory (%);OMP (%);Binary (%);Nb Cycle Events;#max_context_switch_time_s;IO (%);#Start Time S;MPI (%);Pthread (%);
_ALL;_ALL;_ALL;0;4911;14.114188194275;0;14.114188194275;0;1742724205;0.070621467898692;0;890723;0;0;99.929381073274;2832.0000412184;0;0;1742724190;0;0;
MathieuMint;_ALL;_ALL;0;4911;14.114188194275;0;14.114188194275;0;1742724205;0.070621467898692;0;890723;0;0;99.929381073274;2832.0000412184;0;0;1742724190;0;0;
MathieuMint;3968;_ALL;0;4911;14.114188194275;0;14.114188194275;0;1742724205;0.070621467898692;0;890723;0;0;99.929381073274;2832.0000412184;0;0;1742724190;0;0;
MathieuMint;3968;3968;5.8852820396423;4911;14.114188194275;0;14.114188194275;0;1742724205;0.070621467898692;0;890723;0;0;99.929381073274;2832.0000412184;5.8852820396423;0;1742724190;0;0;
