function_id;module;function_name;source_info;inc_time_p;inc_time_s;inc_time_s_min;inc_time_s_avg;inc_time_s_max;inc_cov_deviation;inc_time_deviation;exc_time_p;exc_time_s;exc_time_s_min;exc_time_s_avg;exc_time_s_max;exc_cov_deviation;exc_time_deviation;nb_threads;cats;label_name;flops;
6;measure;kernel;kernel.c:51-55;99.929382324219;14.10422039032;14.104221343994;14.104221343994;14.104221343994;0;0;0.035318002104759;0.0049848491325974;0.0049848495982587;0.0049848495982587;0.0049848495982587;0;0;1;"100,0,0,0,0,0,0,0,0,0";kernel;;
217;libc.so.6;random;;0.070621468126774;0.0099676474928856;0.0099676474928856;0.0099676474928856;0.0099676474928856;0;0;0.070621468126774;0.0099676474928856;0.0099676474928856;0.0099676474928856;0.0099676474928856;0;0;1;"0,0,0,0,0,0,0,0,0,100";random;;
