block_id;module;source_info;time_p;time_s;time_s_min;time_s_avg;time_s_max;cov_deviation;time_deviation;nb_threads;flops;
37;measure;kernel.c:52-53;97.21044921875;13.720465660095;13.720465660095;13.720465660095;13.720465660095;0;0;1;;
39;measure;kernel.c:52-53;2.6129941940308;0.36880293488503;0.36880293488503;0.36880293488503;0.36880293488503;0;0;1;;
33;measure;kernel.c:51-51;0.070621468126774;0.0099676474928856;0.0099676474928856;0.0099676474928856;0.0099676474928856;0;0;1;;
34;measure;kernel.c:52-55;0.035310734063387;0.0049838237464428;0.0049838237464428;0.0049838237464428;0.0049838237464428;0;0;1;;
