block_id;module;source_info;time_p;time_s;time_s_min;time_s_avg;time_s_max;cov_deviation;time_deviation;nb_threads;flops;
37;measure;kernel.c:52-53;97.258293151855;13.434447288513;13.434447288513;13.434447288513;13.434447288513;0;0;1;;
39;measure;kernel.c:52-53;2.6695530414581;0.36874973773956;0.36874973773956;0.36874973773956;0.36874973773956;0;0;1;;
33;measure;kernel.c:51-51;0.072150073945522;0.0099662076681852;0.0099662085995078;0.0099662085995078;0.0099662085995078;0;0;1;;
