loop_id;module;function_name;function_id;source_info;level;inc_time_p;inc_time_s;inc_time_s_min;inc_time_s_avg;inc_time_s_max;inc_cov_deviation;inc_time_deviation;exc_time_p;exc_time_s;exc_time_s_min;exc_time_s_avg;exc_time_s_max;exc_cov_deviation;exc_time_deviation;nb_threads;flops;
2;measure;kernel;6;kernel.c:52-53;Innermost;97.258293151855;13.434447288513;13.434447288513;13.434447288513;13.434447288513;0;0;97.258293151855;13.434447288513;13.434447288513;13.434447288513;13.434447288513;0;0;1;;
1;measure;kernel;6;kernel.c:52-53;Innermost;2.6695530414581;0.36874973773956;0.36874973773956;0.36874973773956;0.36874973773956;0;0;2.6695530414581;0.36874973773956;0.36874973773956;0.36874973773956;0.36874973773956;0;0;1;;
0;measure;kernel;6;kernel.c:51-52;Outermost;100;13.813163757324;13.81316280365;13.81316280365;13.81316280365;0;0;0.072150073945522;0.0099662076681852;0.0099662085995078;0.0099662085995078;0.0099662085995078;0;0;1;;
