Node;Process;Thread;#max_time_on_cpu_s;#Stop Time US;Time (s);Math (%);#Elapsed Time;String (%);#Stop Time S;Others (%);System (%);#Start Time US;Memory (%);OMP (%);Binary (%);Nb Cycle Events;#max_context_switch_time_s;IO (%);#Start Time S;MPI (%);Pthread (%);
_ALL;_ALL;_ALL;0;629283;13.808850288391;0;13.808850288391;0;1742726401;0.036101083238128;0;820433;0;0;99.963896656296;2769.9999842217;0;0;1742726387;0;0;
MathieuMint;_ALL;_ALL;0;629283;13.808850288391;0;13.808850288391;0;1742726401;0.036101083238128;0;820433;0;0;99.963896656296;2769.9999842217;0;0;1742726387;0;0;
MathieuMint;6565;_ALL;0;629283;13.808850288391;0;13.808850288391;0;1742726401;0.036101083238128;0;820433;0;0;99.963896656296;2769.9999842217;0;0;1742726387;0;0;
MathieuMint;6565;6565;13.799216270447;629283;13.808850288391;0;13.808850288391;0;1742726401;0.036101083238128;0;820433;0;0;99.963896656296;2769.9999842217;13.799216270447;0;1742726387;0;0;
