Node;Process;Thread;#max_time_on_cpu_s;#Stop Time US;Time (s);Math (%);#Elapsed Time;String (%);#Stop Time S;Others (%);System (%);#Start Time US;Memory (%);OMP (%);Binary (%);Nb Cycle Events;#max_context_switch_time_s;IO (%);#Start Time S;MPI (%);Pthread (%);
_ALL;_ALL;_ALL;0;145256;7.068332195282;0;7.068332195282;0;1742731308;0;0.070621437922211;76924;0;0;99.929378327558;1416.0006216547;0;0;1742731301;0;0;
MathieuMint;_ALL;_ALL;0;145256;7.068332195282;0;7.068332195282;0;1742731308;0;0.070621437922211;76924;0;0;99.929378327558;1416.0006216547;0;0;1742731301;0;0;
MathieuMint;12959;_ALL;0;145256;7.068332195282;0;7.068332195282;0;1742731308;0;0.070621437922211;76924;0;0;99.929378327558;1416.0006216547;0;0;1742731301;0;0;
MathieuMint;12959;12959;3.8203749656677;145256;7.068332195282;0;7.068332195282;0;1742731308;0;0.070621437922211;76924;0;0;99.929378327558;1416.0006216547;3.8203749656677;0;1742731301;0;0;
