Node;Process;Thread;#max_time_on_cpu_s;#Stop Time US;Time (s);Math (%);#Elapsed Time;String (%);#Stop Time S;Others (%);System (%);#Start Time US;Memory (%);OMP (%);Binary (%);Nb Cycle Events;#max_context_switch_time_s;IO (%);#Start Time S;MPI (%);Pthread (%);
_ALL;_ALL;_ALL;0;190048;18.418306350708;0;18.418306350708;0;1742823912;0.054229933314789;0.027114966657394;771742;0;0;99.91864435622;3688.0001094425;0;0;1742823893;0;0;
MathieuMint;_ALL;_ALL;0;190048;18.418306350708;0;18.418306350708;0;1742823912;0.054229933314789;0.027114966657394;771742;0;0;99.91864435622;3688.0001094425;0;0;1742823893;0;0;
MathieuMint;13346;_ALL;0;190048;18.418306350708;0;18.418306350708;0;1742823912;0.054229933314789;0.027114966657394;771742;0;0;99.91864435622;3688.0001094425;0;0;1742823893;0;0;
MathieuMint;13346;13346;7.5432081222534;190048;18.418306350708;0;18.418306350708;0;1742823912;0.054229933314789;0.027114966657394;771742;0;0;99.91864435622;3688.0001094425;7.5432081222534;0;1742823893;0;0;
