loop_id;module;function_name;function_id;source_info;level;inc_time_p;inc_time_s;inc_time_s_min;inc_time_s_avg;inc_time_s_max;inc_cov_deviation;inc_time_deviation;exc_time_p;exc_time_s;exc_time_s_min;exc_time_s_avg;exc_time_s_max;exc_cov_deviation;exc_time_deviation;nb_threads;flops;
2;measure;kernel;6;kernel.c:52-53;Innermost;97.008995056152;13.398434638977;13.398432731628;13.398432731628;13.398432731628;0;0;97.008995056152;13.398434638977;13.398432731628;13.398432731628;13.398432731628;0;0;1;;
1;measure;kernel;6;kernel.c:52-53;Innermost;2.8108103275299;0.38821613788605;0.38821613788605;0.38821613788605;0.38821613788605;0;0;2.8108103275299;0.38821613788605;0.38821613788605;0.38821613788605;0.38821613788605;0;0;1;;
0;measure;kernel;6;kernel.c:51-52;Outermost;99.927909851074;13.801580429077;13.801580429077;13.801580429077;13.801580429077;0;0;0.10810808092356;0.014931387268007;0.014931388199329;0.014931388199329;0.014931388199329;0;0;1;;
