block_id;module;source_info;time_p;time_s;time_s_min;time_s_avg;time_s_max;cov_deviation;time_deviation;nb_threads;flops;
37;measure;kernel.c:52-53;97.548667907715;6.7603287696838;6.7603287696838;6.7603287696838;6.7603287696838;0;0;1;;
39;measure;kernel.c:52-53;2.2350392341614;0.15489293634892;0.15489296615124;0.15489296615124;0.15489296615124;0;0;1;;
