Node;Process;Thread;#max_time_on_cpu_s;#Stop Time US;Time (s);Math (%);#Elapsed Time;String (%);#Stop Time S;Others (%);System (%);#Start Time US;Memory (%);OMP (%);Binary (%);Nb Cycle Events;#max_context_switch_time_s;IO (%);#Start Time S;MPI (%);Pthread (%);
_ALL;_ALL;_ALL;0;837076;6.9470639228821;0;6.9470639228821;0;1742731363;0.07189070969474;0;890012;0;0;99.928114995453;1391.0003173514;0;0;1742731356;0;0;
MathieuMint;_ALL;_ALL;0;837076;6.9470639228821;0;6.9470639228821;0;1742731363;0.07189070969474;0;890012;0;0;99.928114995453;1391.0003173514;0;0;1742731356;0;0;
MathieuMint;13103;_ALL;0;837076;6.9470639228821;0;6.9470639228821;0;1742731363;0.07189070969474;0;890012;0;0;99.928114995453;1391.0003173514;0;0;1742731356;0;0;
MathieuMint;13103;13103;2.2169508934021;837076;6.9470639228821;0;6.9470639228821;0;1742731363;0.07189070969474;0;890012;0;0;99.928114995453;1391.0003173514;2.2169508934021;0;1742731356;0;0;
