Node;Process;Thread;#max_time_on_cpu_s;#Stop Time US;Time (s);Math (%);#Elapsed Time;String (%);#Stop Time S;Others (%);System (%);#Start Time US;Memory (%);OMP (%);Binary (%);Nb Cycle Events;#max_context_switch_time_s;IO (%);#Start Time S;MPI (%);Pthread (%);
_ALL;_ALL;_ALL;0;787086;13.810579299927;0;13.810579299927;0;1742726142;0.10822509410267;0.036075029368609;976507;0;0;99.855691942704;2772.0005153209;0;0;1742726128;0;0;
MathieuMint;_ALL;_ALL;0;787086;13.810579299927;0;13.810579299927;0;1742726142;0.10822509410267;0.036075029368609;976507;0;0;99.855691942704;2772.0005153209;0;0;1742726128;0;0;
MathieuMint;6275;_ALL;0;787086;13.810579299927;0;13.810579299927;0;1742726142;0.10822509410267;0.036075029368609;976507;0;0;99.855691942704;2772.0005153209;0;0;1742726128;0;0;
MathieuMint;6275;6275;9.7091035842896;787086;13.810579299927;0;13.810579299927;0;1742726142;0.10822509410267;0.036075029368609;976507;0;0;99.855691942704;2772.0005153209;9.7091035842896;0;1742726128;0;0;
