Node;Process;Thread;#max_time_on_cpu_s;#Stop Time US;Time (s);Math (%);#Elapsed Time;String (%);#Stop Time S;Others (%);System (%);#Start Time US;Memory (%);OMP (%);Binary (%);Nb Cycle Events;#max_context_switch_time_s;IO (%);#Start Time S;MPI (%);Pthread (%);
_ALL;_ALL;_ALL;0;727718;0.040000002831221;0;0.043671999126673;0;1742220852;0;0;684046;0;0;100;8.0000005188108;0;0;1742220852;0;0;
linuxbox;_ALL;_ALL;0;727718;0.040000002831221;0;0.043671999126673;0;1742220852;0;0;684046;0;0;100;8.0000005188108;0;0;1742220852;0;0;
linuxbox;339626;_ALL;0;727718;0.040000002831221;0;0.043671999126673;0;1742220852;0;0;684046;0;0;100;8.0000005188108;0;0;1742220852;0;0;
linuxbox;339626;339626;0.035030998289585;727718;0.040000002831221;0;0.043671999126673;0;1742220852;0;0;684046;0;0;100;8.0000005188108;0.035030998289585;0;1742220852;0;0;
