block_id;module;source_info;time_p;time_s;time_s_min;time_s_avg;time_s_max;cov_deviation;time_deviation;nb_threads;flops;
109;measure;kernel.c:52-53;87.5;0.035000003874302;0.035000003874302;0.035000003874302;0.035000003874302;0;0;1;;
107;measure;kernel.c:53-53;12.499999046326;0.0049999998882413;0.0050000003539026;0.0050000003539026;0.0050000003539026;0;0;1;;
