Node;Process;Thread;#max_time_on_cpu_s;#Stop Time US;Time (s);Math (%);#Elapsed Time;String (%);#Stop Time S;Others (%);System (%);#Start Time US;Memory (%);OMP (%);Binary (%);Nb Cycle Events;#max_context_switch_time_s;IO (%);#Start Time S;MPI (%);Pthread (%);
_ALL;_ALL;_ALL;0;895992;0.17000000178814;0;0.17174999415874;0;1742221025;0;0;724242;0;0;100;34;0;0;1742221025;0;0;
linuxbox;_ALL;_ALL;0;895992;0.17000000178814;0;0.17174999415874;0;1742221025;0;0;724242;0;0;100;34;0;0;1742221025;0;0;
linuxbox;339798;_ALL;0;895992;0.17000000178814;0;0.17174999415874;0;1742221025;0;0;724242;0;0;100;34;0;0;1742221025;0;0;
linuxbox;339798;339798;0.16522799432278;895992;0.17000000178814;0;0.17174999415874;0;1742221025;0;0;724242;0;0;100;34;0.16522799432278;0;1742221025;0;0;
