Node;Process;Thread;#max_time_on_cpu_s;#Stop Time US;Time (s);Math (%);#Elapsed Time;String (%);#Stop Time S;Others (%);System (%);#Start Time US;Memory (%);OMP (%);Binary (%);Nb Cycle Events;#max_context_switch_time_s;IO (%);#Start Time S;MPI (%);Pthread (%);
_ALL;_ALL;_ALL;0;6132;1.3550000190735;0;1.3564510345459;0;1744402836;0;0;649681;0;0;99.99999785557;271.0000223324;0;0;1744402834;0;0;
MathieuMint;_ALL;_ALL;0;6132;1.3550000190735;0;1.3564510345459;0;1744402836;0;0;649681;0;0;99.99999785557;271.0000223324;0;0;1744402834;0;0;
MathieuMint;13901;_ALL;0;6132;1.3550000190735;0;1.3564510345459;0;1744402836;0;0;649681;0;0;99.99999785557;271.0000223324;0;0;1744402834;0;0;
MathieuMint;13901;13901;1.0372760295868;6132;1.3550000190735;0;1.3564510345459;0;1744402836;0;0;649681;0;0;99.99999785557;271.0000223324;1.0372760295868;0;1744402834;0;0;
