Node;Process;Thread;#max_time_on_cpu_s;#Stop Time US;Time (s);Math (%);#Elapsed Time;String (%);#Stop Time S;Others (%);System (%);#Start Time US;Memory (%);OMP (%);Binary (%);Nb Cycle Events;#max_context_switch_time_s;IO (%);#Start Time S;MPI (%);Pthread (%);
_ALL;_ALL;_ALL;0;16640;13.805668830872;0;13.805668830872;0;1742724384;0.10814707042112;0;210971;0;0;99.891853637255;2774.0001695248;0;0;1742724370;0;0;
MathieuMint;_ALL;_ALL;0;16640;13.805668830872;0;13.805668830872;0;1742724384;0.10814707042112;0;210971;0;0;99.891853637255;2774.0001695248;0;0;1742724370;0;0;
MathieuMint;4271;_ALL;0;16640;13.805668830872;0;13.805668830872;0;1742724384;0.10814707042112;0;210971;0;0;99.891853637255;2774.0001695248;0;0;1742724370;0;0;
MathieuMint;4271;4271;13.797085762024;16640;13.805668830872;0;13.805668830872;0;1742724384;0.10814707042112;0;210971;0;0;99.891853637255;2774.0001695248;13.797085762024;0;1742724370;0;0;
