Node;Process;Thread;#max_time_on_cpu_s;#Stop Time US;Time (s);Math (%);#Elapsed Time;String (%);#Stop Time S;Others (%);System (%);#Start Time US;Memory (%);OMP (%);Binary (%);Nb Cycle Events;#max_context_switch_time_s;IO (%);#Start Time S;MPI (%);Pthread (%);
_ALL;_ALL;_ALL;0;216763;6.9771618843079;0;6.9771618843079;0;1742731336;0;0;239601;0;0;100;1397.0000940697;0;0;1742731329;0;0;
MathieuMint;_ALL;_ALL;0;216763;6.9771618843079;0;6.9771618843079;0;1742731336;0;0;239601;0;0;100;1397.0000940697;0;0;1742731329;0;0;
MathieuMint;13035;_ALL;0;216763;6.9771618843079;0;6.9771618843079;0;1742731336;0;0;239601;0;0;100;1397.0000940697;0;0;1742731329;0;0;
MathieuMint;13035;13035;3.5895490646362;216763;6.9771618843079;0;6.9771618843079;0;1742731336;0;0;239601;0;0;100;1397.0000940697;3.5895490646362;0;1742731329;0;0;
