Node;Process;Thread;#max_time_on_cpu_s;#Stop Time US;Time (s);Math (%);#Elapsed Time;String (%);#Stop Time S;Others (%);System (%);#Start Time US;Memory (%);OMP (%);Binary (%);Nb Cycle Events;#max_context_switch_time_s;IO (%);#Start Time S;MPI (%);Pthread (%);
_ALL;_ALL;_ALL;0;889453;0.49000000953674;0;0.50550901889801;0;1742770357;0;0;383944;0;0;100;98;0;0;1742770357;0;0;
PCMINT;_ALL;_ALL;0;889453;0.49000000953674;0;0.50550901889801;0;1742770357;0;0;383944;0;0;100;98;0;0;1742770357;0;0;
PCMINT;797730;_ALL;0;889453;0.49000000953674;0;0.50550901889801;0;1742770357;0;0;383944;0;0;100;98;0;0;1742770357;0;0;
PCMINT;797730;797730;0;889453;0.49000000953674;0;0.50550901889801;0;1742770357;0;0;383944;0;0;100;98;0;0;1742770357;0;0;
