Node;Process;Thread;#max_time_on_cpu_s;#Stop Time US;Time (s);Math (%);#Elapsed Time;String (%);#Stop Time S;Others (%);System (%);#Start Time US;Memory (%);OMP (%);Binary (%);Nb Cycle Events;#max_context_switch_time_s;IO (%);#Start Time S;MPI (%);Pthread (%);
_ALL;_ALL;_ALL;0;479629;13.805747032166;0;13.805747032166;0;1742726580;0.10838150039266;0;673882;0;0;99.891627092981;2768.0000637849;0;0;1742726566;0;0;
MathieuMint;_ALL;_ALL;0;479629;13.805747032166;0;13.805747032166;0;1742726580;0.10838150039266;0;673882;0;0;99.891627092981;2768.0000637849;0;0;1742726566;0;0;
MathieuMint;6795;_ALL;0;479629;13.805747032166;0;13.805747032166;0;1742726580;0.10838150039266;0;673882;0;0;99.891627092981;2768.0000637849;0;0;1742726566;0;0;
MathieuMint;6795;6795;8.4912528991699;479629;13.805747032166;0;13.805747032166;0;1742726580;0.10838150039266;0;673882;0;0;99.891627092981;2768.0000637849;8.4912528991699;0;1742726566;0;0;
