block_id;module;source_info;time_p;time_s;time_s_min;time_s_avg;time_s_max;cov_deviation;time_deviation;nb_threads;flops;
37;measure;kernel.c:52-53;96.899787902832;13.38357925415;13.383578300476;13.383578300476;13.383578300476;0;0;1;;
39;measure;kernel.c:52-53;2.8478727340698;0.39334172010422;0.39334174990654;0.39334174990654;0.39334174990654;0;0;1;;
30;measure;kernel.c:51-53;0.036049023270607;0.0049790092743933;0.0049790092743933;0.0049790092743933;0.0049790092743933;0;0;1;;
33;measure;kernel.c:51-51;0.036049023270607;0.0049790092743933;0.0049790092743933;0.0049790092743933;0.0049790092743933;0;0;1;;
