Node;Process;Thread;#max_time_on_cpu_s;#Stop Time US;Time (s);Math (%);#Elapsed Time;String (%);#Stop Time S;Others (%);System (%);#Start Time US;Memory (%);OMP (%);Binary (%);Nb Cycle Events;#max_context_switch_time_s;IO (%);#Start Time S;MPI (%);Pthread (%);
_ALL;_ALL;_ALL;0;371279;13.808531761169;0;13.808531761169;0;1742726385;0;0.036088055014037;562747;0;0;99.963912412877;2770.9999876996;0;0;1742726371;0;0;
MathieuMint;_ALL;_ALL;0;371279;13.808531761169;0;13.808531761169;0;1742726385;0;0.036088055014037;562747;0;0;99.963912412877;2770.9999876996;0;0;1742726371;0;0;
MathieuMint;6543;_ALL;0;371279;13.808531761169;0;13.808531761169;0;1742726385;0;0.036088055014037;562747;0;0;99.963912412877;2770.9999876996;0;0;1742726371;0;0;
MathieuMint;6543;6543;4.297089099884;371279;13.808531761169;0;13.808531761169;0;1742726385;0;0.036088055014037;562747;0;0;99.963912412877;2770.9999876996;4.297089099884;0;1742726371;0;0;
