block_id;module;source_info;time_p;time_s;time_s_min;time_s_avg;time_s_max;cov_deviation;time_deviation;nb_threads;flops;
37;measure;kernel.c:52-53;96.897552490234;13.379119873047;13.379119873047;13.379119873047;13.379119873047;0;0;1;;
39;measure;kernel.c:52-53;2.8499281406403;0.39350351691246;0.39350348711014;0.39350348711014;0.39350348711014;0;0;1;;
33;measure;kernel.c:51-51;0.072150081396103;0.0099621154367924;0.0099621145054698;0.0099621145054698;0.0099621145054698;0;0;1;;
