loop_id;module;function_name;function_id;source_info;level;inc_time_p;inc_time_s;inc_time_s_min;inc_time_s_avg;inc_time_s_max;inc_cov_deviation;inc_time_deviation;exc_time_p;exc_time_s;exc_time_s_min;exc_time_s_avg;exc_time_s_max;exc_cov_deviation;exc_time_deviation;nb_threads;flops;
2;measure;kernel;6;kernel.c:52-53;Innermost;96.897552490234;13.379119873047;13.379119873047;13.379119873047;13.379119873047;0;0;96.897552490234;13.379119873047;13.379119873047;13.379119873047;13.379119873047;0;0;1;;
1;measure;kernel;6;kernel.c:52-53;Innermost;2.8499281406403;0.39350351691246;0.39350348711014;0.39350348711014;0.39350348711014;0;0;2.8499281406403;0.39350351691246;0.39350348711014;0.39350348711014;0.39350348711014;0;0;1;;
0;measure;kernel;6;kernel.c:51-52;Outermost;99.819641113281;13.782586097717;13.782585144043;13.782585144043;13.782585144043;0;0;0.072150081396103;0.0099621154367924;0.0099621145054698;0.0099621145054698;0.0099621145054698;0;0;1;;
