block_id;module;source_info;time_p;time_s;time_s_min;time_s_avg;time_s_max;cov_deviation;time_deviation;nb_threads;flops;
37;measure;kernel.c:52-53;97.153144836426;13.415832519531;13.415833473206;13.415833473206;13.415833473206;0;0;1;;
39;measure;kernel.c:52-53;2.8108110427856;0.38814359903336;0.38814356923103;0.38814356923103;0.38814356923103;0;0;1;;
33;measure;kernel.c:51-51;0.036036040633917;0.004976199939847;0.004976199939847;0.004976199939847;0.004976199939847;0;0;1;;
