Node;Process;Thread;#max_time_on_cpu_s;#Stop Time US;Time (s);Math (%);#Elapsed Time;String (%);#Stop Time S;Others (%);System (%);#Start Time US;Memory (%);OMP (%);Binary (%);Nb Cycle Events;#max_context_switch_time_s;IO (%);#Start Time S;MPI (%);Pthread (%);
_ALL;_ALL;_ALL;0;14223;2.5099995136261;0;2.516627073288;0;1744402458;0;0;497596;0;0;99.999996560747;501.99995633935;0;0;1744402455;0;0;
MathieuMint;_ALL;_ALL;0;14223;2.5099995136261;0;2.516627073288;0;1744402458;0;0;497596;0;0;99.999996560747;501.99995633935;0;0;1744402455;0;0;
MathieuMint;12795;_ALL;0;14223;2.5099995136261;0;2.516627073288;0;1744402458;0;0;497596;0;0;99.999996560747;501.99995633935;0;0;1744402455;0;0;
MathieuMint;12795;12795;2.3974840641022;14223;2.5099995136261;0;2.516627073288;0;1744402458;0;0;497596;0;0;99.999996560747;501.99995633935;2.3974840641022;0;1744402455;0;0;
