Node;Process;Thread;#max_time_on_cpu_s;#Stop Time US;Time (s);Math (%);#Elapsed Time;String (%);#Stop Time S;Others (%);System (%);#Start Time US;Memory (%);OMP (%);Binary (%);Nb Cycle Events;#max_context_switch_time_s;IO (%);#Start Time S;MPI (%);Pthread (%);
_ALL;_ALL;_ALL;0;910808;13.8072681427;0;13.8072681427;0;1742724155;0.10814708169592;0;103540;0;0;99.891851985611;2773.999957239;0;0;1742724142;0;0;
MathieuMint;_ALL;_ALL;0;910808;13.8072681427;0;13.8072681427;0;1742724155;0.10814708169592;0;103540;0;0;99.891851985611;2773.999957239;0;0;1742724142;0;0;
MathieuMint;3907;_ALL;0;910808;13.8072681427;0;13.8072681427;0;1742724155;0.10814708169592;0;103540;0;0;99.891851985611;2773.999957239;0;0;1742724142;0;0;
MathieuMint;3907;3907;7.9303522109985;910808;13.8072681427;0;13.8072681427;0;1742724155;0.10814708169592;0;103540;0;0;99.891851985611;2773.999957239;7.9303522109985;0;1742724142;0;0;
