function_id;module;function_name;source_info;inc_time_p;inc_time_s;inc_time_s_min;inc_time_s_avg;inc_time_s_max;inc_cov_deviation;inc_time_deviation;exc_time_p;exc_time_s;exc_time_s_min;exc_time_s_avg;exc_time_s_max;exc_cov_deviation;exc_time_deviation;nb_threads;cats;label_name;flops;
6;measure;kernel;kernel.c:51-55;99.927856445313;13.799155235291;13.799154281616;13.799154281616;13.799154281616;0;0;0;0;0;0;0;0;0;1;"100,0,0,0,0,0,0,0,0,0";kernel;;
217;libc.so.6;random;;0.072150081396103;0.0099632907658815;0.0099632907658815;0.0099632907658815;0.0099632907658815;0;0;0.072150081396103;0.0099632907658815;0.0099632907658815;0.0099632907658815;0.0099632907658815;0;0;1;"0,0,0,0,0,0,0,0,0,100";random;;
