block_id;module;source_info;time_p;time_s;time_s_min;time_s_avg;time_s_max;cov_deviation;time_deviation;nb_threads;flops;
37;measure;kernel.c:52-53;97.293380737305;13.432845115662;13.432846069336;13.432846069336;13.432846069336;0;0;1;;
39;measure;kernel.c:52-53;2.6705160140991;0.3687057197094;0.36870574951172;0.36870574951172;0.36870574951172;0;0;1;;
