Node;Process;Thread;#max_time_on_cpu_s;#Stop Time US;Time (s);Math (%);#Elapsed Time;String (%);#Stop Time S;Others (%);System (%);#Start Time US;Memory (%);OMP (%);Binary (%);Nb Cycle Events;#max_context_switch_time_s;IO (%);#Start Time S;MPI (%);Pthread (%);
_ALL;_ALL;_ALL;0;456316;13.425002098083;0;13.4371509552;0;1742767859;0.29795153724278;0;19165;0;0;99.702042852277;2685.0003676221;0;0;1742767846;0;0;
linuxbox;_ALL;_ALL;0;456316;13.425002098083;0;13.4371509552;0;1742767859;0.29795153724278;0;19165;0;0;99.702042852277;2685.0003676221;0;0;1742767846;0;0;
linuxbox;492980;_ALL;0;456316;13.425002098083;0;13.4371509552;0;1742767859;0.29795153724278;0;19165;0;0;99.702042852277;2685.0003676221;0;0;1742767846;0;0;
linuxbox;492980;492980;10.161545753479;456316;13.425002098083;0;13.4371509552;0;1742767859;0.29795153724278;0;19165;0;0;99.702042852277;2685.0003676221;10.161545753479;0;1742767846;0;0;
