Node;Process;Thread;#max_time_on_cpu_s;#Stop Time US;Time (s);Math (%);#Elapsed Time;String (%);#Stop Time S;Others (%);System (%);#Start Time US;Memory (%);OMP (%);Binary (%);Nb Cycle Events;#max_context_switch_time_s;IO (%);#Start Time S;MPI (%);Pthread (%);
_ALL;_ALL;_ALL;0;271007;13.812944412231;0;13.812944412231;0;1742724400;0;0.036075040673223;458063;0;0;99.963926368241;2771.9996466761;0;0;1742724386;0;0;
MathieuMint;_ALL;_ALL;0;271007;13.812944412231;0;13.812944412231;0;1742724400;0;0.036075040673223;458063;0;0;99.963926368241;2771.9996466761;0;0;1742724386;0;0;
MathieuMint;4291;_ALL;0;271007;13.812944412231;0;13.812944412231;0;1742724400;0;0.036075040673223;458063;0;0;99.963926368241;2771.9996466761;0;0;1742724386;0;0;
MathieuMint;4291;4291;8.1032075881958;271007;13.812944412231;0;13.812944412231;0;1742724400;0;0.036075040673223;458063;0;0;99.963926368241;2771.9996466761;8.1032075881958;0;1742724386;0;0;
