block_id;module;source_info;time_p;time_s;time_s_min;time_s_avg;time_s_max;cov_deviation;time_deviation;nb_threads;flops;
37;measure;kernel.c:52-53;97.408218383789;6.7501292228699;6.7501287460327;6.7501287460327;6.7501287460327;0;0;1;;
39;measure;kernel.c:52-53;2.3758099079132;0.16463726758957;0.16463726758957;0.16463726758957;0.16463726758957;0;0;1;;
33;measure;kernel.c:51-51;0.071994237601757;0.0049890084192157;0.0049890084192157;0.0049890084192157;0.0049890084192157;0;0;1;;
