Node;Process;Thread;#max_time_on_cpu_s;#Stop Time US;Time (s);Math (%);#Elapsed Time;String (%);#Stop Time S;Others (%);System (%);#Start Time US;Memory (%);OMP (%);Binary (%);Nb Cycle Events;#max_context_switch_time_s;IO (%);#Start Time S;MPI (%);Pthread (%);
_ALL;_ALL;_ALL;0;873115;6.92973279953;0;6.92973279953;0;1742731409;0.14398847605794;0;943382;0;0;99.856014859854;1389.0000469171;0;0;1742731402;0;0;
MathieuMint;_ALL;_ALL;0;873115;6.92973279953;0;6.92973279953;0;1742731409;0.14398847605794;0;943382;0;0;99.856014859854;1389.0000469171;0;0;1742731402;0;0;
MathieuMint;13228;_ALL;0;873115;6.92973279953;0;6.92973279953;0;1742731409;0.14398847605794;0;943382;0;0;99.856014859854;1389.0000469171;0;0;1742731402;0;0;
MathieuMint;13228;13228;6.1459407806396;873115;6.92973279953;0;6.92973279953;0;1742731409;0.14398847605794;0;943382;0;0;99.856014859854;1389.0000469171;6.1459407806396;0;1742731402;0;0;
