loop_id;module;function_name;function_id;source_info;level;inc_time_p;inc_time_s;inc_time_s_min;inc_time_s_avg;inc_time_s_max;inc_cov_deviation;inc_time_deviation;exc_time_p;exc_time_s;exc_time_s_min;exc_time_s_avg;exc_time_s_max;exc_cov_deviation;exc_time_deviation;nb_threads;flops;
2;measure;kernel;6;kernel.c:52-53;Innermost;97.408218383789;6.7501292228699;6.7501287460327;6.7501287460327;6.7501287460327;0;0;97.408218383789;6.7501292228699;6.7501287460327;6.7501287460327;6.7501287460327;0;0;1;;
1;measure;kernel;6;kernel.c:52-53;Innermost;2.3758099079132;0.16463726758957;0.16463726758957;0.16463726758957;0.16463726758957;0;0;2.3758099079132;0.16463726758957;0.16463726758957;0.16463726758957;0.16463726758957;0;0;1;;
0;measure;kernel;6;kernel.c:51-52;Outermost;99.856018066406;6.9197554588318;6.9197549819946;6.9197549819946;6.9197549819946;0;0;0.071994237601757;0.0049890084192157;0.0049890084192157;0.0049890084192157;0.0049890084192157;0;0;1;;
