function_id;module;function_name;source_info;inc_time_p;inc_time_s;inc_time_s_min;inc_time_s_avg;inc_time_s_max;inc_cov_deviation;inc_time_deviation;exc_time_p;exc_time_s;exc_time_s_min;exc_time_s_avg;exc_time_s_max;exc_cov_deviation;exc_time_deviation;nb_threads;cats;label_name;flops;
6;measure;kernel;kernel.c:51-55;99.856018066406;6.9197554588318;6.9197549819946;6.9197549819946;6.9197549819946;0;0;0;0;0;0;0;0;0;1;"100,0,0,0,0,0,0,0,0,0";kernel;;
217;libc.so.6;random;;0.071994237601757;0.0049890084192157;0.0049890084192157;0.0049890084192157;0.0049890084192157;0;0;0.071994237601757;0.0049890084192157;0.0049890084192157;0.0049890084192157;0.0049890084192157;0;0;1;"0,0,0,0,0,0,0,0,0,100";random;;
212;libc.so.6;rand;;0.071994237601757;0.0049890084192157;0.0049890084192157;0.0049890084192157;0.0049890084192157;0;0;0.071994237601757;0.0049890084192157;0.0049890084192157;0.0049890084192157;0.0049890084192157;0;0;1;"0,0,0,0,0,0,0,0,0,100";rand;;
