Node;Process;Thread;#max_time_on_cpu_s;#Stop Time US;Time (s);Math (%);#Elapsed Time;String (%);#Stop Time S;Others (%);System (%);#Start Time US;Memory (%);OMP (%);Binary (%);Nb Cycle Events;#max_context_switch_time_s;IO (%);#Start Time S;MPI (%);Pthread (%);
_ALL;_ALL;_ALL;0;58616;13.809030532837;0;13.809030532837;0;1742726976;0.10818608029119;0;249585;0;0;99.891821185613;2772.9999940153;0;0;1742726962;0;0;
MathieuMint;_ALL;_ALL;0;58616;13.809030532837;0;13.809030532837;0;1742726976;0.10818608029119;0;249585;0;0;99.891821185613;2772.9999940153;0;0;1742726962;0;0;
MathieuMint;7266;_ALL;0;58616;13.809030532837;0;13.809030532837;0;1742726976;0.10818608029119;0;249585;0;0;99.891821185613;2772.9999940153;0;0;1742726962;0;0;
MathieuMint;7266;7266;13.801306724548;58616;13.809030532837;0;13.809030532837;0;1742726976;0.10818608029119;0;249585;0;0;99.891821185613;2772.9999940153;13.801306724548;0;1742726962;0;0;
