block_id;module;source_info;time_p;time_s;time_s_min;time_s_avg;time_s_max;cov_deviation;time_deviation;nb_threads;flops;
37;measure;kernel.c:52-53;97.546905517578;13.467066764832;13.467066764832;13.467066764832;13.467066764832;0;0;1;;
39;measure;kernel.c:52-53;2.344877243042;0.32372754812241;0.32372751832008;0.32372751832008;0.32372751832008;0;0;1;;
33;measure;kernel.c:51-51;0.072150073945522;0.0099608479067683;0.0099608469754457;0.0099608469754457;0.0099608469754457;0;0;1;;
