loop_id;module;function_name;function_id;source_info;level;inc_time_p;inc_time_s;inc_time_s_min;inc_time_s_avg;inc_time_s_max;inc_cov_deviation;inc_time_deviation;exc_time_p;exc_time_s;exc_time_s_min;exc_time_s_avg;exc_time_s_max;exc_cov_deviation;exc_time_deviation;nb_threads;flops;
2;measure;kernel;6;kernel.c:52-53;Innermost;97.546905517578;13.467066764832;13.467066764832;13.467066764832;13.467066764832;0;0;97.546905517578;13.467066764832;13.467066764832;13.467066764832;13.467066764832;0;0;1;;
1;measure;kernel;6;kernel.c:52-53;Innermost;2.344877243042;0.32372754812241;0.32372751832008;0.32372751832008;0.32372751832008;0;0;2.344877243042;0.32372754812241;0.32372751832008;0.32372751832008;0.32372751832008;0;0;1;;
0;measure;kernel;6;kernel.c:51-52;Outermost;99.963935852051;13.800755500793;13.800755500793;13.800755500793;13.800755500793;0;0;0.072150073945522;0.0099608479067683;0.0099608469754457;0.0099608469754457;0.0099608469754457;0;0;1;;
