function_id;module;function_name;source_info;inc_time_p;inc_time_s;inc_time_s_min;inc_time_s_avg;inc_time_s_max;inc_cov_deviation;inc_time_deviation;exc_time_p;exc_time_s;exc_time_s_min;exc_time_s_avg;exc_time_s_max;exc_cov_deviation;exc_time_deviation;nb_threads;cats;label_name;flops;
6;measure;kernel;kernel.c:51-55;99.819694519043;13.783032417297;13.783032417297;13.783032417297;13.783032417297;0;0;0;0;0;0;0;0;0;1;"100,0,0,0,0,0,0,0,0,0";kernel;;
217;libc.so.6;random;;0.10818611830473;0.014938263222575;0.01493826135993;0.01493826135993;0.01493826135993;0;0;0.10818611830473;0.014938263222575;0.01493826135993;0.01493826135993;0.01493826135993;0;0;1;"0,0,0,0,0,0,0,0,0,100";random;;
212;libc.so.6;rand;;0.03606203570962;0.00497942045331;0.0049794199876487;0.0049794199876487;0.0049794199876487;0;0;0.03606203570962;0.00497942045331;0.0049794199876487;0.0049794199876487;0.0049794199876487;0;0;1;"0,0,0,0,0,0,0,0,0,100";rand;;
-1;kernel;unknown_kernel_region;;0.03606203570962;0.00497942045331;0.0049794199876487;0.0049794199876487;0.0049794199876487;0;0;0;0;0;0;0;0;0;1;"0,0,0,0,100,0,0,0,0,0";unknown kernel region;;
