loop_id;module;function_name;function_id;source_info;level;inc_time_p;inc_time_s;inc_time_s_min;inc_time_s_avg;inc_time_s_max;inc_cov_deviation;inc_time_deviation;exc_time_p;exc_time_s;exc_time_s_min;exc_time_s_avg;exc_time_s_max;exc_cov_deviation;exc_time_deviation;nb_threads;flops;
2;measure;kernel;6;kernel.c:52-53;Innermost;97.259300231934;13.429494857788;13.429494857788;13.429494857788;13.429494857788;0;0;97.259300231934;13.429494857788;13.429494857788;13.429494857788;13.429494857788;0;0;1;;
1;measure;kernel;6;kernel.c:52-53;Innermost;2.4522185325623;0.33860060572624;0.33860057592392;0.33860057592392;0.33860057592392;0;0;2.4522185325623;0.33860060572624;0.33860057592392;0.33860057592392;0.33860057592392;0;0;1;;
0;measure;kernel;6;kernel.c:51-52;Outermost;99.819709777832;13.783034324646;13.783034324646;13.783034324646;13.783034324646;0;0;0.10818611830473;0.014938263222575;0.01493826135993;0.01493826135993;0.01493826135993;0;0;1;;
