Node;Process;Thread;#max_time_on_cpu_s;#Stop Time US;Time (s);Math (%);#Elapsed Time;String (%);#Stop Time S;Others (%);System (%);#Start Time US;Memory (%);OMP (%);Binary (%);Nb Cycle Events;#max_context_switch_time_s;IO (%);#Start Time S;MPI (%);Pthread (%);
_ALL;_ALL;_ALL;0;848669;13.807929039001;0;13.807929039001;0;1742724090;0.14424814821864;0.036062035555335;40740;0;0;99.8196932107;2772.9993179824;0;0;1742724077;0;0;
MathieuMint;_ALL;_ALL;0;848669;13.807929039001;0;13.807929039001;0;1742724090;0.14424814821864;0.036062035555335;40740;0;0;99.8196932107;2772.9993179824;0;0;1742724077;0;0;
MathieuMint;3823;_ALL;0;848669;13.807929039001;0;13.807929039001;0;1742724090;0.14424814821864;0.036062035555335;40740;0;0;99.8196932107;2772.9993179824;0;0;1742724077;0;0;
MathieuMint;3823;3823;7.9928498268127;848669;13.807929039001;0;13.807929039001;0;1742724090;0.14424814821864;0.036062035555335;40740;0;0;99.8196932107;2772.9993179824;7.9928498268127;0;1742724077;0;0;
