Node;Process;Thread;#max_time_on_cpu_s;#Stop Time US;Time (s);Math (%);#Elapsed Time;String (%);#Stop Time S;Others (%);System (%);#Start Time US;Memory (%);OMP (%);Binary (%);Nb Cycle Events;#max_context_switch_time_s;IO (%);#Start Time S;MPI (%);Pthread (%);
_ALL;_ALL;_ALL;0;585296;18.700756072998;0;18.700756072998;0;1742822565;0;0.053376029728111;884539;0;0;99.946618244944;3747.0003111653;0;0;1742822546;0;0;
MathieuMint;_ALL;_ALL;0;585296;18.700756072998;0;18.700756072998;0;1742822565;0;0.053376029728111;884539;0;0;99.946618244944;3747.0003111653;0;0;1742822546;0;0;
MathieuMint;11661;_ALL;0;585296;18.700756072998;0;18.700756072998;0;1742822565;0;0.053376029728111;884539;0;0;99.946618244944;3747.0003111653;0;0;1742822546;0;0;
MathieuMint;11661;11661;9.3408203125;585296;18.700756072998;0;18.700756072998;0;1742822565;0;0.053376029728111;884539;0;0;99.946618244944;3747.0003111653;9.3408203125;0;1742822546;0;0;
