Node;Process;Thread;#max_time_on_cpu_s;#Stop Time US;Time (s);Math (%);#Elapsed Time;String (%);#Stop Time S;Others (%);System (%);#Start Time US;Memory (%);OMP (%);Binary (%);Nb Cycle Events;#max_context_switch_time_s;IO (%);#Start Time S;MPI (%);Pthread (%);
_ALL;_ALL;_ALL;0;295980;6.93274974823;0;6.93274974823;0;1742731428;0.2158272318552;0.0719424106184;363230;0;0;99.712226341803;1390.0006844422;0;0;1742731421;0;0;
MathieuMint;_ALL;_ALL;0;295980;6.93274974823;0;6.93274974823;0;1742731428;0.2158272318552;0.0719424106184;363230;0;0;99.712226341803;1390.0006844422;0;0;1742731421;0;0;
MathieuMint;13269;_ALL;0;295980;6.93274974823;0;6.93274974823;0;1742731428;0.2158272318552;0.0719424106184;363230;0;0;99.712226341803;1390.0006844422;0;0;1742731421;0;0;
MathieuMint;13269;13269;6.577733039856;295980;6.93274974823;0;6.93274974823;0;1742731428;0.2158272318552;0.0719424106184;363230;0;0;99.712226341803;1390.0006844422;6.577733039856;0;1742731421;0;0;
