Node;Process;Thread;#max_time_on_cpu_s;#Stop Time US;Time (s);Math (%);#Elapsed Time;String (%);#Stop Time S;Others (%);System (%);#Start Time US;Memory (%);OMP (%);Binary (%);Nb Cycle Events;#max_context_switch_time_s;IO (%);#Start Time S;MPI (%);Pthread (%);
_ALL;_ALL;_ALL;0;736135;13.808266639709;0;13.808266639709;0;1742725768;0.036062027537061;0;927868;0;0;99.963939720923;2772.9999345497;0;0;1742725754;0;0;
MathieuMint;_ALL;_ALL;0;736135;13.808266639709;0;13.808266639709;0;1742725768;0.036062027537061;0;927868;0;0;99.963939720923;2772.9999345497;0;0;1742725754;0;0;
MathieuMint;5770;_ALL;0;736135;13.808266639709;0;13.808266639709;0;1742725768;0.036062027537061;0;927868;0;0;99.963939720923;2772.9999345497;0;0;1742725754;0;0;
MathieuMint;5770;5770;10.131772994995;736135;13.808266639709;0;13.808266639709;0;1742725768;0.036062027537061;0;927868;0;0;99.963939720923;2772.9999345497;10.131772994995;0;1742725754;0;0;
