Node;Process;Thread;#max_time_on_cpu_s;#Stop Time US;Time (s);Math (%);#Elapsed Time;String (%);#Stop Time S;Others (%);System (%);#Start Time US;Memory (%);OMP (%);Binary (%);Nb Cycle Events;#max_context_switch_time_s;IO (%);#Start Time S;MPI (%);Pthread (%);
_ALL;_ALL;_ALL;0;284589;13.807000160217;0;13.807000160217;0;1742727236;0.10822514856983;0;477589;0;0;99.891781172466;2771.998889836;0;0;1742727222;0;0;
MathieuMint;_ALL;_ALL;0;284589;13.807000160217;0;13.807000160217;0;1742727236;0.10822514856983;0;477589;0;0;99.891781172466;2771.998889836;0;0;1742727222;0;0;
MathieuMint;7613;_ALL;0;284589;13.807000160217;0;13.807000160217;0;1742727236;0.10822514856983;0;477589;0;0;99.891781172466;2771.998889836;0;0;1742727222;0;0;
MathieuMint;7613;7613;7.4787569046021;284589;13.807000160217;0;13.807000160217;0;1742727236;0.10822514856983;0;477589;0;0;99.891781172466;2771.998889836;7.4787569046021;0;1742727222;0;0;
