block_id;module;source_info;time_p;time_s;time_s_min;time_s_avg;time_s_max;cov_deviation;time_deviation;nb_threads;flops;
37;measure;kernel.c:52-53;96.894844055176;6.8604145050049;6.860414981842;6.860414981842;6.860414981842;0;0;1;;
39;measure;kernel.c:52-53;2.6817219257355;0.18987309932709;0.18987309932709;0.18987309932709;0.18987309932709;0;0;1;;
33;measure;kernel.c:51-51;0.07057162374258;0.0049966601654887;0.0049966601654887;0.0049966601654887;0.0049966601654887;0;0;1;;
