loop_id;module;function_name;function_id;source_info;level;inc_time_p;inc_time_s;inc_time_s_min;inc_time_s_avg;inc_time_s_max;inc_cov_deviation;inc_time_deviation;exc_time_p;exc_time_s;exc_time_s_min;exc_time_s_avg;exc_time_s_max;exc_cov_deviation;exc_time_deviation;nb_threads;flops;
2;measure;kernel;6;kernel.c:52-53;Innermost;96.894844055176;6.8604145050049;6.860414981842;6.860414981842;6.860414981842;0;0;96.894844055176;6.8604145050049;6.860414981842;6.860414981842;6.860414981842;0;0;1;;
1;measure;kernel;6;kernel.c:52-53;Innermost;2.6817219257355;0.18987309932709;0.18987309932709;0.18987309932709;0.18987309932709;0;0;2.6817219257355;0.18987309932709;0.18987309932709;0.18987309932709;0.18987309932709;0;0;1;;
0;measure;kernel;6;kernel.c:51-52;Outermost;99.64714050293;7.0552845001221;7.0552845001221;7.0552845001221;7.0552845001221;0;0;0.07057162374258;0.0049966601654887;0.0049966601654887;0.0049966601654887;0.0049966601654887;0;0;1;;
