Node;Process;Thread;#max_time_on_cpu_s;#Stop Time US;Time (s);Math (%);#Elapsed Time;String (%);#Stop Time S;Others (%);System (%);#Start Time US;Memory (%);OMP (%);Binary (%);Nb Cycle Events;#max_context_switch_time_s;IO (%);#Start Time S;MPI (%);Pthread (%);
_ALL;_ALL;_ALL;0;987615;13.811773300171;0;13.811773300171;0;1742724318;0.14419609403008;0.036049024257149;175842;0;0;99.819756938692;2774.000186154;0;0;1742724305;0;0;
MathieuMint;_ALL;_ALL;0;987615;13.811773300171;0;13.811773300171;0;1742724318;0.14419609403008;0.036049024257149;175842;0;0;99.819756938692;2774.000186154;0;0;1742724305;0;0;
MathieuMint;4186;_ALL;0;987615;13.811773300171;0;13.811773300171;0;1742724318;0.14419609403008;0.036049024257149;175842;0;0;99.819756938692;2774.000186154;0;0;1742724305;0;0;
MathieuMint;4186;4186;9.9610967636108;987615;13.811773300171;0;13.811773300171;0;1742724318;0.14419609403008;0.036049024257149;175842;0;0;99.819756938692;2774.000186154;9.9610967636108;0;1742724305;0;0;
