block_id;module;source_info;time_p;time_s;time_s_min;time_s_avg;time_s_max;cov_deviation;time_deviation;nb_threads;flops;
37;measure;kernel.c:52-53;96.499458312988;13.323914527893;13.323914527893;13.323914527893;13.323914527893;0;0;1;;
39;measure;kernel.c:52-53;3.3201014995575;0.4584144949913;0.45841443538666;0.45841443538666;0.45841443538666;0;0;1;;
33;measure;kernel.c:51-51;0.10826417803764;0.014948297291994;0.014948296360672;0.014948296360672;0.014948296360672;0;0;1;;
