Node;Process;Thread;#max_time_on_cpu_s;#Stop Time US;Time (s);Math (%);#Elapsed Time;String (%);#Stop Time S;Others (%);System (%);#Start Time US;Memory (%);OMP (%);Binary (%);Nb Cycle Events;#max_context_switch_time_s;IO (%);#Start Time S;MPI (%);Pthread (%);
_ALL;_ALL;_ALL;0;300515;13.806354522705;0;13.806354522705;0;1742726824;0;0;494160;0;0;100;2773.9999510876;0;0;1742726810;0;0;
MathieuMint;_ALL;_ALL;0;300515;13.806354522705;0;13.806354522705;0;1742726824;0;0;494160;0;0;100;2773.9999510876;0;0;1742726810;0;0;
MathieuMint;7110;_ALL;0;300515;13.806354522705;0;13.806354522705;0;1742726824;0;0;494160;0;0;100;2773.9999510876;0;0;1742726810;0;0;
MathieuMint;7110;7110;13.795833587646;300515;13.806354522705;0;13.806354522705;0;1742726824;0;0;494160;0;0;100;2773.9999510876;13.795833587646;0;1742726810;0;0;
