block_id;module;source_info;time_p;time_s;time_s_min;time_s_avg;time_s_max;cov_deviation;time_deviation;nb_threads;flops;
37;measure;kernel.c:52-53;96.791656494141;13.367663383484;13.367663383484;13.367663383484;13.367663383484;0;0;1;;
39;measure;kernel.c:52-53;3.0641686916351;0.42318499088287;0.42318499088287;0.42318499088287;0.42318499088287;0;0;1;;
33;measure;kernel.c:51-51;0.036049041897058;0.0049786465242505;0.0049786465242505;0.0049786465242505;0.0049786465242505;0;0;1;;
