block_id;module;source_info;time_p;time_s;time_s_min;time_s_avg;time_s_max;cov_deviation;time_deviation;nb_threads;flops;
37;measure;kernel.c:52-53;97.296318054199;13.441948890686;13.44194984436;13.44194984436;13.44194984436;0;0;1;;
39;measure;kernel.c:52-53;2.6676278114319;0.36854547262192;0.3685454428196;0.3685454428196;0.3685454428196;0;0;1;;
109;measure;driver.c:77-77;0.036049019545317;0.0049803433939815;0.0049803438596427;0.0049803438596427;0.0049803438596427;0;0;1;;
