Node;Process;Thread;#max_time_on_cpu_s;#Stop Time US;Time (s);Math (%);#Elapsed Time;String (%);#Stop Time S;Others (%);System (%);#Start Time US;Memory (%);OMP (%);Binary (%);Nb Cycle Events;#max_context_switch_time_s;IO (%);#Start Time S;MPI (%);Pthread (%);
_ALL;_ALL;_ALL;0;167229;13.815475463867;0;13.815475463867;0;1742725980;0;0;351754;0;0;100.00000078836;2774.0003011778;0;0;1742725966;0;0;
MathieuMint;_ALL;_ALL;0;167229;13.815475463867;0;13.815475463867;0;1742725980;0;0;351754;0;0;100.00000078836;2774.0003011778;0;0;1742725966;0;0;
MathieuMint;6063;_ALL;0;167229;13.815475463867;0;13.815475463867;0;1742725980;0;0;351754;0;0;100.00000078836;2774.0003011778;0;0;1742725966;0;0;
MathieuMint;6063;6063;3.9618611335754;167229;13.815475463867;0;13.815475463867;0;1742725980;0;0;351754;0;0;100.00000078836;2774.0003011778;3.9618611335754;0;1742725966;0;0;
