Node;Process;Thread;#max_time_on_cpu_s;#Stop Time US;Time (s);Math (%);#Elapsed Time;String (%);#Stop Time S;Others (%);System (%);#Start Time US;Memory (%);OMP (%);Binary (%);Nb Cycle Events;#max_context_switch_time_s;IO (%);#Start Time S;MPI (%);Pthread (%);
_ALL;_ALL;_ALL;0;348700;13.810760498047;0;13.810760498047;0;1742725243;0.072098081435985;0.036049040717992;537939;0;0;99.891853165667;2773.99891948;0;0;1742725229;0;0;
MathieuMint;_ALL;_ALL;0;348700;13.810760498047;0;13.810760498047;0;1742725243;0.072098081435985;0.036049040717992;537939;0;0;99.891853165667;2773.99891948;0;0;1742725229;0;0;
MathieuMint;5167;_ALL;0;348700;13.810760498047;0;13.810760498047;0;1742725243;0.072098081435985;0.036049040717992;537939;0;0;99.891853165667;2773.99891948;0;0;1742725229;0;0;
MathieuMint;5167;5167;9.6629791259766;348700;13.810760498047;0;13.810760498047;0;1742725243;0.072098081435985;0.036049040717992;537939;0;0;99.891853165667;2773.99891948;9.6629791259766;0;1742725229;0;0;
