Node;Process;Thread;#max_time_on_cpu_s;#Stop Time US;Time (s);Math (%);#Elapsed Time;String (%);#Stop Time S;Others (%);System (%);#Start Time US;Memory (%);OMP (%);Binary (%);Nb Cycle Events;#max_context_switch_time_s;IO (%);#Start Time S;MPI (%);Pthread (%);
_ALL;_ALL;_ALL;0;108095;1.3891299962997;0;1.3891299962997;0;1744402746;0;0;718965;0;0;100;277.999951028;0;0;1744402744;0;0;
MathieuMint;_ALL;_ALL;0;108095;1.3891299962997;0;1.3891299962997;0;1744402746;0;0;718965;0;0;100;277.999951028;0;0;1744402744;0;0;
MathieuMint;13640;_ALL;0;108095;1.3891299962997;0;1.3891299962997;0;1744402746;0;0;718965;0;0;100;277.999951028;0;0;1744402744;0;0;
MathieuMint;13640;13640;1.292417049408;108095;1.3891299962997;0;1.3891299962997;0;1744402746;0;0;718965;0;0;100;277.999951028;1.292417049408;0;1744402744;0;0;
