Node;Process;Thread;#max_time_on_cpu_s;#Stop Time US;Time (s);Math (%);#Elapsed Time;String (%);#Stop Time S;Others (%);System (%);#Start Time US;Memory (%);OMP (%);Binary (%);Nb Cycle Events;#max_context_switch_time_s;IO (%);#Start Time S;MPI (%);Pthread (%);
_ALL;_ALL;_ALL;0;680763;13.807668685913;0;13.807668685913;0;1742726466;0.07212405755124;0.03606202877562;873094;0;0;99.891815097814;2772.9998393104;0;0;1742726452;0;0;
MathieuMint;_ALL;_ALL;0;680763;13.807668685913;0;13.807668685913;0;1742726466;0.07212405755124;0.03606202877562;873094;0;0;99.891815097814;2772.9998393104;0;0;1742726452;0;0;
MathieuMint;6648;_ALL;0;680763;13.807668685913;0;13.807668685913;0;1742726466;0.07212405755124;0.03606202877562;873094;0;0;99.891815097814;2772.9998393104;0;0;1742726452;0;0;
MathieuMint;6648;6648;13.799983978271;680763;13.807668685913;0;13.807668685913;0;1742726466;0.07212405755124;0.03606202877562;873094;0;0;99.891815097814;2772.9998393104;13.799983978271;0;1742726452;0;0;
