block_id;module;source_info;time_p;time_s;time_s_min;time_s_avg;time_s_max;cov_deviation;time_deviation;nb_threads;flops;
37;measure;kernel.c:52-53;96.898666381836;13.379446983337;13.379446983337;13.379446983337;13.379446983337;0;0;1;;
39;measure;kernel.c:52-53;2.9210243225098;0.40332534909248;0.40332531929016;0.40332531929016;0.40332531929016;0;0;1;;
33;measure;kernel.c:51-51;0.072124063968658;0.0099586518481374;0.0099586509168148;0.0099586509168148;0.0099586509168148;0;0;1;;
