block_id;module;source_info;time_p;time_s;time_s_min;time_s_avg;time_s_max;cov_deviation;time_deviation;nb_threads;flops;
37;measure;kernel.c:52-53;97.132621765137;6.7643041610718;6.7643036842346;6.7643036842346;6.7643036842346;0;0;1;;
39;measure;kernel.c:52-53;2.7240142822266;0.18970002233982;0.18970002233982;0.18970002233982;0.18970002233982;0;0;1;;
33;measure;kernel.c:51-51;0.071684584021568;0.0049921059980989;0.0049921059980989;0.0049921059980989;0.0049921059980989;0;0;1;;
