loop_id;module;function_name;function_id;source_info;level;inc_time_p;inc_time_s;inc_time_s_min;inc_time_s_avg;inc_time_s_max;inc_cov_deviation;inc_time_deviation;exc_time_p;exc_time_s;exc_time_s_min;exc_time_s_avg;exc_time_s_max;exc_cov_deviation;exc_time_deviation;nb_threads;flops;
2;measure;kernel;6;kernel.c:52-53;Innermost;97.132621765137;6.7643041610718;6.7643036842346;6.7643036842346;6.7643036842346;0;0;97.132621765137;6.7643041610718;6.7643036842346;6.7643036842346;6.7643036842346;0;0;1;;
1;measure;kernel;6;kernel.c:52-53;Innermost;2.7240142822266;0.18970002233982;0.18970002233982;0.18970002233982;0.18970002233982;0;0;2.7240142822266;0.18970002233982;0.18970002233982;0.18970002233982;0.18970002233982;0;0;1;;
0;measure;kernel;6;kernel.c:51-52;Outermost;99.928321838379;6.9589958190918;6.958996295929;6.958996295929;6.958996295929;0;0;0.071684584021568;0.0049921059980989;0.0049921059980989;0.0049921059980989;0.0049921059980989;0;0;1;;
