Node;Process;Thread;#max_time_on_cpu_s;#Stop Time US;Time (s);Math (%);#Elapsed Time;String (%);#Stop Time S;Others (%);System (%);#Start Time US;Memory (%);OMP (%);Binary (%);Nb Cycle Events;#max_context_switch_time_s;IO (%);#Start Time S;MPI (%);Pthread (%);
_ALL;_ALL;_ALL;0;381972;6.963987827301;0;6.963987827301;0;1742731511;0.071684583819873;0;417984;0;0;99.92831584474;1395.0000777193;0;0;1742731504;0;0;
MathieuMint;_ALL;_ALL;0;381972;6.963987827301;0;6.963987827301;0;1742731511;0.071684583819873;0;417984;0;0;99.92831584474;1395.0000777193;0;0;1742731504;0;0;
MathieuMint;14203;_ALL;0;381972;6.963987827301;0;6.963987827301;0;1742731511;0.071684583819873;0;417984;0;0;99.92831584474;1395.0000777193;0;0;1742731504;0;0;
MathieuMint;14203;14203;6.0716857910156;381972;6.963987827301;0;6.963987827301;0;1742731511;0.071684583819873;0;417984;0;0;99.92831584474;1395.0000777193;6.0716857910156;0;1742731504;0;0;
