function_id;module;function_name;source_info;inc_time_p;inc_time_s;inc_time_s_min;inc_time_s_avg;inc_time_s_max;inc_cov_deviation;inc_time_deviation;exc_time_p;exc_time_s;exc_time_s_min;exc_time_s_avg;exc_time_s_max;exc_cov_deviation;exc_time_deviation;nb_threads;cats;label_name;flops;
6;measure;kernel;kernel.c:51-55;99.963973999023;13.803102493286;13.803102493286;13.803102493286;13.803102493286;0;0;4.5144051910029e-06;6.2335254824575e-07;6.2335249140233e-07;6.2335249140233e-07;6.2335249140233e-07;0;0;1;"100,0,0,0,0,0,0,0,0,0";kernel;;
217;libc.so.6;random;;0.036023050546646;0.0049740904942155;0.0049740904942155;0.0049740904942155;0.0049740904942155;0;0;0.036023050546646;0.0049740904942155;0.0049740904942155;0.0049740904942155;0.0049740904942155;0;0;1;"0,0,0,0,0,0,0,0,0,100";random;;
