Node;Process;Thread;#max_time_on_cpu_s;#Stop Time US;Time (s);Math (%);#Elapsed Time;String (%);#Stop Time S;Others (%);System (%);#Start Time US;Memory (%);OMP (%);Binary (%);Nb Cycle Events;#max_context_switch_time_s;IO (%);#Start Time S;MPI (%);Pthread (%);
_ALL;_ALL;_ALL;0;782272;13.809671401978;0;13.809671401978;0;1742726894;0.072072077977211;0;972601;0;0;99.927925014017;2774.9997726337;0;0;1742726880;0;0;
MathieuMint;_ALL;_ALL;0;782272;13.809671401978;0;13.809671401978;0;1742726894;0.072072077977211;0;972601;0;0;99.927925014017;2774.9997726337;0;0;1742726880;0;0;
MathieuMint;7163;_ALL;0;782272;13.809671401978;0;13.809671401978;0;1742726894;0.072072077977211;0;972601;0;0;99.927925014017;2774.9997726337;0;0;1742726880;0;0;
MathieuMint;7163;7163;13.799167633057;782272;13.809671401978;0;13.809671401978;0;1742726894;0.072072077977211;0;972601;0;0;99.927925014017;2774.9997726337;13.799167633057;0;1742726880;0;0;
