loop_id;module;function_name;function_id;source_info;level;inc_time_p;inc_time_s;inc_time_s_min;inc_time_s_avg;inc_time_s_max;inc_cov_deviation;inc_time_deviation;exc_time_p;exc_time_s;exc_time_s_min;exc_time_s_avg;exc_time_s_max;exc_cov_deviation;exc_time_deviation;nb_threads;flops;
2;measure;kernel;6;kernel.c:52-53;Innermost;97.04076385498;13.399905204773;13.399905204773;13.399905204773;13.399905204773;0;0;97.04076385498;13.399905204773;13.399905204773;13.399905204773;13.399905204773;0;0;1;;
1;measure;kernel;6;kernel.c:52-53;Innermost;2.8509564399719;0.39367523789406;0.39367520809174;0.39367520809174;0.39367520809174;0;0;2.8509564399719;0.39367523789406;0.39367520809174;0.39367520809174;0.39367520809174;0;0;1;;
0;measure;kernel;6;kernel.c:51-52;Outermost;99.963897705078;13.803546905518;13.803545951843;13.803545951843;13.803545951843;0;0;0.072176113724709;0.0099664619192481;0.0099664619192481;0.0099664619192481;0.0099664619192481;0;0;1;;
