block_id;module;source_info;time_p;time_s;time_s_min;time_s_avg;time_s_max;cov_deviation;time_deviation;nb_threads;flops;
37;measure;kernel.c:52-53;97.080032348633;13.403531074524;13.403531074524;13.403531074524;13.403531074524;0;0;1;;
39;measure;kernel.c:52-53;2.8118250370026;0.38821974396706;0.38821971416473;0.38821971416473;0.38821971416473;0;0;1;;
28;measure;kernel.c:51-51;0.036049034446478;0.0049771755002439;0.0049771755002439;0.0049771755002439;0.0049771755002439;0;0;1;;
33;measure;kernel.c:51-51;0.036049034446478;0.0049771755002439;0.0049771755002439;0.0049771755002439;0.0049771755002439;0;0;1;;
