loop_id;module;function_name;function_id;source_info;level;inc_time_p;inc_time_s;inc_time_s_min;inc_time_s_avg;inc_time_s_max;inc_cov_deviation;inc_time_deviation;exc_time_p;exc_time_s;exc_time_s_min;exc_time_s_avg;exc_time_s_max;exc_cov_deviation;exc_time_deviation;nb_threads;flops;
2;measure;kernel;6;kernel.c:52-53;Innermost;97.080032348633;13.403531074524;13.403531074524;13.403531074524;13.403531074524;0;0;97.080032348633;13.403531074524;13.403531074524;13.403531074524;13.403531074524;0;0;1;;
1;measure;kernel;6;kernel.c:52-53;Innermost;2.8118250370026;0.38821974396706;0.38821971416473;0.38821971416473;0.38821971416473;0;0;2.8118250370026;0.38821974396706;0.38821971416473;0.38821971416473;0.38821971416473;0;0;1;;
0;measure;kernel;6;kernel.c:51-52;Outermost;99.92790222168;13.796727180481;13.796727180481;13.796727180481;13.796727180481;0;0;0.036049034446478;0.0049771755002439;0.0049771755002439;0.0049771755002439;0.0049771755002439;0;0;1;;
