loop_id;module;function_name;function_id;source_info;level;inc_time_p;inc_time_s;inc_time_s_min;inc_time_s_avg;inc_time_s_max;inc_cov_deviation;inc_time_deviation;exc_time_p;exc_time_s;exc_time_s_min;exc_time_s_avg;exc_time_s_max;exc_cov_deviation;exc_time_deviation;nb_threads;flops;
2;measure;kernel;6;kernel.c:52-53;Innermost;97.299179077148;7.0250005722046;7.0250005722046;7.0250005722046;7.0250005722046;0;0;97.299179077148;7.0250005722046;7.0250005722046;7.0250005722046;7.0250005722046;0;0;1;;
1;measure;kernel;6;kernel.c:52-53;Innermost;2.2853186130524;0.16500000655651;0.16499999165535;0.16499999165535;0.16499999165535;0;0;2.2853186130524;0.16500000655651;0.16499999165535;0.16499999165535;0.16499999165535;0;0;1;;
0;measure;kernel;6;kernel.c:51-52;Outermost;99.653755187988;7.1950011253357;7.1950006484985;7.1950006484985;7.1950006484985;0;0;0.069252081215382;0.0050000003539026;0.0049999998882413;0.0049999998882413;0.0049999998882413;0;0;1;;
