block_id;module;source_info;time_p;time_s;time_s_min;time_s_avg;time_s_max;cov_deviation;time_deviation;nb_threads;flops;
37;measure;kernel.c:52-53;97.299179077148;7.0250005722046;7.0250005722046;7.0250005722046;7.0250005722046;0;0;1;;
39;measure;kernel.c:52-53;2.2853186130524;0.16500000655651;0.16499999165535;0.16499999165535;0.16499999165535;0;0;1;;
33;measure;kernel.c:51-51;0.069252081215382;0.0050000003539026;0.0049999998882413;0.0049999998882413;0.0049999998882413;0;0;1;;
