block_id;module;source_info;time_p;time_s;time_s_min;time_s_avg;time_s_max;cov_deviation;time_deviation;nb_threads;flops;
37;measure;kernel.c:52-53;97.557479858398;6.785982131958;6.7859826087952;6.7859826087952;6.7859826087952;0;0;1;;
39;measure;kernel.c:52-53;2.298850774765;0.15990532934666;0.15990532934666;0.15990532934666;0.15990532934666;0;0;1;;
