function_id;module;function_name;source_info;inc_time_p;inc_time_s;inc_time_s_min;inc_time_s_avg;inc_time_s_max;inc_cov_deviation;inc_time_deviation;exc_time_p;exc_time_s;exc_time_s_min;exc_time_s_avg;exc_time_s_max;exc_cov_deviation;exc_time_deviation;nb_threads;cats;label_name;flops;
6;measure;kernel;kernel.c:51-55;99.92781829834;13.796473503113;13.796473503113;13.796473503113;13.796473503113;0;0;6.4790465330589e-06;8.9452561269354e-07;8.9452561269354e-07;8.9452561269354e-07;8.9452561269354e-07;0;0;1;"100,0,0,0,0,0,0,0,0,0";kernel;;
217;libc.so.6;random;;0.036088045686483;0.0049824742600322;0.0049824747256935;0.0049824747256935;0.0049824747256935;0;0;0.036088045686483;0.0049824742600322;0.0049824747256935;0.0049824747256935;0.0049824747256935;0;0;1;"0,0,0,0,0,0,0,0,0,100";random;;
212;libc.so.6;rand;;0.036088045686483;0.0049824742600322;0.0049824747256935;0.0049824747256935;0.0049824747256935;0;0;0.036088045686483;0.0049824742600322;0.0049824747256935;0.0049824747256935;0.0049824747256935;0;0;1;"0,0,0,0,0,0,0,0,0,100";rand;;
