block_id;module;source_info;time_p;time_s;time_s_min;time_s_avg;time_s_max;cov_deviation;time_deviation;nb_threads;flops;
37;measure;kernel.c:52-53;97.006843566895;13.39537525177;13.39537525177;13.39537525177;13.39537525177;0;0;1;;
39;measure;kernel.c:52-53;2.9570860862732;0.40833488106728;0.40833485126495;0.40833485126495;0.40833485126495;0;0;1;;
33;measure;kernel.c:51-51;0.036062024533749;0.0049796933308244;0.0049796933308244;0.0049796933308244;0.0049796933308244;0;0;1;;
