Node;Process;Thread;#max_time_on_cpu_s;#Stop Time US;Time (s);Math (%);#Elapsed Time;String (%);#Stop Time S;Others (%);System (%);#Start Time US;Memory (%);OMP (%);Binary (%);Nb Cycle Events;#max_context_switch_time_s;IO (%);#Start Time S;MPI (%);Pthread (%);
_ALL;_ALL;_ALL;0;908079;7.080267906189;0;7.080267906189;0;1742731446;0.35285813613262;0;827811;0;0;99.647140102113;1417.0000597976;0;0;1742731439;0;0;
MathieuMint;_ALL;_ALL;0;908079;7.080267906189;0;7.080267906189;0;1742731446;0.35285813613262;0;827811;0;0;99.647140102113;1417.0000597976;0;0;1742731439;0;0;
MathieuMint;14013;_ALL;0;908079;7.080267906189;0;7.080267906189;0;1742731446;0.35285813613262;0;827811;0;0;99.647140102113;1417.0000597976;0;0;1742731439;0;0;
MathieuMint;14013;14013;4.2024998664856;908079;7.080267906189;0;7.080267906189;0;1742731446;0.35285813613262;0;827811;0;0;99.647140102113;1417.0000597976;4.2024998664856;0;1742731439;0;0;
