Node;Process;Thread;#max_time_on_cpu_s;#Stop Time US;Time (s);Math (%);#Elapsed Time;String (%);#Stop Time S;Others (%);System (%);#Start Time US;Memory (%);OMP (%);Binary (%);Nb Cycle Events;#max_context_switch_time_s;IO (%);#Start Time S;MPI (%);Pthread (%);
_ALL;_ALL;_ALL;0;772325;18.428329467773;0;18.428329467773;0;1742822198;0.081256754748934;0;343996;0;0;99.918745743469;3692.0007564532;0;0;1742822180;0;0;
MathieuMint;_ALL;_ALL;0;772325;18.428329467773;0;18.428329467773;0;1742822198;0.081256754748934;0;343996;0;0;99.918745743469;3692.0007564532;0;0;1742822180;0;0;
MathieuMint;10983;_ALL;0;772325;18.428329467773;0;18.428329467773;0;1742822198;0.081256754748934;0;343996;0;0;99.918745743469;3692.0007564532;0;0;1742822180;0;0;
MathieuMint;10983;10983;8.8228187561035;772325;18.428329467773;0;18.428329467773;0;1742822198;0.081256754748934;0;343996;0;0;99.918745743469;3692.0007564532;8.8228187561035;0;1742822180;0;0;
