Node;Process;Thread;#max_time_on_cpu_s;#Stop Time US;Time (s);Math (%);#Elapsed Time;String (%);#Stop Time S;Others (%);System (%);#Start Time US;Memory (%);OMP (%);Binary (%);Nb Cycle Events;#max_context_switch_time_s;IO (%);#Start Time S;MPI (%);Pthread (%);
_ALL;_ALL;_ALL;0;596630;13.80867099762;0;13.80867099762;0;1742725259;0.036049027313921;0;787959;0;0;99.963952666554;2773.999950933;0;0;1742725245;0;0;
MathieuMint;_ALL;_ALL;0;596630;13.80867099762;0;13.80867099762;0;1742725259;0.036049027313921;0;787959;0;0;99.963952666554;2773.999950933;0;0;1742725245;0;0;
MathieuMint;5190;_ALL;0;596630;13.80867099762;0;13.80867099762;0;1742725259;0.036049027313921;0;787959;0;0;99.963952666554;2773.999950933;0;0;1742725245;0;0;
MathieuMint;5190;5190;9.1910419464111;596630;13.80867099762;0;13.80867099762;0;1742725259;0.036049027313921;0;787959;0;0;99.963952666554;2773.999950933;9.1910419464111;0;1742725245;0;0;
