Node;Process;Thread;#max_time_on_cpu_s;#Stop Time US;Time (s);Math (%);#Elapsed Time;String (%);#Stop Time S;Others (%);System (%);#Start Time US;Memory (%);OMP (%);Binary (%);Nb Cycle Events;#max_context_switch_time_s;IO (%);#Start Time S;MPI (%);Pthread (%);
_ALL;_ALL;_ALL;0;100942;13.808442115784;0;13.808442115784;0;1742726369;0.072124072195486;0;292500;0;0;99.927876677346;2772.9992762738;0;0;1742726355;0;0;
MathieuMint;_ALL;_ALL;0;100942;13.808442115784;0;13.808442115784;0;1742726369;0.072124072195486;0;292500;0;0;99.927876677346;2772.9992762738;0;0;1742726355;0;0;
MathieuMint;6522;_ALL;0;100942;13.808442115784;0;13.808442115784;0;1742726369;0.072124072195486;0;292500;0;0;99.927876677346;2772.9992762738;0;0;1742726355;0;0;
MathieuMint;6522;6522;13.797917366028;100942;13.808442115784;0;13.808442115784;0;1742726369;0.072124072195486;0;292500;0;0;99.927876677346;2772.9992762738;13.797917366028;0;1742726355;0;0;
