block_id;module;source_info;time_p;time_s;time_s_min;time_s_avg;time_s_max;cov_deviation;time_deviation;nb_threads;flops;
37;measure;kernel.c:52-53;97.042900085449;13.398820877075;13.398820877075;13.398820877075;13.398820877075;0;0;1;;
39;measure;kernel.c:52-53;2.812837600708;0.38837161660194;0.38837158679962;0.38837158679962;0.38837158679962;0;0;1;;
33;measure;kernel.c:51-51;0.072124041616917;0.0099582467228174;0.0099582467228174;0.0099582467228174;0.0099582467228174;0;0;1;;
