Node;Process;Thread;#max_time_on_cpu_s;#Stop Time US;Time (s);Math (%);#Elapsed Time;String (%);#Stop Time S;Others (%);System (%);#Start Time US;Memory (%);OMP (%);Binary (%);Nb Cycle Events;#max_context_switch_time_s;IO (%);#Start Time S;MPI (%);Pthread (%);
_ALL;_ALL;_ALL;0;843429;13.807593345642;0;13.807593345642;0;1742726352;0;0;35836;0;0;100;2769.9993702895;0;0;1742726339;0;0;
MathieuMint;_ALL;_ALL;0;843429;13.807593345642;0;13.807593345642;0;1742726352;0;0;35836;0;0;100;2769.9993702895;0;0;1742726339;0;0;
MathieuMint;6502;_ALL;0;843429;13.807593345642;0;13.807593345642;0;1742726352;0;0;35836;0;0;100;2769.9993702895;0;0;1742726339;0;0;
MathieuMint;6502;6502;7.7361121177673;843429;13.807593345642;0;13.807593345642;0;1742726352;0;0;35836;0;0;100;2769.9993702895;7.7361121177673;0;1742726339;0;0;
