block_id;module;source_info;time_p;time_s;time_s_min;time_s_avg;time_s_max;cov_deviation;time_deviation;nb_threads;flops;
37;measure;kernel.c:52-53;97.116081237793;13.418493270874;13.4184923172;13.4184923172;13.4184923172;0;0;1;;
39;measure;kernel.c:52-53;2.8118245601654;0.38850876688957;0.38850873708725;0.38850873708725;0.38850873708725;0;0;1;;
33;measure;kernel.c:51-51;0.036049030721188;0.0049808812327683;0.0049808812327683;0.0049808812327683;0.0049808812327683;0;0;1;;
36;measure;kernel.c:51-51;0.036049030721188;0.0049808812327683;0.0049808812327683;0.0049808812327683;0.0049808812327683;0;0;1;;
