Node;Process;Thread;#max_time_on_cpu_s;#Stop Time US;Time (s);Math (%);#Elapsed Time;String (%);#Stop Time S;Others (%);System (%);#Start Time US;Memory (%);OMP (%);Binary (%);Nb Cycle Events;#max_context_switch_time_s;IO (%);#Start Time S;MPI (%);Pthread (%);
_ALL;_ALL;_ALL;0;744307;13.807042121887;0;13.807042121887;0;1742727203;0.072124057575796;0;937265;0;0;99.92787781341;2772.9998383663;0;0;1742727189;0;0;
MathieuMint;_ALL;_ALL;0;744307;13.807042121887;0;13.807042121887;0;1742727203;0.072124057575796;0;937265;0;0;99.92787781341;2772.9998383663;0;0;1742727189;0;0;
MathieuMint;7558;_ALL;0;744307;13.807042121887;0;13.807042121887;0;1742727203;0.072124057575796;0;937265;0;0;99.92787781341;2772.9998383663;0;0;1742727189;0;0;
MathieuMint;7558;7558;13.797072410583;744307;13.807042121887;0;13.807042121887;0;1742727203;0.072124057575796;0;937265;0;0;99.92787781341;2772.9998383663;13.797072410583;0;1742727189;0;0;
