Node;Process;Thread;#max_time_on_cpu_s;#Stop Time US;Time (s);Math (%);#Elapsed Time;String (%);#Stop Time S;Others (%);System (%);#Start Time US;Memory (%);OMP (%);Binary (%);Nb Cycle Events;#max_context_switch_time_s;IO (%);#Start Time S;MPI (%);Pthread (%);
_ALL;_ALL;_ALL;0;453374;6.9558811187744;0;6.9558811187744;0;1742731391;0.14367817434323;0;497493;0;0;99.856322373837;1391.999869947;0;0;1742731384;0;0;
MathieuMint;_ALL;_ALL;0;453374;6.9558811187744;0;6.9558811187744;0;1742731391;0.14367817434323;0;497493;0;0;99.856322373837;1391.999869947;0;0;1742731384;0;0;
MathieuMint;13165;_ALL;0;453374;6.9558811187744;0;6.9558811187744;0;1742731391;0.14367817434323;0;497493;0;0;99.856322373837;1391.999869947;0;0;1742731384;0;0;
MathieuMint;13165;13165;5.4102921485901;453374;6.9558811187744;0;6.9558811187744;0;1742731391;0.14367817434323;0;497493;0;0;99.856322373837;1391.999869947;5.4102921485901;0;1742731384;0;0;
