Node;Process;Thread;#max_time_on_cpu_s;#Stop Time US;Time (s);Math (%);#Elapsed Time;String (%);#Stop Time S;Others (%);System (%);#Start Time US;Memory (%);OMP (%);Binary (%);Nb Cycle Events;#max_context_switch_time_s;IO (%);#Start Time S;MPI (%);Pthread (%);
_ALL;_ALL;_ALL;0;587555;13.811776161194;0;13.811776161194;0;1742726256;0.072098052129223;0.036049026064612;775779;0;0;99.891852001475;2774.0000470683;0;0;1742726242;0;0;
MathieuMint;_ALL;_ALL;0;587555;13.811776161194;0;13.811776161194;0;1742726256;0.072098052129223;0.036049026064612;775779;0;0;99.891852001475;2774.0000470683;0;0;1742726242;0;0;
MathieuMint;6426;_ALL;0;587555;13.811776161194;0;13.811776161194;0;1742726256;0.072098052129223;0.036049026064612;775779;0;0;99.891852001475;2774.0000470683;0;0;1742726242;0;0;
MathieuMint;6426;6426;13.800168991089;587555;13.811776161194;0;13.811776161194;0;1742726256;0.072098052129223;0.036049026064612;775779;0;0;99.891852001475;2774.0000470683;13.800168991089;0;1742726242;0;0;
