Node;Process;Thread;#max_time_on_cpu_s;#Stop Time US;Time (s);Math (%);#Elapsed Time;String (%);#Stop Time S;Others (%);System (%);#Start Time US;Memory (%);OMP (%);Binary (%);Nb Cycle Events;#max_context_switch_time_s;IO (%);#Start Time S;MPI (%);Pthread (%);
_ALL;_ALL;_ALL;0;980938;7.2049984931946;0;7.2059588432312;0;1742731241;0.13879251277506;0;774979;0;0;99.861209917817;1440.9999214016;0;0;1742731234;0;0;
MathieuMint;_ALL;_ALL;0;980938;7.2049984931946;0;7.2059588432312;0;1742731241;0.13879251277506;0;774979;0;0;99.861209917817;1440.9999214016;0;0;1742731234;0;0;
MathieuMint;12640;_ALL;0;980938;7.2049984931946;0;7.2059588432312;0;1742731241;0.13879251277506;0;774979;0;0;99.861209917817;1440.9999214016;0;0;1742731234;0;0;
MathieuMint;12640;12640;1.5293020009995;980938;7.2049984931946;0;7.2059588432312;0;1742731241;0.13879251277506;0;774979;0;0;99.861209917817;1440.9999214016;1.5293020009995;0;1742731234;0;0;
