block_id;module;source_info;time_p;time_s;time_s_min;time_s_avg;time_s_max;cov_deviation;time_deviation;nb_threads;flops;
37;measure;kernel.c:52-53;96.757934570313;13.362704277039;13.362703323364;13.362703323364;13.362703323364;0;0;1;;
39;measure;kernel.c:52-53;3.0619602203369;0.42287042737007;0.42287039756775;0.42287039756775;0.42287039756775;0;0;1;;
70;measure;driver.c:18-18;0.036023057997227;0.004974945448339;0.0049749459140003;0.0049749459140003;0.0049749459140003;0;0;1;;
33;measure;kernel.c:51-51;0.036023057997227;0.004974945448339;0.0049749459140003;0.0049749459140003;0.0049749459140003;0;0;1;;
