block_id;module;source_info;time_p;time_s;time_s_min;time_s_avg;time_s_max;cov_deviation;time_deviation;nb_threads;flops;
37;measure;kernel.c:52-53;97.331405639648;13.439256668091;13.439256668091;13.439256668091;13.439256668091;0;0;1;;
39;measure;kernel.c:52-53;2.4882791042328;0.34357485175133;0.34357482194901;0.34357482194901;0.34357482194901;0;0;1;;
33;measure;kernel.c:51-51;0.14424806833267;0.019917381927371;0.019917383790016;0.019917383790016;0.019917383790016;0;0;1;;
