loop_id;module;function_name;function_id;source_info;level;inc_time_p;inc_time_s;inc_time_s_min;inc_time_s_avg;inc_time_s_max;inc_cov_deviation;inc_time_deviation;exc_time_p;exc_time_s;exc_time_s_min;exc_time_s_avg;exc_time_s_max;exc_cov_deviation;exc_time_deviation;nb_threads;flops;
2;measure;kernel;6;kernel.c:52-53;Innermost;97.331405639648;13.439256668091;13.439256668091;13.439256668091;13.439256668091;0;0;97.331405639648;13.439256668091;13.439256668091;13.439256668091;13.439256668091;0;0;1;;
1;measure;kernel;6;kernel.c:52-53;Innermost;2.4882791042328;0.34357485175133;0.34357482194901;0.34357482194901;0.34357482194901;0;0;2.4882791042328;0.34357485175133;0.34357482194901;0.34357482194901;0.34357482194901;0;0;1;;
0;measure;kernel;6;kernel.c:51-52;Outermost;99.963943481445;13.802750587463;13.802749633789;13.802749633789;13.802749633789;0;0;0.14424806833267;0.019917381927371;0.019917383790016;0.019917383790016;0.019917383790016;0;0;1;;
