Node;Process;Thread;#max_time_on_cpu_s;#Stop Time US;Time (s);Math (%);#Elapsed Time;String (%);#Stop Time S;Others (%);System (%);#Start Time US;Memory (%);OMP (%);Binary (%);Nb Cycle Events;#max_context_switch_time_s;IO (%);#Start Time S;MPI (%);Pthread (%);
_ALL;_ALL;_ALL;0;281781;13.811537742615;0;13.811537742615;0;1742725178;0;0.036036026742797;470243;0;0;99.963961083863;2775.0007156377;0;0;1742725164;0;0;
MathieuMint;_ALL;_ALL;0;281781;13.811537742615;0;13.811537742615;0;1742725178;0;0.036036026742797;470243;0;0;99.963961083863;2775.0007156377;0;0;1742725164;0;0;
MathieuMint;5084;_ALL;0;281781;13.811537742615;0;13.811537742615;0;1742725178;0;0.036036026742797;470243;0;0;99.963961083863;2775.0007156377;0;0;1742725164;0;0;
MathieuMint;5084;5084;11.160241127014;281781;13.811537742615;0;13.811537742615;0;1742725178;0;0.036036026742797;470243;0;0;99.963961083863;2775.0007156377;11.160241127014;0;1742725164;0;0;
