Node;Process;Thread;#max_time_on_cpu_s;#Stop Time US;Time (s);Math (%);#Elapsed Time;String (%);#Stop Time S;Others (%);System (%);#Start Time US;Memory (%);OMP (%);Binary (%);Nb Cycle Events;#max_context_switch_time_s;IO (%);#Start Time S;MPI (%);Pthread (%);
_ALL;_ALL;_ALL;0;369157;13.404996871948;0;13.417681694031;0;1742768061;0.29839619422629;0;951475;0;0;99.70161108026;2680.9993407399;0;0;1742768047;0;0;
linuxbox;_ALL;_ALL;0;369157;13.404996871948;0;13.417681694031;0;1742768061;0.29839619422629;0;951475;0;0;99.70161108026;2680.9993407399;0;0;1742768047;0;0;
linuxbox;493261;_ALL;0;369157;13.404996871948;0;13.417681694031;0;1742768061;0.29839619422629;0;951475;0;0;99.70161108026;2680.9993407399;0;0;1742768047;0;0;
linuxbox;493261;493261;7.8329019546509;369157;13.404996871948;0;13.417681694031;0;1742768061;0.29839619422629;0;951475;0;0;99.70161108026;2680.9993407399;7.8329019546509;0;1742768047;0;0;
