block_id;module;source_info;time_p;time_s;time_s_min;time_s_avg;time_s_max;cov_deviation;time_deviation;nb_threads;flops;
37;measure;kernel.c:52-53;97.301116943359;6.8400845527649;6.8400845527649;6.8400845527649;6.8400845527649;0;0;1;;
39;measure;kernel.c:52-53;2.4857935905457;0.17474658787251;0.17474657297134;0.17474657297134;0.17474657297134;0;0;1;;
33;measure;kernel.c:51-51;0.14204536378384;0.009985520504415;0.009985520504415;0.009985520504415;0.009985520504415;0;0;1;;
