loop_id;module;function_name;function_id;source_info;level;inc_time_p;inc_time_s;inc_time_s_min;inc_time_s_avg;inc_time_s_max;inc_cov_deviation;inc_time_deviation;exc_time_p;exc_time_s;exc_time_s_min;exc_time_s_avg;exc_time_s_max;exc_cov_deviation;exc_time_deviation;nb_threads;flops;
2;measure;kernel;6;kernel.c:52-53;Innermost;97.222206115723;13.429812431335;13.429812431335;13.429812431335;13.429812431335;0;0;97.222206115723;13.429812431335;13.429812431335;13.429812431335;13.429812431335;0;0;1;;
1;measure;kernel;6;kernel.c:52-53;Innermost;2.6695520877838;0.36875921487808;0.36875918507576;0.36875918507576;0.36875918507576;0;0;2.6695520877838;0.36875921487808;0.36875918507576;0.36875918507576;0.36875918507576;0;0;1;;
0;measure;kernel;6;kernel.c:51-52;Outermost;99.999984741211;13.813520431519;13.813521385193;13.813521385193;13.813521385193;0;0;0.10822506994009;0.014949696138501;0.014949696138501;0.014949696138501;0.014949696138501;0;0;1;;
