loop_id;module;function_name;function_id;source_info;level;inc_time_p;inc_time_s;inc_time_s_min;inc_time_s_avg;inc_time_s_max;inc_cov_deviation;inc_time_deviation;exc_time_p;exc_time_s;exc_time_s_min;exc_time_s_avg;exc_time_s_max;exc_cov_deviation;exc_time_deviation;nb_threads;flops;
2;measure;kernel;6;kernel.c:52-53;Innermost;96.571632385254;13.331143379211;13.331143379211;13.331143379211;13.331143379211;0;0;96.571632385254;13.331143379211;13.331143379211;13.331143379211;13.331143379211;0;0;1;;
1;measure;kernel;6;kernel.c:52-53;Innermost;3.284012556076;0.45333856344223;0.45333853363991;0.45333853363991;0.45333853363991;0;0;3.284012556076;0.45333856344223;0.45333853363991;0.45333853363991;0.45333853363991;0;0;1;;
0;measure;kernel;6;kernel.c:51-52;Outermost;99.92781829834;13.794445991516;13.794445991516;13.794445991516;13.794445991516;0;0;0.072176098823547;0.0099634844809771;0.0099634844809771;0.0099634844809771;0.0099634844809771;0;0;1;;
5;measure;main;8;driver.c:76-77;Innermost;0.036088049411774;0.0049817422404885;0.0049817422404885;0.0049817422404885;0.0049817422404885;0;0;0.036088049411774;0.0049817422404885;0.0049817422404885;0.0049817422404885;0.0049817422404885;0;0;1;;
