block_id;module;source_info;time_p;time_s;time_s_min;time_s_avg;time_s_max;cov_deviation;time_deviation;nb_threads;flops;
37;measure;kernel.c:52-53;96.571632385254;13.331143379211;13.331143379211;13.331143379211;13.331143379211;0;0;1;;
39;measure;kernel.c:52-53;3.284012556076;0.45333856344223;0.45333853363991;0.45333853363991;0.45333853363991;0;0;1;;
33;measure;kernel.c:51-51;0.072176098823547;0.0099634844809771;0.0099634844809771;0.0099634844809771;0.0099634844809771;0;0;1;;
106;measure;driver.c:77-77;0.036088049411774;0.0049817422404885;0.0049817422404885;0.0049817422404885;0.0049817422404885;0;0;1;;
